word,pos,definition,example,ipa,cefr,synonyms,antonyms,amharic,categories
accept,verb,To consent to receive or undertake something offered.,She was delighted to accept the invitation to the graduation banquet.,/ækˈsɛpt/,A2,agree to | embrace | approve | adopt,reject | refuse,መቀበል | መስማማት (የቀረበለትን ነገር በፈቃደኝነት መቀበል),actions | daily life
act,verb,"To take part in a play, movie, or television production; perform a role.",She loves to act in school theatrical plays and musicals.,/ˈækt/,A2,perform | play a role | thespianize,refrain,መተወን | እርምጃ መውሰድ (በተውኔት ወይም በፊልም መተወን፤ ወይም በተግባር ማሳየት),arts | culture
add up,verb,To calculate the total of several numbers; make sense.,Add up the receipt figures to verify your monthly grocery expenditure.,/ˈæd ˈəp/,A2,total | tally | compute,take away | subtract,መደመር | ትርጉም መስጠት (ቁጥሮችን በአንድ ላይ መደመር፤ ወይም ምክንያታዊ ሆኖ መገኘት),actions | daily life
affect,verb,To have an effect on; make a difference to.,Seasonal climate shifts affect agricultural crop production directly.,/əˈfɛkt/,A2,influence | impact | alter | touch,,ተጽዕኖ ማሳደር | መንካት (በአንድ ነገር ወይም ሰው ላይ ለውጥ ወይም ጉዳት ማምጣት),actions | daily life
agree,verb,To have the same opinion about something; concur.,We all agree that regular daily study yields the best results.,/əˈɡɹi/,A2,concur | consent | assent | accord,disagree,መስማማት (በአንድ ሀሳብ ወይም ውሳኔ ላይ ተመሳሳይ አቋም መያዝ),actions | daily life
allow,verb,To give the necessary permission for someone to do something.,Library rules do not allow loud cell phone conversations in the reading room.,/əˈɫaʊ/,A2,permit | authorize | sanction | let,prevent | forbid | disallow,መፍቀድ (አንድ ነገር እንዲከናወን ፈቃድ መስጠት),actions | daily life
analyze,verb,To examine methodically and in detail the constitution or structure of something.,Researchers analyze clinical trial data to verify treatment safety.,/ˈænəˌɫaɪz/,A2,examine | inspect | evaluate | scrutinize,synthesize,መተንተን | መመርመር (መረጃን ወይም ሁኔታን በዝርዝር መመርመር),education | academic
annoy,verb,To irritate or make someone slightly angry.,Loud telephone ringtones during lectures annoy instructors and students.,/əˈnɔɪ/,A2,irritate | bother | vex | pester,,ማበሳጨት | ማናደድ (አንድን ሰው በትንሽ ነገር ማስቆጣት ወይም ሰላም መንሳት),actions | daily life
appear,verb,To give the impression of being; seem.,The problem appeared much simpler than it actually was.,/əˈpɪɹ/,A2,seem | look | manifest,disappear,ብቅ ማለት | መምሰል (ድንገት መታየት፤ ወይም የሆነ ነገር መስሎ መታየት),technology | digital
apply,verb,To make a formal application or request; put to practical use.,She decided to apply for an academic scholarship at the university.,/əˈpɫaɪ/,A2,request | register for | utilize | implement,defy | exempt,ማመልከት | መተግበር (ለስራ ወይም ለትምህርት ማመልከት፤ ወይም ህግን ስራ ላይ ማዋል),technology | digital
argue,verb,"To give reasons or cite evidence in support of an idea, or have a heated dispute.",It is unhelpful to argue loudly over trivial misunderstandings.,/ˈɑɹɡju/,A2,dispute | quarrel | bicker | debate,,መከራከር | መሟገት (በሀሳብ ባለመስማማት በቃላት መከራከር),food | dining
arrange,verb,"To put things in a neat, attractive, or required order; organize.",The florist helped arrange fresh roses and lilies into a bouquet.,/ɝˈeɪndʒ/,A2,organize | order | position | coordinate,disarrange,ማስተካከል | ማቀናጀት (ነገሮችን በስርዓት ማስቀመጥ ወይም ፕሮግራም ማዘጋጀት),food | dining
arrive,verb,To reach a destination at the end of a journey.,The evening train is scheduled to arrive at eight o'clock.,/ɝˈaɪv/,A2,reach | get in | touch down | turn up,leave,መድረስ (ከተጓዙ በኋላ ወደ ታሰበው ቦታ መድረስ),travel | transport
attack,verb,To take aggressive military or violent action against someone or something.,Predators attack weaker animals to survive in the wilderness.,/əˈtæk/,A2,assault | strike | charge | invade,defend,ማጥቃት | መወረር (በኃይል ሰውን ወይም ቦታን ማጥቃት),actions | daily life
attend,verb,"To be present at an event, meeting, lecture, or function.",All students must attend the morning orientation class.,/əˈtɛnd/,A2,be present at | participate in | go to,miss,መገኘት | መከታተል (በስብሰባ፣ በክፍል ወይም በዝግጅት ላይ በአካል መገኘት),education | academic
avoid,verb,To keep away from or stop oneself from doing something.,Drivers should avoid congested avenues during peak traffic hours.,/əˈvɔɪd/,A2,evade | shun | steer clear of | bypass,confront | validate,መራቅ | መከላከል (አደጋን ወይም ችግርን ላለመጋፈጥ ራስን ማራቅ),actions | daily life
beat,verb,"To defeat someone in a game, competition, or election.",The soccer team played vigorously to beat their rival club.,/ˈbit/,A2,defeat | conquer | vanquish | outplay,,ማሸነፍ | መምታት (በውድድር ማሸነፍ፤ ወይም እቃን/ሰውን መምታት),food | dining
begin,verb,To perform or undergo the first part of an action or process; start.,We begin our morning language classes promptly at eight o'clock.,/bɪˈɡɪn/,A2,start | commence | initiate | embark on,end,መጀመር (አንድን ስራ ወይም እንቅስቃሴ ማስጀመር),arts | culture
behave,verb,"To act or conduct oneself in a specified way, especially with good manners.",Children are expected to behave politely and respectfully in school.,/bɪˈheɪv/,A2,conduct oneself | act | comport oneself,misbehave,መልካም ጠባይ ማሳየት (ስነ-ስርዓትን ጠብቆ ተገቢ ባህሪ ማሳየት),actions | daily life
believe,verb,"To accept that something is true, especially without proof.",We believe that dedicated effort consistently yields positive results.,/bɪˈɫiv/,A2,trust | hold | credit | reckon,disbelieve,ማመን (አንድ ነገር እውነት መሆኑን በልብ መቀበል),home | living
blow,verb,"Of wind, to move creating an air current; expel air.",Brisk coastal winds blow steadily across the sandy beaches.,/ˈbɫoʊ/,A2,gust | breeze | whistle | drift,conserve,መንፋት (ንፋስ መፍሰስ፤ ወይም አየርን በአፍ መንፋት),food | dining
boil,verb,To reach or cause to reach the temperature at which it bubbles and turns to vapor.,Boil filtered water in the kettle before brewing herbal tea.,/ˈbɔɪɫ/,A2,simmer | bubble | seethe | heat,freeze,ማፍላት (ውሃን ወይም ፈሳሽን በከፍተኛ ሙቀት ማፍላት),actions | daily life
borrow,verb,To take and use something belonging to someone else with the intention of returning it.,May I borrow your pen to fill out this medical registration form?,/ˈbɑˌɹoʊ/,A2,take on loan | rent,lend,መበደር (ገንዘብን ወይም እቃን ለጊዜው ወስዶ መልሶ ለመስጠት መዋስ),actions | daily life
break,verb,"To separate into pieces as a result of a blow, shock, or strain; fracture a bone.",Falling awkwardly on the ice can break a forearm bone.,/ˈbɹeɪk/,A2,fracture | crack | shatter,repair | keep | conform to,መስበር (እቃን በኃይል መክፈል ወይም ማበላሸት),travel | transport
break up,verb,To end a romantic relationship or partnership.,They decided to break up amicably after realizing their goals differed.,/ˈbɹeɪk ˈəp/,A2,separate | split up | part ways,repair | keep | conform to,መለያየት (የፍቅር ግንኙነትን ማቆም፤ ወይም መፈራረስ),travel | transport
burn,verb,To be destroyed or damaged by fire or heat; consume fuel.,Dry firewood will burn brightly and warm the living room.,/ˈbɝn/,A2,blaze | flame | ignite | scorch,,ማቃጠል | መቃጠል (በእሳት መያያዝ ወይም ማጥፋት),food | dining
calculate,verb,To determine mathematically; compute a numerical value.,Use this scientific formula to calculate the exact area of the circle.,/ˈkæɫkjəˌɫeɪt/,A2,compute | reckon | work out | determine,,ማስላት (በሂሳብ ቁጥሮችን ደምሮ ወይም ቀምሮ ማወቅ),actions | daily life
calm down,verb,"To become or cause someone to become less agitated, angry, or excited.",Take three deep breaths to calm down before giving your speech.,/ˈkɑɫm ˈdaʊn/,A2,soothe | settle | relax | pacify,agitate | stimulate,መረጋጋት (ከንዴት ወይም ከጭንቀት መረጋጋት),actions | daily life
can,verb,"To be able to; have the opportunity, capacity, or permission to do something.","She can speak English, Amharic, and Spanish with remarkable fluency.",/ˈkæn/,A2,be able to | be capable of,hire,መቻል (የአካል ወይም የአእምሮ ችሎታ መኖር),actions | daily life
cancel,verb,To decide or announce that an arranged or planned event will not take place.,The airline had to cancel all flights due to the severe blizzard.,/ˈkænsəɫ/,A2,call off | annul | scrap | revoke,,መሰረዝ (የታቀደን ፕሮግራም ወይም ስምምነት እንዳይካሄድ ማድረግ),communication
care,verb,To feel concern or interest; attach importance to someone or something.,Loving parents care deeply about their children's happiness and safety.,/ˈkɛɹ/,A2,look after | tend | watch over | attend,,መንከባከብ | መጨነቅ (ለአንድ ሰው ወይም ጉዳይ ትኩረትና ፍቅር መስጠት),emotions | psychology
carry,verb,To support and move someone or something from one place to another.,He helped his elderly neighbor carry her heavy grocery bags.,/ˈkæɹi/,A2,transport | bear | haul | convey,,መሸከም | ይዞ መሄድ (ዕቃን በእጅ ወይም በትከሻ አንስቶ መጓዝ),travel | transport
carry out,verb,"To perform or complete a task, project, or plan.",Researchers carry out clinical experiments in modern laboratories.,/ˈkæɹi ˈaʊt/,A2,execute | implement | perform | conduct,,መፈጸም | መተግበር (የታዘዙትን ወይም የታቀደን ስራ በተግባር ማከናወን),travel | transport
catch,verb,"To intercept and hold a moving object, especially in one's hands.",The baseball outfielder made a diving leap to catch the fly ball.,/ˈkætʃ/,A2,grab | seize | snatch | intercept,unhitch,መያዝ (የሚወረወርን እቃ በአየር ላይ መያዝ፤ ወይም አውቶቡስ መድረስ),actions | daily life
cause,verb,"To make something, especially something bad, happen.",Careless driving on icy roads can cause severe vehicle accidents.,/ˈkɑz/,A2,provoke | produce | generate | trigger,,መንስኤ መሆን (አንድ ክስተት ወይም ችግር እንዲፈጠር ምክንያት መሆን),technology | digital
celebrate,verb,To acknowledge a significant happy day or event with a social gathering or enjoyable activity.,The family gathered on Sunday to celebrate their grandmother's birthday.,/ˈsɛɫəˌbɹeɪt/,A2,commemorate | observe | mark | honor,,ማክበር (በዓልን ወይም ስኬትን በደስታ ማክበር),education | academic
change,verb,To take off one set of clothes and put on another.,She hurried upstairs to change into comfortable running clothes.,/ˈtʃeɪndʒ/,A2,freshen up | switch clothes,stay,መቀየር | መለወጥ (ከነበረበት ሁኔታ ወደ ሌላ መለወጥ),fashion | clothing
check in,verb,To arrive and register at a hotel or airport.,Passengers must check in at least two hours before an international flight.,/ˈtʃɛk ˈɪn/,A2,register | report | sign in,disagree,መመዝገብ (በአውሮፕላን ማረፊያ ወይም በሆቴል መድረስን ማሳወቅ),travel | transport
check out,verb,To settle one's hotel bill and vacate the room at the end of a stay.,Guests are politely requested to check out by eleven in the morning.,/ˈtʃɛk ˈaʊt/,A2,vacate | settle up | depart,disagree,ሂሳብ ከፍሎ መውጣት (ከሆቴል ሲወጡ ክፍያ ፈጽሞ ቁልፍ ማስረከብ),home | living
click,verb,"To press and release a mouse button, typically to select an item on a screen.",Click on the hyperlink to open the vocabulary worksheet.,/ˈkɫɪk/,A2,press | tap | select,,ጠቅ ማድረግ (የኮምፒውተር መዳፊትን በመጫን መምረጥ),technology | digital
climb,verb,"To go or come up a slope, incline, mountain, or vertical structure.",They plan to climb the highest summit in the national park.,/ˈkɫaɪm/,A2,scale | ascend | mount | conquer,wane,መውጣት (ዛፍ ወይም ተራራ ላይ በእጅና በእግር መውጣት),actions | daily life
collect,verb,To bring or gather together a number of things or people.,Volunteers collect warm clothing donations for needy families.,/kəˈɫɛkt/,A2,gather | assemble | accumulate | amass,spread,መሰብሰብ (እቃዎችን፣ ሳንቲሞችን ወይም መረጃዎችን በአንድ ላይ ማከማቸት),people | society
come in,verb,To enter a room or building.,Please knock on the door and wait until the doctor says come in.,/ˈkəm ˈɪn/,A2,enter | step inside,go | leave,ወደ ውስጥ መግባት (ወደ ቤት ወይም ክፍል መግባት),home | living
communicate,verb,"To share or exchange information, news, or ideas.",Modern technology allows people to communicate instantly across continents.,/kəmˈjunəˌkeɪt/,A2,interact | converse | correspond | convey,excommunicate,መግባባት | መነጋገር (መረጃን ወይም ሀሳብን ለሌሎች ማጋራት),communication
compare,verb,"To estimate, measure, or note the similarity or dissimilarity between.",Compare the two essays to identify different perspectives on climate change.,/kəmˈpɛɹ/,A2,contrast | match | correlate | juxtapose,,ማወዳደር (በሁለት ነገሮች መሀል ያለውን ልዩነትና ተመሳሳይነት ማየት),actions | daily life
compete,verb,To strive to gain or win something by defeating or establishing superiority over others.,Swimmers from thirty nations gathered to compete in the championship.,/kəmˈpit/,A2,contest | vie | contend | participate,,መወዳደር (በስፖርት ወይም በንግድ ለማሸነፍ መፎካከር),food | dining
complain,verb,To express dissatisfaction or annoyance about something.,Customers will complain if the service is discourteous or slow.,/kəmˈpɫeɪn/,A2,protest | grumble | whine | object,cheer,ማማረር | ቅሬታ ማቅረብ (ስለተፈጠረ ችግር ወይም ጥፋት ቅሬታ መናገር),communication
connect,verb,To join together so as to provide access or communication.,An underground cable connects the computer to the campus network.,/kəˈnɛkt/,A2,link | join | attach | couple,disconnect | dissociate | unplug,ማገናኘት (ሁለት ነገሮችን ማያያዝ፤ ወይም በኢንተርኔት መገናኘት),actions | daily life
consider,verb,"To think carefully about something, typically before making a decision.",Take time to consider all available options before choosing a career.,/kənˈsɪdɝ/,A2,contemplate | ponder | reflect on | deliberate,,ማገናዘብ | ማሰብ (ውሳኔ ከመስጠት በፊት ነገሩን በጥሞና ማሰብ),travel | transport
continue,verb,To persist in an activity or process; carry on without stopping.,The choir will continue singing until the concluding ceremony ends.,/kənˈtɪnju/,A2,persist | carry on | proceed | resume,discontinue,መቀጠል (ስራን ሳያቋርጡ ወደ ፊት መግፋት),travel | transport
control,verb,To determine the behavior or supervise the running of; manage.,The pilot worked skillfully to control the aircraft during the storm.,/kənˈtɹoʊɫ/,A2,manage | govern | direct | regulate,derestrict,መቆጣጠር (አንድን ማሽን፣ ሁኔታ ወይም ሰው በበላይነት መምራት),emotions | psychology
copy,verb,To make a similar or identical version of something.,Copy the vocabulary words and their definitions into your notebook.,/ˈkɑpi/,A2,duplicate | reproduce | replicate | clone,,መቅዳት (ከዋናው ጽሁፍ ወይም ሰነድ ጋር ተመሳሳይ ቅጂ ማዘጋጀት),actions | daily life
could,verb,"Used to indicate possibility, permission, or past ability.",He could swim across the river easily even as a young boy.,/ˈkʊd/,A2,was able to | might,,ይችል ነበር (የቀደመ ችሎታን ወይም በትህትና ጥያቄ ማቅረቢያ),actions | daily life
count,verb,To determine the total number of items or people in a collection.,Count the books on the shelf before recording the inventory number.,/ˈkaʊnt/,A2,tally | enumerate | reckon | number,,መቁጠር (ቁጥሮችን በቅደም ተከተል መዘርዘር፤ ወይም የነገሮችን ብዛት ማወቅ),people | society
cover,verb,"To put something over or upon in order to protect, conceal, or decorate.",Cover the dining table with a clean cloth before setting plates.,/ˈkəvɝ/,A2,shield | blanket | overlay | shroud,uncover,መሸፈን (አንድን ነገር በጨርቅ፣ በክዳን ወይም በሽፋን መጋረድ),actions | daily life
cry,verb,"To shed tears, typically as an expression of distress, pain, or sorrow.",The little girl began to cry when she scraped her knee.,/ˈkɹaɪ/,A2,weep | sob | wail | shed tears,laugh,ማልቀስ (ከሀዘን ወይም ከህመም የተነሳ እንባ ማፍሰስ),health | medicine
dance,verb,"To move rhythmically to music, typically following a set sequence of steps.",Couples stepped onto the wooden floor to dance a gentle waltz.,/ˈdæns/,A2,sway | step | groove | leap,,መደነስ (በሙዚቃ ዜማ መሰረት ሰውነትን በማወዛወዝ መደሰት),travel | transport
deal with,verb,To take action in order to achieve something or in order to solve a problem.,Customer support representatives deal with client inquiries politely.,/ˈdiɫ ˈwɪð/,A2,handle | manage | tackle | cope with,,መፍታት | ማስተናገድ (አስቸጋሪ ሁኔታን ወይም ስራን መወጣት),actions | daily life
decide,verb,To come or bring to a resolution in the mind as a result of consideration.,They need to decide whether to travel by train or by automobile.,/ˌdɪˈsaɪd/,A2,determine | settle | resolve | choose,,መወሰን (ካሉ አማራጮች መካከል አንዱን መርጦ መቁረጥ),emotions | psychology
decrease,verb,"To make or become smaller or fewer in size, amount, intensity, or degree.",Cutting down on salt helps decrease high blood pressure.,/ˈdiˌkɹis/,A2,reduce | lessen | diminish | lower,increase,መቀነስ (መጠኑ፣ ቁጥሩ ወይም ዋጋው እንዲያንስ ማድረግ),education | academic
depend,verb,To be determined or conditioned by; rely on.,Crop yields depend heavily on regular seasonal rainfall.,/dɪˈpɛnd/,A2,hinge on | rely on | be contingent on,,መወሰን | ጥገኛ መሆን (በሌላ ነገር ወይም ሰው ላይ መደገፍ),actions | daily life
describe,verb,To give a detailed account in words of someone or something.,Can you describe the person you saw at the entrance?,/dɪsˈkɹaɪb/,A2,depict | portray | characterize | detail,,መግለጽ (የአንድን ነገር ባህሪ ወይም መልክ በቃላት ማስረዳት),actions | daily life
destroy,verb,To damage something so severely that it no longer exists or cannot be repaired.,The violent hurricane threatened to destroy coastal wooden docks.,/dɪˈstɹɔɪ/,A2,ruin | demolish | devastate | dismantle,,ማውደም | ማጥፋት (ሙሉ በሙሉ ሰባብሮ ማበላሸት),fashion | clothing
develop,verb,"To grow or cause to grow and become more mature, advanced, or elaborate.",Regular reading will help children develop rich language vocabularies.,/dɪˈvɛɫəp/,A2,evolve | advance | expand | cultivate,,ማሳደግ | ማልማት (አንድን ችሎታ፣ ድርጅት ወይም ሀሳብ ማሳደግ),actions | daily life
die,verb,To stop living; cease to exist as a living organism.,"Without water and sunlight, garden plants will wither and die.",/ˈdaɪ/,A2,perish | expire | pass away | succumb,be born,መሞት (የህይወት ማብቃት),actions | daily life
disagree,verb,To have or express a different opinion; fail to agree.,Scholars may respectfully disagree on the interpretation of historical events.,/dɪsəˈɡɹi/,A2,dissent | differ | dispute | clash,agree,አለመስማማት (ከተነገረው ሀሳብ ጋር ተቃራኒ አመለካከት መያዝ),communication
disappear,verb,To cease to be visible; vanish from sight.,The full moon will disappear behind dark storm clouds.,/ˌdɪsəˈpiɹ/,A2,vanish | fade | evaporate,appear,መሰወር | መጥፋት (ከእይታ ውጪ ሆኖ አለመታየት),technology | digital
discover,verb,To find unexpectedly or in the course of a search; gain first knowledge of.,Astronomers used powerful space telescopes to discover a distant exoplanet.,/dɪˈskəvɝ/,A2,find | unearth | uncover | detect,,ማግኘት | መገንዘብ (ከዚህ በፊት ያልታወቀ አዲስ እውነት ወይም ቦታ ማግኘት),education | academic
discuss,verb,To talk about something with another person or in a group.,Let us sit down and discuss our travel plans for the weekend.,/dɪˈskəs/,A2,debate | converse | confer | deliberate,,መወያየት (ስለ አንድ ርዕስ በጋራ መነጋገር),communication
dive,verb,To plunge head first into water with one's arms outstretched.,She climbed to the high board and prepared to dive gracefully.,/ˈdaɪv/,A2,plunge | leap | submerge | swoop,,መጥለቅ (ወደ ውሃ ውስጥ ራስን መወርወርና መጥለቅ),actions | daily life
divide,verb,To separate a number into equal parts by another number in arithmetic.,Divide thirty by five to arrive at the quotient of six.,/dɪˈvaɪd/,A2,partition | split | fractionate,unite | multiply,መክፈል (አንድን ነገር ለሁለት ወይም ለብዙ ቦታ መካፈል),arts | culture
download,verb,"To copy data from one computer system to another, typically over the internet.",You can download the PDF grammar guide directly to your tablet.,/ˈdaʊnˌɫoʊd/,A2,fetch | retrieve | transfer | install,upload,ማውረድ (መረጃን ወይም ቪዲዮን ከኢንተርኔት ወደ ኮምፒውተር መጫን),technology | digital
draw,verb,To produce a picture or diagram by making lines and marks on paper with a pen or pencil.,The children love to draw animals and houses with colored crayons.,/ˈdɹɔ/,A2,sketch | depict | trace | illustrate,push | deposit | repel,መሳል (በእርሳስ ወይም በወረቀት ላይ ምስል መሳል),actions | daily life
dream,verb,To experience dreams during sleep; daydream or cherish an ambition.,She dreams of becoming an environmental scientist to protect wilderness.,/ˈdɹim/,A2,fantasize | envision | aspire,,ማለም (በእንቅልፍ ጊዜ ህልም ማየት፤ ወይም ትልቅ ምኞት መያዝ),time | calendar
drop,verb,To let or make something fall vertically; discard.,Be careful not to drop the delicate ceramic teacup onto the floor.,/ˈdɹɑp/,A2,release | let fall | shed,sharpen | attend to | recuperate,መጣል | ማውረድ (እቃ ከእጅ ማምለጥ፤ ወይም የዋጋ መቀነስ),travel | transport
earn,verb,To obtain money in return for labor or services rendered.,Diligent technicians earn a reliable living in the manufacturing industry.,/ˈɝn/,A2,make | gain | bring in | receive,,ማግኘት | ማትረፍ (ለተሰራ ስራ ደመወዝ ወይም ገንዘብ ማግኘት),business | finance
employ,verb,To give work to someone and pay them for it.,The agricultural co-op plans to employ twenty additional seasonal workers.,/ɛmˈpɫɔɪ/,A2,hire | recruit | retain | engage,fire,መቅጠር (ሰራተኛን በደመወዝ ስራ ላይ ማሰማራት),actions | daily life
end,verb,To come or bring to a final point or finish; cease.,The symphonic concert will end with a lively percussion finale.,/ˈɛnd/,A2,finish | conclude | terminate | cease,begin,ማብቃት | መጨረስ (የአንድ ነገር መደምደሚያ ላይ መድረስ),actions | daily life
enjoy,verb,To take delight or pleasure in an activity or occasion.,We always enjoy walking along the riverbank in the evening.,/ˌɛnˈdʒɔɪ/,A2,relish | appreciate | savor | like,suffer,መደሰት (በአንድ ነገር እርካታንና ደስታን ማግኘት),actions | daily life
enter,verb,"To come or go into a place, building, or room.",Knock gently before you enter the doctor's private office.,/ˈɛnɝ/,A2,go in | step inside | access | penetrate,exit | drop out,መግባት (ወደ አንድ ክፍል ወይም ድረ-ገጽ ውስጥ መግባት),home | living
equal,verb,"To be the same in number, size, amount, degree, or value as something else.",Two added to three will always equal exactly five.,/ˈikwəɫ/,A2,match | equate to | amount to | parallel,differ,እኩል መሆን (በመጠን፣ በቁጥር ወይም በዋጋ እኩል መሆን),education | academic
examine,verb,To inspect someone or something thoroughly in order to determine their nature or condition.,The doctor used a stethoscope to examine the patient's chest.,/ɪɡˈzæmɪn/,A2,inspect | check | investigate | scrutinize,,መመርመር (አንድን ሰነድ ወይም በሽተኛን በጥንቃቄ መመርመር),education | academic
exist,verb,To have objective reality or being; live.,Rare animal species exist within the remote national park sanctuary.,/ɪɡˈzɪst/,A2,live | be | survive | endure,,መኖር | በህይወት መገኘት (በእውን አለመጥፋት),actions | daily life
expect,verb,To regard something as likely to happen; anticipate.,Weather forecasters expect sunny and mild temperatures tomorrow.,/ɪkˈspɛkt/,A2,anticipate | await | foresee | predict,,መጠበቅ (አንድ ነገር ይሆናል ብሎ ተስፋ ማድረግ),technology | digital
express,verb,To convey a thought or feeling in words or by gestures and behavior.,Art allows individuals to express complex emotions creatively.,/ɪksˈpɹɛs/,A2,convey | articulate | voice | communicate,,መግለጽ (ስሜትን ወይም ሀሳብን በንግግር ወይም በጽሁፍ ማሳወቅ),emotions | psychology
fail,verb,To be unsuccessful in achieving one's goal or in passing an examination.,Students who skip classes risk that they may fail the course.,/ˈfeɪɫ/,A2,flunk | fall short | collapse,succeed | manage | pass,መውደቅ | ሳይሳካ መቅረት (በፈተና መውደቅ፤ ወይም የታሰበው ሳይሳካ መቅረት),education | academic
feed,verb,"To give food to a person, animal, or plant.",Farmers feed their cattle fresh hay and grains every morning.,/ˈfid/,A2,nourish | sustain | provide food for,starve,መመገብ (ለልጅ ወይም ለእንስሳት ምግብ መስጠት),food | dining
film,verb,To record moving pictures with a camera for a movie or documentary.,The crew traveled to the rugged mountain valley to film outdoor scenes.,/ˈfɪɫm/,A2,record | shoot | capture | video,,ቪዲዮ መቅረጽ (በካሜራ ቪዲዮ ወይም ፊልም መቅረጽ),arts | culture
find out,verb,"To discover a fact, information, or piece of news through investigation or inquiry.",Visit the university portal to find out your examination results.,/ˈfaɪnd ˈaʊt/,A2,discover | learn | ascertain | detect,lose,ማወቅ | መረዳት (መረጃን ፈልጎ እውነቱን ማግኘት),business | finance
fit,verb,"To be of the right size, shape, or measurements for someone.",The tailored dark suit will fit him impeccably after minor alterations.,/ˈfɪt/,A2,suit | flatter | match | conform,disagree,ልክ መሆን (ልብስ ወይም ጫማ ለሰውነት በትክክል መመጠን),actions | daily life
fix,verb,"To mend or repair something that is broken, faulty, or damaged.",The handyman arrived with tools to fix the leaking kitchen sink.,/ˈfɪks/,A2,repair | mend | restore | overhaul,break | unfasten,መጠገን (የተበላሸን እቃ አስተካክሎ ወደ ስራ መመለስ),fashion | clothing
focus,verb,To pay particular attention to something; concentrate.,Focus on mastering core vocabulary before attempting complex essays.,/ˈfoʊkəs/,A2,concentrate | zero in | center on,blur,ትኩረት ማድረግ (አእምሮንና አይንን በአንድ ነጥብ ላይ ማሳረፍ),arts | culture
follow,verb,To go or come after a person or thing; obey rules.,Follow the marked trail carefully to navigate through the dense forest.,/ˈfɑɫoʊ/,A2,trail | pursue | track | obey,precede | predate,መከተል (ከኋላ መከተል፤ ወይም መመሪያን አክብሮ መሄድ),people | society
forget,verb,To fail to remember; fail to recall information or events.,Write important assignment dates down so you do not forget them.,/fɝˈɡɛt/,A2,fail to recall | overlook | omit,remember | mind,መርሳት (የነበረን መረጃ ከአእምሮ ማጣት),actions | daily life
frown,verb,"To furrow one's brows in an expression indicating disapproval, displeasure, or concentration.",The teacher began to frown when she noticed the uncompleted homework.,/ˈfɹaʊn/,A2,scowl | glower | grimace,,ማኮሳተር (በንዴት ወይም በሀዘን የፊት ገጽታን ማጨፍገግ),technology | digital
fry,verb,"To cook food in hot fat or oil, typically in a shallow pan.",Heat olive oil in the skillet to fry the fish fillets evenly.,/ˈfɹaɪ/,A2,pan-fry | sauté | deep-fry | brown,,መጥበስ (ምግብን በዘይት መጥበስ),food | dining
get back,verb,"To return to a place, position, or former state.",What time did you get back from your weekend trip to the coast?,/ˈɡɛt ˈbæk/,A2,return | arrive home | revert,leave | take away | end,መመለስ (ወደ ነበሩበት ቦታ መልሶ መምጣት),society | law
get in,verb,To physically enter a vehicle such as an automobile or taxi.,Get in the car quickly so we can beat the morning rush hour.,/ˈɡɛt ˈɪn/,A2,enter | climb into | board,leave | take away | end,ወደ ውስጥ መግባት (ወደ መኪና ወይም ቤት መግባት),business | finance
get off,verb,"To leave or alight from a bus, train, plane, or bicycle.",Ring the bell to signal the driver when you want to get off.,/ˈɡɛt ˈɔf/,A2,alight | disembark | step off,leave | take away | end,መውረድ (ከአውቶቡስ፣ ከባቡር ወይም ከአውሮፕላን መውረድ),travel | transport
get on,verb,"To step onto or board a bus, train, aircraft, or ship.",Show your boarding pass as you get on the airplane.,/ˈɡɛt ˈɑn/,A2,board | embark | mount,leave | take away | end,መሳፈር (አውቶቡስ ወይም ባቡር ላይ መውጣት),travel | transport
get out,verb,"To leave or alight from a room, building, or vehicle.",The passengers waited for the bus to stop before they get out.,/ˈɡɛt ˈaʊt/,A2,exit | vacate | alight | disembark,leave | take away | end,መውጣት (ከክፍል ወይም ከመኪና ወደ ውጭ መውጣት),travel | transport
get up,verb,"To rise from bed after sleeping, or stand up from a seated position.",He strives to get up at dawn every weekday to study.,/ˈɡɛt ˈəp/,A2,arise | stand up | wake,leave | take away | end,ከአልጋ መነሳት (ከእንቅልፍ ተነስቶ መቆም),food | dining
go down,verb,To descend to a lower level or below the horizon.,We watched the golden sun go down over the tranquil ocean.,/ˈɡoʊ ˈdaʊn/,A2,descend | sink | drop | fall,stay in place | come | malfunction,ወደ ታች መውረድ | መቀነስ (የዋጋ መቀነስ፤ ወይም ደረጃ መውረድ),actions | daily life
go in,verb,"To enter a building, room, or enclosed space.",Please wipe your boots carefully before you go in.,/ˈɡoʊ ˈɪn/,A2,enter | step inside | penetrate,stay in place | come | malfunction,መግባት (ወደ ውስጥ መግባት),home | living
go out,verb,To leave one's home to attend a social event or enjoy recreation.,Friends plan to go out for dinner together on Friday night.,/ˈɡoʊ ˈaʊt/,A2,step out | socialize | depart,stay in place | come | malfunction,ወደ ውጭ መውጣት (ለመዝናናት ወይም ለስራ ከቤት መውጣት),food | dining
go up,verb,"To move to a higher level, position, or floor; increase.",Take the elevator to go up to the fifth-floor clinic.,/ˈɡoʊ ˈəp/,A2,ascend | climb | rise | elevate,stay in place | come | malfunction,ወደ ላይ መውጣት | መጨመር (የዋጋ መጨመር፤ ወይም ደረጃ መውጣት),travel | transport
google,verb,To search for information about someone or something on the internet using the Google search engine.,"If you are unsure of the word's origin, google it on your phone.",/ˈɡuɡəɫ/,A2,search online | look up | web search,,በጉግል መፈለግ (በኢንተርኔት መረጃን በጉግል ፈልጎ ማግኘት),technology | digital
greet,verb,To give a polite word or sign of welcome or recognition to someone upon meeting.,Hospital staff greet arriving patients with warmth and courtesy.,/ˈɡɹit/,A2,welcome | salute | acknowledge | hail,,ሰላምታ መስጠት (ለአንድ ሰው በደስታ ሰላምታ ማቅረብ),actions | daily life
grow,verb,To undergo natural development by increasing in size and changing physically; mature.,Children grow remarkably fast during their early adolescent years.,/ˈɡɹoʊ/,A2,mature | develop | flourish | expand,,ማደግ (ተክል ማበብ፤ ወይም ልጅ በቁመትና በዕድሜ ማደግ),health | medicine
grow up,verb,To advance from childhood to maturity; become an adult.,"Children grow up fast, so parents cherish every moment with them.",/ˈɡɹoʊ ˈəp/,A2,mature | develop | reach adulthood,,አድጎ ትልቅ መሆን (ከህጻንነት ወደ አዋቂነት መሸጋገር),people | society
happen,verb,To take place; occur.,Unexpected natural events can happen without warning in mountain regions.,/ˈhæpən/,A2,occur | take place | transpire | arise,dematerialize | dematerialise,መከሰት | መፈጠር (አንድ ክስተት ድንገት መሆን),technology | digital
have to,verb,Used to express obligation or necessity.,All applicants have to submit verified identification documents.,/ˈhæv ˈtu/,A2,must | be required to | be obliged to,lack | abstain | refuse,ግድ መሆን (አንድን ነገር ማድረግ ግዴታ መሆን),communication
hide,verb,To put or keep out of sight; conceal.,The children love to hide behind the trees in the park.,/ˈhaɪd/,A2,conceal | cover | mask | screen,show,መደበቅ (እቃን ወይም ራስን ከሰው እይታ መሸሸግ),actions | daily life
hike,verb,"To go on a long walk, especially in the countryside or woods.",They plan to hike up the mountain trail to view the waterfalls.,/ˈhaɪk/,A2,trek | walk | ramble | backpack,,የእግር ጉዞ ማድረግ (በተፈጥሮ ውስጥ በእግር ረጅም ርቀት መጓዝ),actions | daily life
hire,verb,To employ someone for wages; engage the services of.,The logistics firm plans to hire ten skilled delivery drivers.,/ˈhaɪɝ/,A2,employ | recruit | engage | take on,fire,መቅጠር (ሰራተኛን በክፍያ ስራ ላይ ማሰማራት),actions | daily life
hold,verb,"To grasp, carry, or support with one's hands or arms.",Hold the child's hand securely while crossing the busy street.,/ˈhoʊɫd/,A2,grasp | grip | clasp | clutch,let go of | disagree,መያዝ (እቃን በእጅ ጨብጦ መቆየት),travel | transport
hope,verb,"To want something to happen, or to be true, and have reason to believe it is possible.",We hope that the storm clears before our weekend camping trip.,/ˈhoʊp/,A2,wish | expect | anticipate | aspire,despair,ተስፋ ማድረግ (መልካም ነገር እንዲሆን መመኘት),emotions | psychology
hunt,verb,To pursue and kill a wild animal for sport or food.,Predatory wolves hunt in organized packs across the tundra.,/ˈhənt/,A2,chase | stalk | pursue | track,,ማደን (የዱር እንስሳትን ለመያዝ ወይም ለመግደል ማሳደድ),food | dining
hurry,verb,To move or act with great haste; rush.,We must hurry to the platform so we do not miss our departure.,/ˈhɝi/,A2,rush | hasten | speed | dash,delay,መቸኮል (ስራን በፍጥነት ለማከናወን መፍጠን),food | dining
hurry up,verb,"To move, act, or proceed more rapidly because time is limited.",Hurry up or we will miss the morning passenger train.,/ˈhɝi ˈəp/,A2,rush | make haste | hasten | speed up,delay,ፍጠን! (ቶሎ እንዲያደርጉ ማበረታታት),travel | transport
hurt,verb,To cause physical pain or injury to; feel pain.,My shoulder muscles hurt after lifting heavy moving boxes.,/ˈhɝt/,A2,ache | pain | sting | wound,be well,ማመም | መጉዳት (ህመም መሰማት ወይም አካልን ማቁሰል),emotions | psychology
identify,verb,To establish or indicate who or what someone or something is.,The witness was able to identify the suspect from a photograph.,/aɪˈdɛntəˌfaɪ/,A2,recognize | single out | spot | name,,መለየት | ማወቅ (የአንድን ሰው ማንነት ወይም የአንድን ነገር አይነት መለየት),fashion | clothing
imagine,verb,To form a mental image or concept of something.,"Close your eyes and imagine relaxing on a warm, sunny beach.",/ˌɪˈmædʒən/,A2,visualize | picture | envision | conceive,,በምናብ ማሰብ (በአእምሮ ስዕል መሳል ወይም ማሰብ),emotions | psychology
improve,verb,"To make or become better in quality, proficiency, or condition.",Daily reading will significantly improve your language fluency.,/ˌɪmˈpɹuv/,A2,enhance | better | upgrade | ameliorate,worsen,ማሻሻል (ከነበረበት ሁኔታ የተሻለ እንዲሆን ማድረግ),actions | daily life
increase,verb,"To become or make greater in size, amount, intensity, or degree.",Regular aerobic exercise will increase your cardiovascular endurance.,/ˈɪnˌkɹis/,A2,boost | raise | augment | expand,decrease,መጨመር | ማብዛት (በመጠን፣ በቁጥር ወይም በዋጋ ማሳደግ),education | academic
injure,verb,To do physical harm or damage to someone.,Careless driving in stormy blizzards can injure pedestrians.,/ˈɪndʒɝ/,A2,harm | wound | damage | hurt,,ማቁሰል | መጉዳት (በአካል ላይ ጉዳት ማድረስ),health | medicine
invent,verb,To create or design something that has not existed before.,Engineers collaborate to invent technologies that harness clean solar power.,/ˌɪnˈvɛnt/,A2,create | originate | devise | innovate,,መፍጠር (አዲስ ማሽን ወይም ቴክኖሎጂ ፈጥሮ ማውጣት),food | dining
invite,verb,"To make a polite, formal, or friendly request to someone to go somewhere.",We would like to invite you to our annual family dinner.,/ˌɪnˈvaɪt/,A2,ask | summon | welcome | bid,,መጋበዝ (ለግብዣ፣ ለስብሰባ ወይም ለበዓል ጥሪ ማድረግ),people | society
involve,verb,To have or include someone or something as a necessary part or result.,Scientific experiments involve careful observation and record-keeping.,/ˌɪnˈvɑɫv/,A2,entail | require | include | encompass,obviate,ማካተት (አንድን ሰው ወይም ነገር በስራው ውስጥ ተሳታፊ ማድረግ),arts | culture
jog,verb,"To run at a steady, gentle pace, especially on a regular basis as a form of physical exercise.",She likes to jog along the waterfront trail three times each week.,/ˈdʒɑɡ/,A2,trot | run | lope,,ቀስ ብሎ መሮጥ (ለጤና ሲባል ቀለል ባለ ፍጥነት መሮጥ),health | medicine
join,verb,"To become a member or employee of an organization, team, or society.",He decided to join the university rowing club to stay physically active.,/ˈdʒɔɪn/,A2,enlist | enroll in | participate in | enter,disjoin,መቀላቀል (የአንድ ማህበር አባል መሆን ወይም ከሌሎች ጋር መተባበር),sports | recreation
joke,verb,To make jokes; talk humorously or teasingly.,Friends joke and laugh together during relaxed weekend dinners.,/ˈdʒoʊk/,A2,jest | tease | kid | banter,,መቀለድ (ሰዎችን ለማሳቅ ቀልድ መናገር),communication
keep,verb,To continue having or retaining possession of something; maintain in a condition.,Keep your passport and boarding pass securely inside your coat pocket.,/ˈkip/,A2,retain | hold | preserve | maintain,discontinue | lose | let,ማቆየት | መያዝ (እቃን ሳይጥሉ ደህንነቱን ጠብቆ ማኖር),actions | daily life
kick,verb,To strike forcibly with the foot.,He took a deep breath and stepped up to kick the winning penalty goal.,/ˈkɪk/,A2,boot | punt | strike,cheer,በእግር መምታት (ኳስን ወይም እቃን በእግር መምታት),actions | daily life
kill,verb,"To cause the death of a person, animal, or other living thing.",Toxic chemicals in water can kill beneficial aquatic organisms.,/ˈkɪɫ/,A2,slay | destroy | execute | dispatch,,መግደል (ህይወትን ማጥፋት),food | dining
knock,verb,"To strike a surface noisily to attract attention, especially when at a door.",Knock gently on the classroom door before stepping inside.,/ˈnɑk/,A2,tap | rap | thump | bang,praise,ማንኳኳት (በርን በእጅ ማንኳኳት),home | living
land,verb,"Of an aircraft, to come down through the air and alight upon the ground or water.",The airliner will land smoothly on runway two in ten minutes.,/ˈɫænd/,A2,touch down | alight | arrive,,ማረፍ (አውሮፕላን መሬት ላይ ማረፍ),actions | daily life
laugh,verb,To make the spontaneous sounds and movements of the face and body that are the instinctive expression of lively amusement.,The funny comedy made everyone in the audience laugh aloud.,/ˈɫæf/,A2,chuckle | giggle | chortle | cackle,cry,መሳቅ (በደስታ ወይም በቀልድ ሳቅ ማሰማት),health | medicine
lead,verb,To guide someone or show the way by going in front.,The experienced guide will lead our hiking group up the mountain trail.,/ˈɫɛd/,A2,guide | direct | pilot | escort,follow,መምራት (በፊት በመሄድ አቅጣጫ ማሳየት፤ ወይም ድርጅት መምራት),actions | daily life
leave,verb,"To go away from a place, person, or situation; depart.",The morning ferry will leave the harbor promptly at seven o'clock.,/ˈɫiv/,A2,depart | set out | exit | embark,arrive | enter | disinherit,መልቀቅ | መሄድ (ከአንድ ቦታ ተነስቶ ወደ ሌላ መጓዝ),arts | culture
lend,verb,To grant someone the use of something on the understanding that it will be returned.,Could you lend me your dictionary until tomorrow afternoon?,/ˈɫɛnd/,A2,loan | advance | provide,borrow,ማበደር (ገንዘብን ወይም እቃን ለጊዜው ለሌላ ሰው መስጠት),fashion | clothing
let in,verb,To allow someone or something to enter an enclosure or room.,Open the front door to let in the cool evening breeze.,/ˈɫɛt ˈɪn/,A2,admit | allow entry | welcome inside,prevent | forbid | disallow,ወደ ውስጥ ማስገባት (ሰው ወደ ቤት እንዲገባ በር መክፈት),home | living
lift,verb,To raise to a higher position or level; take up.,Use your leg muscles rather than your back to lift heavy boxes.,/ˈɫɪft/,A2,raise | elevate | hoist | heave,lower | fall,ማንሳት (እቃን ወደ ላይ ከፍ ማድረግ),actions | daily life
link,verb,"To make, form, or suggest a connection with or between.",The high-speed rail line will link the capital city to the coast.,/ˈɫɪŋk/,A2,connect | join | unite | couple,dissociate | disconnect,ማገናኘት (ሁለት ነገሮችን ወይም ድረ-ገጾችን ማያያዝ),actions | daily life
live,verb,To remain alive; have one's existence.,Healthy dietary habits help people live active lives well into old age.,/ˈɫaɪv/,A2,survive | exist | breathe | thrive,,መኖር (በህይወት መኖር፤ ወይም በአንድ ከተማ መቀመጥ),actions | daily life
look around,verb,To turn one's eyes in different directions to observe the surroundings.,Take time to look around the museum to appreciate the classical exhibits.,/ˈɫʊk ɝˈaʊn/,A2,survey | explore | scan | observe,back,ዙሪያውን መቃኘት (አካባቢውን ዞር ዞር ብሎ መመልከት),actions | daily life
look up,verb,"To search for and find a piece of information in a reference book, dictionary, or online database.",Look up the definition of the headword in your dictionary.,/ˈɫʊk ˈəp/,A2,research | check | consult | find,back,መፈለግ | ወደ ላይ ማየት (በመዝገበ-ቃላት መረጃ መፈለግ፤ ወይም ወደ ሰማይ ማየት),technology | digital
lose,verb,To be deprived of or cease to have or retain something; be defeated in a match.,The team worked hard so they would not lose the crucial championship.,/ˈɫuz/,A2,be defeated | suffer defeat,keep | win | find,ማጣት | መሸነፍ (ዕቃ መጣል፤ ወይም በጨዋታ መሸነፍ),food | dining
mark,verb,To make a visible impression or symbol on a surface.,Mark the important dates clearly on your study calendar.,/ˈmɑɹk/,A2,label | stamp | indicate | flag,ignore,ምልክት ማድረግ | ማረም (በወረቀት ላይ ምልክት ማስቀመጥ፤ ወይም ፈተና ማረም),actions | daily life
marry,verb,To join in marriage with someone; become the husband or wife of.,They decided to marry in a quiet countryside ceremony surrounded by family.,/ˈmɛɹi/,A2,wed | tie the knot | espouse,,ማግባት (ጋብቻ መፈጸም),people | society
mean,verb,To intend to convey or refer to; signify.,What does this unfamiliar vocabulary headword mean in context?,/ˈmin/,A2,signify | denote | indicate | express,,ማለት (የአንድ ቃል ወይም ተግባር ትርጉም መሆን),actions | daily life
measure,verb,"To ascertain the size, amount, or degree of something by using an instrument or device.",Use a tape to measure the width and height of the window frame.,/ˈmɛʒɝ/,A2,gauge | calculate | compute | quantify,,መለካት (የአንድን ነገር ርዝመት፣ ክብደት ወይም መጠን መለካት),education | academic
mention,verb,To refer to something briefly and without going into detail.,Did the teacher mention anything about the upcoming holiday?,/ˈmɛnʃən/,A2,allude to | refer to | state | remark on,,መጥቀስ (በንግግር መሀል ስም ወይም ጉዳይ ማንሳት),actions | daily life
might,verb,Used to express possibility or polite permission.,We might visit the historical cathedral if the rain clears.,/ˈmaɪt/,A2,could | may | perhaps will,,ሊሆን ይችላል (እርግጠኛ ያልሆነ ዕድልን አመልካች),communication
misunderstand,verb,To fail to interpret or understand something correctly.,Speak clearly so your listener does not misunderstand your directions.,/ˌmɪsəndɝˈstænd/,A2,misinterpret | misread | misconstrue,,በስህተት መረዳት (የተባለውን ነገር በትክክል አለመገንዘብ),nature | science
move,verb,To go from one place of residence to another; change position.,They decided to move to a peaceful town in the countryside.,/ˈmuv/,A2,relocate | shift | migrate | transfer,stay in place | stand still | stay,መንቀሳቀስ | መዛወር (ቦታ መቀየር፤ ወይም ወደ አዲስ ቤት መግባት),travel | transport
move in,verb,"To take possession of a new house, apartment, or place of business.",The new neighbors plan to move in early Saturday morning.,/ˈmuv ˈɪn/,A2,occupy | settle in | take up residence,stay in place | stand still | stay,ወደ አዲስ ቤት መግባት (ዕቃዎችን ይዞ ወደ አዲሱ መኖሪያ መግባት),business | finance
move out,verb,"To vacate a house, apartment, or other premises permanently.",Tenants must clean the apartment thoroughly when they move out.,/ˈmuv ˈaʊt/,A2,vacate | depart | leave | decamp,stay in place | stand still | stay,ቤትን ለቆ መውጣት (የነበሩበትን ቤት ለቆ ወደ ሌላ መሄድ),travel | transport
multiply,verb,To increase a number by adding it to itself a specified number of times.,"If you multiply six by four, the resulting mathematical product is twenty-four.",/ˈməɫtəˌpɫaɪ/,A2,times | calculate product,divide,ማባዛት (በሂሳብ ቁጥሮችን ማባዛት፤ ወይም በቁጥር መጨመር),time | calendar
must,verb,"Expressing an obligation, necessity, or certainty.",Every passenger must fasten their seatbelt before takeoff.,/ˈməst/,A2,have to | be obliged to | need to,,የግድ ያስፈልጋል (የማይቀር ህጋዊ ወይም የሞራል ግዴታ),communication
notice,verb,To become aware of something through observation.,Did you notice the subtle change in the evening temperature?,/ˈnoʊtəs/,A2,observe | spot | perceive | detect,ignore,ማስተዋል | ማየት (አንድን ነገር በአይን ማየትና ማወቅ),actions | daily life
offer,verb,To present something for someone to accept or reject as desired; provide.,The boutique decided to offer a ten-percent discount on all winter coats.,/ˈɔfɝ/,A2,proffer | provide | extend | present,,ማቅረብ (እርዳታን፣ ስራን ወይም ዕቃን በፈቃደኝነት ማቅረብ),emotions | psychology
organize,verb,To arrange into a structured whole; make preparations for an event.,Students volunteered to organize a charity book collection.,/ˈɔɹɡəˌnaɪz/,A2,arrange | coordinate | structure | plan,disorganize | disorganise,ማደራጀት (ስራን፣ ዝግጅትን ወይም እቃዎችን በስርዓት ማዘጋጀት),actions | daily life
pack,verb,"To fill a suitcase, bag, or container with clothes and items for travel.",Pack your warm clothes and hiking boots for the weekend trip.,/ˈpæk/,A2,load | stow | bundle | stow away,unpack,ዕቃ ማሸግ (ሻንጣን ለጉዞ ማዘጋጀት),travel | transport
pass,verb,"To be successful in an examination, test, or course.",Study diligently every evening so you can pass all your exams with honors.,/ˈpæs/,A2,succeed | qualify | clear,fail | be born,ማለፍ (በፈተና ማለፍ፤ ወይም በመንገድ አጠገብ ማለፍ),education | academic
perform,verb,"To present a form of entertainment to an audience; play music, act, or sing.",Musicians gathered on the outdoor stage to perform classical concertos.,/pɝˈfɔɹm/,A2,stage | execute | play | present,,ማቅረብ | መተወን (በመድረክ ላይ ሙዚቃ ወይም ተውኔት ማሳየት),arts | culture
photograph,verb,To take a photograph of someone or something using a camera.,Tourists love to photograph the magnificent sunrise over the bay.,/ˈfoʊtəˌɡɹæf/,A2,shoot | snap | film | capture,,ፎቶ ማንሳት (በካሜራ ምስል መቅረጽ),actions | daily life
pick,verb,To detach and gather a flower or fruit from a plant using fingers.,Children love to pick ripe red apples in the orchard every autumn.,/ˈpɪk/,A2,pluck | harvest | gather | collect,,መምረጥ | መቅጠፍ (ፍራፍሬ መቅጠፍ፤ ወይም አንዱን መርጦ መውሰድ),food | dining
pick up,verb,To take hold of and lift someone or something; collect someone in a vehicle.,He bent down to pick up his dropped pen from the floor.,/ˈpɪk ˈəp/,A2,lift | raise | collect | gather,,ማንሳት | መውሰድ (እቃን ከመሬት ማንሳት፤ ወይም ሰውን በመኪና መውሰድ),travel | transport
predict,verb,To say or estimate that a specified thing will happen in the future.,Meteorologists use satellite data to predict approaching storms.,/pɹiˈdɪkt/,A2,forecast | foresee | prophesy | anticipate,,አስቀድሞ መተንበይ (ወደፊት የሚሆነውን ነገር አስቀድሞ መገመት),technology | digital
prefer,verb,To like one thing or person better than another or others.,I prefer studying in a quiet library rather than in a noisy cafe.,/pɹəˈfɝ/,A2,favor | opt for | choose | lean toward,,መምረጥ | መሻል (ከሌላው ይልቅ ለአንዱ ማድላት),people | society
prescribe,verb,"Of a medical practitioner, to advise and authorize the use of a medicine or treatment.",The doctor decided to prescribe an antibiotic for the infection.,/pɹəsˈkɹaɪb/,A2,order | authorize | recommend | advise,,መድሃኒት ማዘዝ (ሀኪም ለህመምተኛው ተገቢውን መድሃኒት መጻፍ),health | medicine
prevent,verb,To keep something from happening or arising; stop someone from doing something.,Regular handwashing helps prevent the spread of infectious illnesses.,/pɹiˈvɛnt/,A2,stop | avert | thwart | impede,let,መከላከል (መጥፎ ነገር እንዳይከሰት አስቀድሞ መከልከል),technology | digital
print,verb,"To produce books, newspapers, or documents by applying ink to paper using a machine.",Please print out two copies of the apartment lease agreement.,/ˈpɹɪnt/,A2,publish | produce | imprint | copy,,ማተም (ጽሁፍን ከኮምፒውተር በወረቀት ላይ ማተም),technology | digital
produce,verb,"To bring forth or yield naturally, as crops or fruit.",Healthy apple trees produce hundreds of pounds of crisp fruit each year.,/ˈpɹoʊdus/,A2,yield | bear | generate | create,,ማምረት (ምርቶችን በፋብሪካ ወይም በእርሻ ማዘጋጀት),food | dining
promise,verb,"To assure someone that one will definitely do, give, or arrange something.",I promise to return your borrowed notebook first thing tomorrow.,/ˈpɹɑməs/,A2,pledge | vow | swear | guarantee,,ቃል መግባት (አንድን ነገር ለማድረግ ጽኑ ቃል መስጠት),fashion | clothing
pronounce,verb,To make the sound of a word or letter in a particular way.,Listen carefully to how native speakers pronounce this vowel sound.,/pɹəˈnaʊns/,A2,articulate | enunciate | utter | say,,በትክክል መጥራት (የቃላትን ድምጽ በስርዓት መናገር),arts | culture
protect,verb,To keep safe from harm or injury.,Warm gloves and insulated boots protect your skin from frostbite.,/pɹəˈtɛkt/,A2,shield | guard | defend | safeguard,,መጠበቅ | መከላከል (አደጋ ወይም ጉዳት እንዳይደርስ መጠበቅ),health | medicine
provide,verb,To make available for use; supply.,The university will provide textbooks and laptops for all students.,/pɹəˈvaɪd/,A2,supply | furnish | deliver | grant,,ማቅረብ | ማሟላት (የሚያስፈልገውን ነገር ለሌሎች ማቅረብ),actions | daily life
pull,verb,To exert force on someone or something so as to cause movement toward oneself.,Pull the wooden door toward you to enter the reception room.,/ˈpʊɫ/,A2,drag | haul | tug | draw,push | repel,መሳብ (እቃን ወደ ራስ አቅጣጫ መጎተት),travel | transport
push,verb,To exert force on someone or something in order to move them away from oneself.,Push the button on the control panel to call the elevator.,/ˈpʊʃ/,A2,shove | thrust | press | propel,pull,መግፋት (እቃን ወደ ፊት በኃይል መግፋት),travel | transport
put down,verb,To place an object on a surface or on the ground.,Put down your heavy suitcase and rest for a few moments.,/ˈpʊt ˈdaʊn/,A2,set down | deposit | drop,divest,ማስቀመጥ (የተያዘን ዕቃ መሬት ወይም ጠረጴዛ ላይ ማሳረፍ),actions | daily life
put on,verb,"To dress oneself in a garment, accessory, or footwear.",Put on your warm jacket and boots before stepping out into the snow.,/ˈpʊt ˈɑn/,A2,don | wear | slip into,divest,መልበስ (ልብስ፣ ጫማ ወይም ባርኔጣ መልበስ),fashion | clothing
quit,verb,"To leave a place, employment, or course of action permanently.",He decided to quit his corporate job to start an independent bakery.,/ˈkwɪt/,A2,resign | leave | step down | vacate,continue | take office | stay,ማቆም | ስራ መልቀቅ (ስራን ወይም ልማድን ማቆም),actions | daily life
raise,verb,To bring up and care for a child until they become an adult.,Parents work tirelessly to raise their children with strong moral values.,/ˈɹeɪz/,A2,bring up | rear | nurture | foster,lower | level | demote,ማንሳት | ማሳደግ (እጅን ወደ ላይ ማንሳት፤ ወይም ደመወዝ መጨመር),travel | transport
reach,verb,To arrive at or get as far as a destination.,"After five hours of brisk hiking, they managed to reach the mountain cabin.",/ˈɹitʃ/,A2,arrive at | attain | make | get to,,መድረስ (ወደ አንድ ቦታ መድረስ፤ ወይም እጅን ዘርግቶ መያዝ),travel | transport
react,verb,To respond or behave in a particular way to something.,Athletes react quickly to unexpected movements on the court.,/ɹiˈækt/,A2,respond | answer | retaliate,,ምላሽ መስጠት (ለተፈጠረ ነገር አጸፋዊ እርምጃ መውሰድ),arts | culture
realize,verb,To become fully aware of something as a fact; understand clearly.,She did not realize how late it was until the clock chimed.,/ˈɹiəˌɫaɪz/,A2,understand | comprehend | perceive | recognize,,መረዳት | ማወቅ (እውነታው አሁን ገብቶት ማስተዋል),actions | daily life
receive,verb,"To be given, presented with, or paid something; get.",She was thrilled to receive a handwritten letter from her friend.,/ɹəˈsiv/,A2,get | accept | obtain | acquire,say farewell,መቀበል (የተላከን ደብዳቤ፣ እቃ ወይም ገንዘብ መቀበል),actions | daily life
recognize,verb,To identify someone or something from having encountered them before.,I could recognize my childhood friend instantly from her warm smile.,/ˈɹɛkəɡˌnaɪz/,A2,identify | distinguish | recall | spot,,መለየት | ማወቅ (ከዚህ በፊት ያዩትን ሰው ወይም ቦታ መለየት),actions | daily life
recommend,verb,To put forward someone or something with approval as being suitable.,Can you recommend a reliable Italian restaurant in this district?,/ˌɹɛkəˈmɛnd/,A2,suggest | endorse | advocate | propose,,መምከር | ማበረታታት (አንድን ጥሩ ነገር ለሌላ ሰው ጠቁሞ መምከር),technology | digital
reduce,verb,"To make smaller or less in amount, degree, or size.",Installing solar panels helps reduce household electricity expenses.,/ɹəˈdus/,A2,decrease | lower | diminish | lessen,blow up | oxidize | oxidise,መቀነስ (ዋጋን፣ ወጪን ወይም ክብደትን ማሳነስ),education | academic
refer,verb,To direct someone to a person or source for information or help.,The clinic doctor decided to refer the patient to a hospital specialist.,/ɹəˈfɝ/,A2,direct | point | pass on,,መጥቀስ | ማስተላለፍ (ወደ ሌላ ባለሙያ ወይም ሰነድ ማመላከት),people | society
refuse,verb,To indicate or show that one is not willing to do something.,He chose to refuse the unethical business offer immediately.,/ˈɹɛfˌjuz/,A2,decline | reject | turn down | spurn,accept | lend oneself | allow,እምቢ ማለት | አለመቀበል (የቀረበለትን ጥያቄ ውድቅ ማድረግ),fashion | clothing
reject,verb,"To dismiss as inadequate, inappropriate, or not to one's taste; refuse.",The committee decided to reject the flawed architectural proposal.,/ˈɹidʒɛkt/,A2,refuse | decline | turn down | spurn,accept | approve | admit,ውድቅ ማድረግ (ማመልከቻን ወይም ሀሳብን ሳይቀበሉ መመለስ),food | dining
relax,verb,"To make or become less tense, anxious, or rigid; rest from effort.",Sit in the comfortable armchair by the fire to relax and unwind.,/ɹiˈɫæks/,A2,unwind | rest | de-stress | repose,tense | stiffen | strain,ዘና ማለት (ከስራ ድካም በኋላ አእምሮንና አካልን ማሳረፍ),emotions | psychology
remember,verb,To have in or be able to bring to one's mind an awareness of someone or something from the past.,Always remember to lock the front door securely before going to bed.,/ɹiˈmɛmbɝ/,A2,recall | recollect | retain | bear in mind,forget,ማስታወስ (ያለፈን ነገር ወይም መረጃ ከአእምሮ ማስታወስ),emotions | psychology
remind,verb,To cause someone to remember someone or something.,Please remind me to mail the parcel before the post office closes.,/ɹiˈmaɪnd/,A2,prompt | jog memory | recall to,,ማስታወስ (አንድን ሰው የሚሰራውን ስራ እንዲያስታውስ መንገር),emotions | psychology
remove,verb,To take something away from a position or place.,Please remove your boots and coat before entering the living room.,/ɹiˈmuv/,A2,take away | detach | eliminate | extract,,ማስወገድ | ማንሳት (እቃን ከነበረበት ቦታ ማንሳት),travel | transport
rent,verb,"To pay someone for the use of property, an apartment, or an item for a specified period.",Students often pool resources to rent a shared house near the college.,/ˈɹɛnt/,A2,lease | hire | charter,,መከራየት (ቤትን ወይም መኪናን በክፍያ ለተወሰነ ጊዜ መዋስ),arts | culture
repair,verb,To restore something damaged or faulty to a good condition.,The mechanic was able to repair the automobile engine quickly.,/ɹɪˈpɛɹ/,A2,fix | mend | restore | service,break,መጠገን (የተበላሸን ነገር መልሶ ማስተካከል),actions | daily life
repeat,verb,To say or do something again.,Could the instructor please repeat the pronunciation of that word?,/ɹiˈpit/,A2,reiterate | restate | replay | duplicate,,መድገም (አንድን ነገር በድጋሚ መናገር ወይም መስራት),food | dining
replace,verb,To take the place of; put something new in the place of.,The technician had to replace the worn-out vehicle battery.,/ˌɹiˈpɫeɪs/,A2,substitute | swap | renew | exchange,,መተካት (የተበላሸውን በአዲስ መቀየር),actions | daily life
reply,verb,To say or write something as an answer to someone or something.,She will reply to your email as soon as she returns to the office.,/ɹiˈpɫaɪ/,A2,answer | respond | retort,,መልስ መስጠት (ለደብዳቤ ወይም ለጥያቄ ምላሽ መጻፍ),communication
report,verb,To give a spoken or written account of something observed or investigated.,Journalists report live updates on weather conditions across the nation.,/ɹiˈpɔɹt/,A2,announce | chronicle | communicate | detail,,ሪፖርት ማድረግ | ማሳወቅ (የተከናወነን ስራ ወይም የተፈጠረን ችግር በዝርዝር ማቅረብ),business | finance
reserve,verb,"To arrange for a room, seat, or ticket to be kept for the use of a particular person.",You should reserve a table at the restaurant for Saturday dinner.,/ɹiˈzɝv/,A2,book | secure | engage | pre-arrange,,ቦታ መያዝ (በሆቴል ወይም በሬስቶራንት አስቀድሞ ቦታ ማስያዝ),food | dining
respond,verb,To say or do something as a reaction to someone or something; reply.,The doctor will respond to your medical inquiry as soon as possible.,/ɹiˈspɑnd/,A2,reply | answer | react | retort,,ምላሽ መስጠት (ለጥያቄ ወይም ለሁኔታ ምላሽ መስጠት),communication
retire,verb,"To leave one's job and cease to work, typically upon reaching the normal age for leaving employment.","After forty dedicated years of teaching, he plans to retire in the countryside.",/ˌɹiˈtaɪɝ/,A2,step down | withdraw | leave work,advance | get up | turn out,ጡረታ መውጣት (በዕድሜ መግፋት ምክንያት ስራን በክብር ማቆም),actions | daily life
return,verb,To come or go back to a place or person; give back.,Remember to return the borrowed reference book to the library shelf.,/ɹiˈtɝn/,A2,go back | revert | restore | give back,,መመለስ (ወደ ነበሩበት ስፍራ መመለስ፤ ወይም እቃን መመለስ),people | society
ride,verb,"To sit on and manage the movement of an animal, typically a horse, or a bicycle.",She learned how to ride horses skillfully on her uncle's ranch.,/ˈɹaɪd/,A2,mount | control | steer,walk,መጋለብ | መንዳት (ፈረስ መጋለብ፤ ወይም ብስክሌት/ሞተር መንዳት),travel | transport
rise,verb,To move from a lower position to a higher one; come up above the horizon.,The golden sun will rise over the ocean at six o'clock tomorrow.,/ˈɹaɪz/,A2,ascend | climb | elevate | mount,fall | sit down | lie down,መነሳት | መጨመር (ፀሐይ መውጣት፤ ወይም ዋጋ መጨመር),travel | transport
sail,verb,"To travel in a boat or ship, especially one powered by wind.",They plan to sail a wooden boat across the tranquil coastal bay.,/ˈseɪɫ/,A2,cruise | voyage | navigate | boat,,በመርከብ መጓዝ (በውሃ ላይ ሸራ በማውጣት መጓዝ),travel | transport
save,verb,To keep and store up money for future use rather than spending it.,She manages to save twenty percent of her monthly salary in a bank account.,/ˈseɪv/,A2,set aside | economize | put by | reserve,,ማዳን | መቆጠብ (ገንዘብ በባንክ መቆጠብ፤ ወይም ሰውን ከአደጋ ማዳን),business | finance
say,verb,"To utter words so as to convey information, an opinion, or a feeling.",What did the instructor say about tomorrow's assignment?,/ˈseɪ/,A2,utter | speak | state | pronounce,,መናገር (ሀሳብን በቃላት መግለጽ),emotions | psychology
search,verb,To try to find something by looking or otherwise seeking carefully and thoroughly.,Rangers search the forest trail to locate the missing hiker.,/ˈsɝtʃ/,A2,seek | hunt | scour | explore,,መፈለግ (የጠፋን ነገር ወይም መረጃ በጥልቀት መፈለግ),travel | transport
seem,verb,To give the impression of being something; appear.,The students seem remarkably enthusiastic about their new project.,/ˈsim/,A2,appear | look | give the impression of,,መምሰል (አንድ ነገር የሆነ መስሎ መታየት),technology | digital
send,verb,To cause to go or be taken to a particular destination; dispatch.,Send me a text message as soon as your train arrives.,/ˈsɛnd/,A2,dispatch | forward | transmit | post,,መላክ (ደብዳቤን፣ እቃን ወይም መልእክትን ለሌላ ሰው መላክ),travel | transport
serve,verb,"To present food or drink to someone, especially in a restaurant.",Waiters serve hot meals promptly to all dining guests.,/ˈsɝv/,A2,dish up | present | provide | distribute,,ማገልገል | ማቅረብ (ደንበኞችን ማስተናገድ፤ ወይም ምግብ ማቅረብ),food | dining
set,verb,"To put, lay, or stand something in a specified place or position.",Set the glass vase of flowers in the center of the dining table.,/ˈsɛt/,A2,place | put | position | deposit,rise,ማስተካከል | ማዘጋጀት (ሰዓት ማስተካከል፤ ወይም ጠረጴዛ ማዘጋጀት),actions | daily life
shake,verb,To move an object up and down or back and forth with rapid jerky movements.,Shake the bottle of medicine thoroughly before drinking the dose.,/ˈʃeɪk/,A2,vibrate | agitate | shudder | jiggle,,መንቀጥቀጥ | ማነቅነቅ (እቃን ወይም እጅን መጨበጥና ማወዛወዝ),travel | transport
should,verb,"Used to indicate obligation, duty, or advisable action.",Students should review vocabulary cards for fifteen minutes daily.,/ˈʃʊd/,A2,ought to | had better | be advised to,,ይገባል (ማድረግ መልካም ወይም ተገቢ መሆኑን አመልካች),actions | daily life
shout,verb,"To utter a loud cry or call, typically as an expression of strong emotion.",He had to shout to make himself heard over the loud waterfall.,/ˈʃaʊt/,A2,yell | cry out | holler | bellow,whisper,መጮህ (ድምጽን ከፍ አድርጎ መናገር),emotions | psychology
show,verb,To allow something to be visible; display or exhibit.,Please show me your student identification card.,/ˈʃoʊ/,A2,display | exhibit | present | reveal,disprove | hide,ማሳየት (እቃን ወይም መንገድን ለሌሎች ማሳየት),sports | recreation
shut,verb,To move something into position so that it blocks an opening; close.,Please shut the bedroom door gently so the baby can sleep.,/ˈʃət/,A2,close | slam | seal | latch,open | admit,መዝጋት (በርን ወይም መስኮትን መዝጋት),travel | transport
sightsee,verb,To visit the famous or interesting places of an area as a tourist.,We took a guided tour bus to sightsee across the historic downtown.,/ˈsaɪtˈsi/,A2,tour | explore | take in the sights,,አካባቢን መጎብኘት (የከተማን ታሪካዊ ቦታዎች ዞሮ መመልከት),travel | transport
sign in,verb,"To register one's arrival, especially by signing an official register or logging into an online account.",Sign in to your university account using your student email address.,/ˈsaɪn ˈɪn/,A2,log in | access | authenticate,,መግባት / ፊርማ ማስፈር (ወደ ኮምፒውተር ስርዓት መለያ አስገብቶ መግባት),technology | digital
sign out,verb,To end a computer session or log out of a secured online account.,Always sign out of your email when using public library computers.,/ˈsaɪn ˈaʊt/,A2,log out | exit | disconnect,,መውጣት (ከኮምፒውተር አካውንት ስራ አጠናቆ መውጣት),health | medicine
sing,verb,"To make musical sounds with the voice, especially words with a set tune.",Children gather in music class to sing cheerful songs together.,/ˈsɪŋ/,A2,chant | vocalize | intone | carol,keep quiet,መዘመር | መዝፈን (በድምጽ ዜማዎችን ማሰማት),arts | culture
slow down,verb,To reduce speed or velocity; move at a lower rate.,Drivers must slow down when approaching a pedestrian crosswalk.,/ˈsɫoʊ ˈdaʊn/,A2,decelerate | brake | slacken,accelerate,ፍጥነት መቀነስ (በተሽከርካሪ ወይም በእግር ቀስ ብሎ መሄድ),travel | transport
smell,verb,To perceive or detect the odor or scent of something through the nose.,Stop to smell the fragrant blooming roses in the botanical garden.,/ˈsmɛɫ/,A2,sniff | scent | inhale | detect,,ማሽተት (በአፍንጫ ጠረንን ማወቅ),actions | daily life
smoke,verb,To inhale and exhale the smoke of tobacco or a drug.,Smoking indoors is strictly prohibited throughout the hospital premises.,/ˈsmoʊk/,A2,puff | inhale,,ሲጋራ ማጨስ (ጭስ ማጨስ፤ ወይም ጭስ መልቀቅ),actions | daily life
snow,verb,"Of water vapor, to freeze and fall to the ground in soft white flakes.",Weather forecasts predict that it will snow across the mountains tonight.,/ˈsnoʊ/,A2,flurry | precipitate,,በረዶ መዝነብ (ከሰማይ ለስላሳ ነጭ በረዶ መውረድ),actions | daily life
solve,verb,"To find an answer to, explanation for, or means of effectively dealing with a problem.",Team members worked together to solve the complex physics equation.,/ˈsɑɫv/,A2,resolve | figure out | work out | crack,,መፍታት (ችግርን ወይም የሂሳብ ጥያቄን መፍታት),actions | daily life
spend,verb,To pay out money in buying or hiring goods or services.,It is prudent to budget carefully so you do not spend beyond your income.,/ˈspɛnd/,A2,pay out | disburse | expend,,ማውጣት | ማሳለፍ (ገንዘብ ወጪ ማድረግ፤ ወይም ጊዜን ማሳለፍ),business | finance
stay,verb,To live somewhere temporarily as a visitor or guest.,We plan to stay at a traditional countryside guesthouse for three nights.,/ˈsteɪ/,A2,sojourn | lodge | reside | room,change | move | depart,መቆየት (በአንድ ቦታ ሳይንቀሳቀሱ መቆየት),actions | daily life
steal,verb,To take another person's property without permission or legal right and without intending to return it.,Thieves attempted to steal electronics from the warehouse at night.,/ˈstiɫ/,A2,pilfer | thieve | rob | purloin,,መስረቅ (የሌላውን ንብረት በስውር መውሰድ),society | law
subtract,verb,To take away a number or amount from another to calculate difference.,Subtract five from twenty to obtain the correct remainder of fifteen.,/səbˈtɹækt/,A2,deduct | take off | remove,add,መቀነስ (በሂሳብ ስሌት ከአንድ ቁጥር ሌላውን መቀነስ),actions | daily life
suggest,verb,"To put forward an idea, plan, or proposition for consideration.",I suggest that we review the grammar exercises before taking the test.,/səˈdʒɛst/,A2,propose | recommend | advise | advocate,,ሀሳብ ማቅረብ (ጠቃሚ ምክር ወይም ሀሳብ ለውይይት ማቅረብ),actions | daily life
suppose,verb,To assume that something is the case on the basis of probability; think.,I suppose the library will be closed during the national holiday.,/səˈpoʊz/,A2,assume | presume | imagine | reckon,,መገመት (አንድ ነገር እውነት ነው ብሎ ማሰብ),fashion | clothing
switch off,verb,"To turn off a machine, light, or electrical device with a switch.",Always switch off your computer monitor before leaving the desk.,/ˈswɪtʃ ˈɔf/,A2,turn off | shut down | deactivate,,ማጥፋት (መብራትን ወይም ቴሌቪዥንን በቁልፍ ማጥፋት),technology | digital
switch on,verb,"To turn on a machine, light, or electrical device with a switch.",Switch on the study desk lamp before you begin reading.,/ˈswɪtʃ ˈɑn/,A2,turn on | activate | power up,,ማብራት (መብራትን ወይም ኤሌክትሪክን በቁልፍ ማስጀመር),technology | digital
take off,verb,To remove an item of clothing or footwear from one's body.,Please take off your muddy boots before walking on the carpet.,/ˈteɪk ˈɔf/,A2,remove | shed | strip off,give | refuse | obviate,ማውለቅ | መነሳት (ልብስን ማውለቅ፤ ወይም አውሮፕላን ወደ አየር መነሳት),health | medicine
tell,verb,To communicate information or facts to someone in spoken or written words.,Please tell us the fascinating story of your mountain expedition.,/ˈtɛɫ/,A2,inform | narrate | recount | disclose,,መንገር (መረጃን ወይም ታሪክን ለሌላ ሰው መናገር),communication
text,verb,To send someone a text message on a cellular phone.,Text me your arrival time so I can meet you at the train platform.,/ˈtɛkst/,A2,message | SMS | send text,,የጽሁፍ መልእክት መላክ (በሞባይል አጭር የጽሁፍ መልእክት መላክ),technology | digital
throw,verb,To propel something with force through the air by a movement of the arm and hand.,The quarterback prepared to throw the ball to the receiver.,/ˈθɹoʊ/,A2,hurl | toss | fling | pitch,,መወርወር (እቃን በእጅ ወደ ሩቅ መወርወር),travel | transport
throw out,verb,To discard or get rid of unwanted rubbish or items.,Throw out spoiled food from the fridge into the trash can.,/ˈθɹoʊ ˈaʊt/,A2,discard | dispose of | toss | bin,,መጣል (የማይፈለግ ቆሻሻን ማውጣትና መጣል),travel | transport
try,verb,To make an attempt or effort to do something.,Always try your best to solve difficult mathematical equations.,/ˈtɹaɪ/,A2,attempt | endeavor | strive | venture,,መሞከር (አንድን ስራ ለማከናወን መሞከር),actions | daily life
try on,verb,To put on a garment to see if it fits and looks attractive.,Customers can try on clothes in the store's private dressing room.,/ˈtɹaɪ ˈɑn/,A2,sample | test out | slip on,,ልክ መሆኑን መለካት (ልብስ ወይም ጫማ ከመግዛት በፊት ለክቶ ማየት),actions | daily life
turn around,verb,To change direction so as to face the opposite way.,Turn around and look at the magnificent double rainbow behind us.,/ˈtɝn ɝˈaʊn/,A2,pivot | reverse | swivel,unbend,ወደ ኋላ መዞር (ሰውነትን ወደ ተቃራኒ አቅጣጫ ማዞር),actions | daily life
turn down,verb,"To reduce the volume, heat, or power produced by a machine or device.",Please turn down the radio volume while I am on the telephone.,/ˈtɝn ˈdaʊn/,A2,decrease | lower | soften | reduce,unbend,ድምጽ መቀነስ | ውድቅ ማድረግ (የሙዚቃ ድምጽ መቀነስ፤ ወይም ጥያቄን አለመቀበል),food | dining
turn off,verb,"To deactivate or cause a device, light, or engine to stop operating.",Remember to turn off all electric appliances before leaving the apartment.,/ˈtɝn ˈɔf/,A2,deactivate | switch off | shut down,unbend,ማጥፋት (ውሃን ወይም መብራትን ማጥፋት),technology | digital
turn on,verb,"To activate or cause a machine, device, or light to start operating.",Please turn on the desk lamp so we can read the study materials.,/ˈtɝn ˈɑn/,A2,activate | switch on | start,unbend,ማብራት (መብራትን ወይም ቴሌቪዥንን ማብራት),arts | culture
turn up,verb,"To increase the volume, heat, or flow of a device by adjusting its controls.",Turn up the audio amplifier so everyone in the back can hear the lecture.,/ˈtɝn ˈəp/,A2,increase | boost | amplify,unbend,ድምጽ መጨመር | ብቅ ማለት (የድምጽ መጠን መጨመር፤ ወይም ድንገት መምጣት),food | dining
understand,verb,"To perceive the intended meaning of words, a language, or a person.",Did you understand the teacher's explanation of the grammar rule?,/ˌəndɝˈstænd/,A2,comprehend | grasp | fathom | perceive,,መረዳት (የአንድን ነገር ትርጉም በሚገባ ማወቅ),communication
upload,verb,"To transfer data from one computer to another, typically to a larger computer or the internet.",Remember to upload your completed research essay before midnight.,/ˈəˌpɫoʊd/,A2,transfer | send | post | publish,download,መጫን (ፋይልን ወይም ፎቶን ከኮምፒውተር ወደ ኢንተርኔት መላክ),technology | digital
use,verb,To employ something to achieve a specific result or purpose.,You can use this sharp knife to slice the vegetables neatly.,/ˈjus/,A2,utilize | employ | operate | apply,,መጠቀም (አንድን መሳሪያ ለስራ ማዋል),actions | daily life
used to,verb,Describing a past habit or state that no longer exists.,He used to live in the countryside before moving to the capital.,/ˈjuzd ˈtu/,A2,formerly | previously was accustomed to,,የለመደ | ያደርግ ነበር (ቀደም ሲል ያደርገው የነበረ የቀድሞ ልማድ),society | law
visit,verb,To go to see someone or a place for a period of time.,We plan to visit our grandparents in the countryside this weekend.,/ˈvɪzɪt/,A2,call on | stop by | tour | see,,መጎብኘት (ወዳጅን ወይም ታሪካዊ ቦታን ለማየት መሄድ),time | calendar
wait,verb,To stay where one is or delay action until a particular time or event.,Please wait in the clinic reception area until the doctor calls your name.,/ˈweɪt/,A2,stay | remain | linger | bide,,መጠበቅ (አንድ ሰው ወይም ነገር እስኪመጣ በትዕግስት መቆየት),arts | culture
wander,verb,"To walk or move in a leisurely, casual, or aimless way.",They love to wander through the quiet cobblestone alleys of the old town.,/ˈwɑndɝ/,A2,stroll | roam | meander | drift,,መንከራተት (ያለ ግብ እንዲሁ በሜዳ ወይም በከተማ መዘዋወር),travel | transport
will,verb,"Expressing the future tense, determination, or intention.",The express passenger train will arrive at platform two shortly.,/ˈwɪɫ/,A2,shall | intend to | be going to,disinherit,ይሆናል (የወደፊቱን ተግባር አመልካች ረዳት ግስ),communication
win,verb,"To be successful or victorious in a contest, conflict, or sporting match.",The team played tenaciously to win the national basketball cup.,/ˈwɪn/,A2,triumph | prevail | succeed | conquer,lose | fall back | fail,ማሸነፍ (በውድድር ወይም በጨዋታ ድል መቀዳጀት),sports | recreation
worry,verb,To feel or cause to feel anxious or troubled about actual or potential problems.,Do not worry excessively about the test; you prepared diligently.,/ˈwɝi/,A2,fret | agonize | brood,reassure,መጨነቅ (ስለ አንድ ችግር በማሰብ በስጋት ውስጥ መሆን),emotions | psychology
worsen,verb,To make or become worse; deteriorate.,"If air pollution increases, respiratory health problems will worsen.",/ˈwɝsən/,A2,deteriorate | degenerate | decline | aggravate,better,እየባሰ መሄድ (ሁኔታው ይበልጥ እየተበላሸ መሄድ),actions | daily life
would,verb,"Expressing the conditional mood, past habitual action, or polite request.",Would you please pass the water pitcher across the table?,/ˈwʊd/,A2,used to | should,,ያደርግ ነበር (ሁኔታዊ ወይም በትህትና ጥያቄ ማቅረቢያ),emotions | psychology
accessory,noun,A thing which can be added to something else in order to make it more attractive or versatile.,A leather belt and matching watch are stylish fashion accessories.,/ækˈsɛsɝi/,A2,adornment | ornament | attachment,,ተጨማሪ ጌጣጌጥ / መገልገያ (ከዋናው ልብስ ወይም እቃ ጋር የሚጨመር ተጨማሪ ጌጥ),everyday | core
accident,noun,"An unfortunate incident that happens unexpectedly and unintentionally, typically resulting in damage or injury.",He wore a protective helmet which shielded his head in the bicycle accident.,/ˈæksədənt/,A2,mishap | collision | crash | catastrophe,,አደጋ (ያልታሰበ ድንገተኛ የመኪና ወይም የአካል ጉዳት አደጋ),health | medicine
ache,noun,A continuous or prolonged dull pain in a part of the body.,He felt a dull muscular ache across his shoulders after weightlifting.,/ˈeɪk/,A2,pain | soreness | hurt | pang,,ህመም / ቁርጥማት (ለረጅም ጊዜ የሚቆይ የማያቋርጥ የሰውነት ህመም),health | medicine
acting,noun,"The art or occupation of performing fictional roles in plays, movies, or on television.",She studied dramatic acting and voice projection in college.,/ˈæktɪŋ/,A2,performance | stagecraft | drama,,ተውኔት / ትወና (በፊልም ወይም በቲያትር ላይ ገጸ-ባህሪ ሆኖ የመስራት ጥበብ),arts | culture
activity,noun,"A thing that a person or group does or has done, typically for recreation or learning.",The teacher organized a lively conversational activity for the students.,/ækˈtɪvəti/,A2,exercise | task | project | pastime,inactivity | inaction | inactiveness,እንቅስቃሴ | ተግባር (አንድ ሰው የሚያከናውነው ማንኛውም አይነት ስራ ወይም ጨዋታ),education | academic
adjective,noun,"A word naming an attribute of a noun, such as sweet, red, or technical.",The descriptive adjective colorful modifies the noun garden.,/ˈædʒɪktɪv/,A2,modifier | descriptor | qualifying word,,ቅጽል (የስምን ባህሪ፣ ቀለም ወይም ሁኔታ የሚገልጽ ቃል),everyday | core
adventure,noun,"An unusual and exciting, typically hazardous, experience or activity.",Exploring the mountain caves was an exhilarating adventure for the youth.,/ædˈvɛntʃɝ/,A2,exploit | escapade | quest | venture,,ጀብዱ (አስደሳችና አደገኛ የሆነ ያልተለመደ የጉዞ ተሞክሮ),everyday | core
adventure story,noun,"A narrative recounting exciting, daring, and hazardous undertakings.",The youth read an exciting adventure story about explorers in the Arctic.,/ædˈvɛntʃɝ ˈstɔɹi/,A2,adventure novel | saga | chronicle,,የጀብዱ ታሪክ (ጀብዱዎችንና አስደሳች ጉዞዎችን የሚተርክ ልብ-ወለድ),everyday | core
adverb,noun,"A word or phrase that modifies or qualifies an adjective, verb, or other adverb, expressing manner, place, time, or degree.","In the sentence 'she walked quickly', the word quickly is an adverb.",/ˈædvɝb/,A2,qualifier | modifier,,ተውሳከ-ግስ (የግስን፣ የቅጽልን ወይም የሌላ ተውሳከ-ግስን ሁኔታ የሚገልጽ ቃል),education | academic
advertisement,noun,"A notice or announcement in a public medium promoting a product, service, or event.",She saw an advertisement in the newspaper for an affordable apartment.,/ˌædvɝˈtaɪzmənt/,A2,ad | commercial | notice | promotion,,ማስታወቂያ (ምርትን ወይም አገልግሎትን ለማስተዋወቅ በጋዜጣ፣ በቲቪ የሚወጣ ማስታወቂያ),communication
afghanistan,noun,A landlocked country located at the crossroads of Central and South Asia.,Rugged mountain ranges dominate the geographic terrain of Afghanistan.,/æfˈɡænəˌstæn/,A2,Islamic Republic of Afghanistan,,አፍጋኒስታን (በእስያ የምትገኝ ተራራማ ሀገር),travel | transport
air,noun,"The invisible gaseous substance surrounding the earth, a mixture mainly of nitrogen and oxygen.","Mountain air is crisp, pure, and invigorating to breathe.",/ˈɛɹ/,A2,atmosphere | sky | breath,,አየር (የምንተነፍሰው የማይታይ የተፈጥሮ ጋዞች ድብልቅ),nature | science
air conditioner,noun,An apparatus for cooling and dehumidifying the air in a room or building.,We turned on the air conditioner during the humid afternoon heatwave.,/ˈɛɹ kənˈdɪʃənɝ/,A2,cooler | AC unit | climate control,,ኤር ኮንዲሽነር (የክፍልን ሙቀት ወይም ቅዝቃዜ የሚያስተካክል የኤሌክትሪክ ማሽን),technology | digital
airline,noun,An organization providing a regular public service of air transportation for passengers and freight.,The international airline operates daily scheduled flights across three continents.,/ˈɛɹˌɫaɪn/,A2,air carrier | aviation company,,የአየር መንገድ ኩባንያ (መንገደኞችን በአውሮፕላን የሚያጓጉዝ ድርጅት),travel | transport
alarm clock,noun,A clock that sounds an alarm at a specified time to wake someone up.,He set his digital alarm clock for six in the morning to prepare for work.,/əˈɫɑɹm ˈkɫɑk/,A2,timer | buzzer | timepiece,,የማንቂያ ደወል (ጠዋት ከእንቅልፍ ለመቀስቀስ የሚጮህ ሰዓት),fashion | clothing
all,noun,The whole number or quantity of; every one of.,All citizens are encouraged to participate in community service.,/ˈɔɫ/,A2,every | complete | whole | entire,,ሁሉም (ሙሉውን ነገር ወይም ሰዎችን በአንድነት የሚያመለክት),everyday | core
alley,noun,A narrow passageway between or behind buildings.,A quaint cobblestone alley runs behind the row houses.,/ˈæɫi/,A2,laneway | passageway | backstreet | passage,,ጠባብ መንገድ / አውራ ጎዳና (በህንጻዎች መሀል ያለ ጠባብ መተላለፊያ),home | living
almond,noun,"An edible oval nut with a slightly sweet flavor, grown on a tree of the rose family.",Almond milk is a popular plant-based alternative to dairy milk.,/ˈɑːmənd/,A2,sweet almond | tree nut,,አልሞንድ / ለውዝ (ጣፋጭና ገንቢ የሆነ የለውዝ ፍሬ),food | dining
amount,noun,"A quantity of something, typically the total of a thing or things in number or size.",Add a small amount of sea salt to enhance the soup's flavor.,/əˈmaʊnt/,A2,quantity | volume | sum | measure,,መጠን / ድምር (የአንድ ነገር ብዛት ወይም የገንዘብ መጠን),everyday | core
amusement,noun,The state or experience of finding something funny or entertaining.,The clown's playful acrobatics caused great amusement among children.,/əmˈjuzmənt/,A2,mirth | entertainment | fun | hilarity,,መዝናኛ | ደስታ (በቀልድ ወይም በጨዋታ የሚገኝ እርካታና ሳቅ),society | law
amusement park,noun,"A large outdoor area with fairground rides, shows, and other entertainments.",Families enjoyed riding the roller coaster and ferris wheel at the amusement park.,/əmˈjuzmənt ˈpɑɹk/,A2,theme park | fairground | carnival,,የመዝናኛ ፓርክ (የተለያዩ መወዛወዣዎችና ጨዋታዎች ያሉበት የህዝብ መናፈሻ),home | living
anger,noun,"A strong feeling of annoyance, displeasure, or hostility.",He took several deep breaths to control his rising anger.,/ˈæŋɡɝ/,A2,rage | fury | wrath | indignation,,ቁጣ / ንዴት (በደል ሲደርስ ወይም ስህተት ሲታይ የሚሰማ የንዴት ስሜት),emotions | psychology
any,noun,"Used to refer to one or some of a thing or number of things, no matter how much or many.",Do you have any questions regarding the final exam schedule?,/ˈɛni/,A2,some | whichever,,ማንኛውም (የተወሰነ ያልሆነ ማንኛውም ነገር),everyday | core
anyone,noun,Any person at all; anybody.,Anyone who wishes to join the study group is warmly welcome.,/ˈɛniˌwən/,A2,anybody | whoever,,ማንም ሰው (ማንኛውም ግለሰብ),health | medicine
anything,noun,"A thing of any kind; used in questions, negatives, and conditionals.",Did you find anything interesting in the municipal archives?,/ˈɛniˌθɪŋ/,A2,whatever | any object,,ማንኛውም ነገር (ማናቸውም ቁሳቁስ ወይም ጉዳይ),everyday | core
anywhere,noun,"In, at, or to any place.",You can study anywhere in the library where you feel comfortable.,/ˈɛniˌwɛɹ/,A2,wherever | anyplace,,በየትኛውም ቦታ (ማንኛውም ስፍራ),everyday | core
appearance,noun,The way that someone or something looks.,His neat clothing gave him a professional appearance.,/əˈpɪɹəns/,A2,look | demeanor | aspect | countenance,disappearance,ገጽታ | ብቅ ማለት (የአንድ ሰው ውጫዊ መልክ፤ ወይም ድንገት መታየት),technology | digital
appointment,noun,"An arrangement to meet someone at a particular time and place, especially for healthcare.",She scheduled a routine dental appointment for Thursday afternoon.,/əˈpɔɪntmənt/,A2,consultation | booking | session | meeting,,ቀጠሮ (ከሀኪም ወይም ከስራ ባልደረባ ጋር የተያዘ የሰዓት ቀጠሮ),health | medicine
apprentice,noun,"A person who is learning a trade from a skilled employer, having agreed to work for a fixed period.",The young carpenter worked diligently as an apprentice in the workshop.,/əˈpɹɛntəs/,A2,trainee | learner | novice | pupil,,ተለማማጅ (አንድን ሙያ ከአለቃው ለመማር የሚሰራ ሰራተኛ),business | finance
arabic,noun,A Semitic language spoken across North Africa and the Middle East.,Arabic is the liturgical language of Islam and the Quran.,/ˈæɹəbɪk/,A2,Semitic tongue,,አረብኛ (በመካከለኛው ምስራቅና በሰሜን አፍሪካ የሚነገር ቋንቋ),communication
area,noun,"A region or part of a town, country, or the world.",This protected wilderness area is home to endangered wild animals.,/ˈɛɹiə/,A2,region | zone | territory | district,,አካባቢ | ስፋት (የተወሰነ መልክዓ-ምድራዊ ክልል፤ ወይም የቦታ ስፋት),arts | culture
argument,noun,"An exchange of diverging or opposite views, typically a heated or angry one.",They resolved their minor argument calmly after discussing facts.,/ˈɑɹɡjəmənt/,A2,dispute | disagreement | quarrel | debate,,ክርክር (በሀሳብ አለመስማማት ምክንያት የሚፈጠር የቃላት ጭቅጭቅ),food | dining
arrival,noun,The action or process of arriving at a destination.,Flight arrival times are updated continuously on the digital airport board.,/ɝˈaɪvəɫ/,A2,landing | advent | appearance,,መድረስ (ተጓዦች ወደ ታሰበው ቦታ መድረሳቸው),travel | transport
art,noun,"The expression or application of human creative skill and imagination, typically in visual form.","She appreciates classical art, sculpture, and landscape painting.",/ˈɑɹt/,A2,fine arts | visual arts | artwork,,ስነ-ጥበብ (ስዕል፣ ቅርጻ-ቅርጽና ሙዚቃን ያካተተ የፈጠራ ጥበብ),food | dining
article,noun,"A piece of writing included with others in a newspaper, magazine, or other publication.",The science magazine published an insightful article on desert ecosystems.,/ˈɑɹtəkəɫ/,A2,essay | report | paper | story,,ጽሁፍ | ጽሑፍ (በጋዜጣ ወይም በመጽሔት የወጣ ጽሁፍ፤ ወይም ህጋዊ አንቀጽ),arts | culture
artist,noun,A person who creates paintings or drawings as a profession or hobby.,The visual artist displayed vibrant landscapes in the gallery.,/ˈɑɹtəst/,A2,painter | creator | sculptor | artisan,,ከያኒ / ሰዓሊ (ስዕል የሚስል ወይም ጥበባዊ ስራዎችን የሚያከናውን ባለሙያ),health | medicine
assistant,noun,"A person who helps in particular work, especially in an administrative or professional role.",The research assistant organized the laboratory data files carefully.,/əˈsɪstənt/,A2,aide | helper | deputy | auxiliary,,ረዳት (አለቃውን ወይም ሌላ ሰራተኛን በስራ የሚያግዝ ሰው),arts | culture
athlete,noun,A person who is proficient in sports and other forms of physical exercise.,Every dedicated Olympic athlete commits years of effort to reach the podium.,/ˈæθˌɫit/,A2,sportsman | sportswoman | competitor | player,,አትሌት (በስፖርትና በአካል ብቃት ውድድር የሚሳተፍ ስፖርተኛ),health | medicine
atom,noun,"The basic unit of a chemical element, consisting of a nucleus surrounded by electrons.",Everything in the material physical world is composed of atoms.,/ˈætəm/,A2,fundamental particle | element unit,,አተም (የማንኛውም ቁስ መሰረታዊና እጅግ ጥቃቅን ቅንጣት),everyday | core
australia,noun,"A sovereign country comprising the mainland of the Australian continent, Tasmania, and smaller islands.",Australia is famous for its unique wildlife such as kangaroos and koalas.,/ɔˈstɹeɪɫjə/,A2,Commonwealth of Australia,,አውስትራሊያ (በደቡባዊ ንፍቀ ክበብ የምትገኝ አህጉርና ሀገር),everyday | core
austria,noun,"A country in central Europe famous for castles, palaces, and classical music traditions.",Vienna is the historic and cultural capital city of Austria.,/ˈɔstɹiə/,A2,Republic of Austria,,ኦስትሪያ (በመካከለኛው አውሮፓ የምትገኝ ታሪካዊ ሀገር),arts | culture
avalanche,noun,"A mass of snow, ice, and rocks falling rapidly down a mountainside.",Loud noises can trigger a deadly snow avalanche on steep alpine slopes.,/ˈævəˌɫæntʃ/,A2,snowslide | rockslide,,የበረዶ ናዳ (ከተራራ ላይ ተደርምሶ የሚወርድ ግዙፍ የበረዶ ክምር),everyday | core
avenue,noun,"A broad road in a town or city, typically having trees at regular intervals along its sides.",Shops and cafes line the wide avenue leading to the central square.,/ˈævəˌnu/,A2,boulevard | thoroughfare | street | drive,,ሰፊ ጎዳና (በዛፎች የተከበበ ትልቅ የከተማ ጎዳና),travel | transport
average,noun,A number expressing the central or typical value in a set of data.,His test scores were well above the school class average.,/ˈævɝɪdʒ/,A2,mean | median | norm | standard,,አማካይ (በሂሳብ ስሌት የመሃል እሴት፤ ወይም መደበኛ ደረጃ),technology | digital
avocado,noun,"A pear-shaped fruit with a rough leathery skin and smooth, oily edible green flesh.",Spread mashed ripe avocado over whole-wheat toast with a pinch of salt.,/ˌævəˈkɑdoʊ/,A2,alligator pear | butter fruit,,አቮካዶ (አረንጓዴ ልጣጭና ቅባት ያለው ለስላሳ ፍራፍሬ),food | dining
award,noun,A prize or other mark of recognition given in honor of an achievement.,The actress received an prestigious award for her performance in the drama.,/əˈwɔɹd/,A2,prize | trophy | accolade | honor,,ሽልማት (ለላቀ ስኬት ወይም ውድድር የሚሰጥ ዋንጫ ወይም ሜዳሊያ),everyday | core
backache,noun,"Prolonged pain in one's back, especially the lower back.",An ergonomic desk chair prevents chronic lumbar backache during work hours.,/ˈbæˌkeɪk/,A2,back pain | lumbago,,የጀርባ ህመም (በጀርባ አጥንት ወይም ጡንቻ ላይ የሚሰማ ህመም),health | medicine
backbone,noun,The series of vertebrae extending from the skull to the pelvis; spine.,Good sitting posture keeps the backbone properly aligned.,/ˈbækˌboʊn/,A2,spine | spinal column | vertebrae,,የጀርባ አጥንት (ሰውነትን ቀጥ አድርጎ የሚደግፍ ዋናው የአከርካሪ አጥንት),everyday | core
background,noun,"A person's social, educational, or family origins and experience.",Students from diverse cultural backgrounds enrich university life.,/ˈbækˌɡɹaʊnd/,A2,heritage | upbringing | pedigree | origins,,ዳራ | የኋላ ታሪክ (የአንድ ሰው የትምህርትና የቤተሰብ ታሪክ፤ ወይም የስዕል የጀርባ ገጽታ),people | society
baggage,noun,Personal belongings packed in suitcases for traveling; luggage.,Passengers proceeded to the baggage claim terminal to retrieve their bags.,/ˈbæɡədʒ/,A2,luggage | suitcases | gear | bags,,ሻንጣዎች (መንገደኞች በጉዞ ወቅት የሚይዟቸው ሻንጣዎች),travel | transport
ball game,noun,"Any game played with a ball, such as baseball, soccer, or tennis.",Families gathered at the park to cheer for the neighborhood ball game.,/ˈbɔɫ ˈɡeɪm/,A2,ball match | team sport,,የኳስ ጨዋታ (በኳስ የሚደረግ ማንኛውም የስፖርት ውድድር),sports | recreation
barbecue,noun,"A meal or gathering at which meat, fish, or other food is cooked on a rack over an open fire.",We hosted a festive summer barbecue in our backyard for all our neighbors.,/ˈbɑːrbɪkjuː/,A2,cookout | BBQ | roast,,ባርቤኪው (ስጋን በእሳት ፍም ላይ የመጥበስ ዝግጅት),food | dining
baseball,noun,A ball game played with a bat and ball between two teams of nine on a field with four white.,He swung the wooden bat and scored a home run in baseball.,/ˈbeɪsˈbɔɫ/,A2,hardball | diamond game,,ቤዝቦል (በባት ኳስን እየመቱ የሚጫወቱት ታዋቂ የአሜሪካ ስፖርት),sports | recreation
basketball,noun,A game played between two teams of five players in which goals are scored by throwing a ball through a.,Students gathered on the outdoor asphalt court to play basketball.,/ˈbæskətˌbɔɫ/,A2,hoops | court sport,,የቅርጫት ኳስ (ኳስን በእጅ ወደ ቅርጫት በመወርወር የሚደረግ ስፖርት),sports | recreation
bath,noun,An act of washing oneself in a large container of water.,He relaxed in a warm scented bath after a long day of physical work.,/ˈbæθ/,A2,soak | tub wash | immersion,,ገላ መታጠብ (በውሃ ገላን የመታጠብ ተግባር),everyday | core
bathtub,noun,"A large tub, usually installed in a bathroom, in which to bathe.",She filled the porcelain bathtub with warm water and relaxing bath salts.,/ˈbæθtəb/,A2,tub | bath | soaking tub,,የገላ መታጠቢያ ገንዳ (ውሃ ሞልተው ገላ የሚታጠቡበት ትልቅ ገንዳ),home | living
bean,noun,"An edible seed, typically kidney-shaped, growing in long pods on certain leguminous plants.",Kidney beans and black beans are rich sources of dietary protein.,/ˈbin/,A2,legume | pulse,,ባቄላ (ለምግብነት የሚውል የጥራጥሬ እህል),nature | science
bear,noun,"A large, heavy mammal with thick fur and a very short tail, found in forest and arctic regions.",A brown bear caught leaping salmon from the rushing mountain river.,/ˈbɛɹ/,A2,ursine | grizzly | brown bear,bull,ድብ (ትልቅና ወፍራም ፀጉር ያለው አጥቢ እንስሳ),nature | science
beard,noun,A growth of hair on the chin and lower cheeks of a man's face.,He trimmed his gray beard neatly before the ceremony.,/ˈbɪɹd/,A2,facial hair | whiskers | stubble,,ጢም (በወንዶች አገጭና ጉንጭ ላይ የሚበቅል ፀጉር),everyday | core
bee,noun,"A winged, flower-feeding stinging insect known for collecting nectar and making wax and honey.",Honey bees buzzed busily among the sweet blossoming wildflowers.,/ˈbi/,A2,honeybee | bumblebee | pollinator,,ንብ (ማር የምታመርትና የምትነድፍ በራሪ ነፍሳት),nature | science
beef,noun,"The flesh of a cow, bull, or ox, used as food.",A hearty stew of tender beef and carrots simmered on the stove.,/ˈbif/,A2,cattle meat | bovine flesh,,የበሬ ስጋ (ከላም ወይም ከበሬ የሚገኝ ስጋ),food | dining
beetle,noun,An insect of a large order distinguished by forewings modified into hard wing cases.,A shiny green scarab beetle crawled slowly across the fallen oak leaf.,/ˈbiːtl/,A2,coleopteran | bug,,ጥንዚዛ (ጠንካራ ክንፍ ያላት ትንሽ ነፍሳት),everyday | core
behavior,noun,"The way in which one acts or conducts oneself, especially toward others.",Polite behavior and respectful listening are valued in the classroom.,/bɪˈheɪvjɝ/,A2,conduct | demeanor | manners | actions,,ጠባይ | ባህሪ (አንድ ሰው የሚያሳየው ማህበራዊ ስነ-ምግባር),emotions | psychology
belief,noun,An acceptance that a statement is true or that something exists; trust.,His strong belief in justice inspired him to study constitutional law.,/bɪˈɫif/,A2,conviction | faith | trust | opinion,unbelief,እምነት (አንድ ነገር እውነት ነው ተብሎ በልብ የሚታመን አስተሳሰብ),society | law
belt,noun,A strip of leather or other material worn around the waist to support clothes.,He tightened his black leather belt by one notch.,/ˈbɛɫt/,A2,strap | waistband | sash | girdle,,ቀበቶ (ሱሪ እንዳይወድቅ ወገብ ላይ የሚታሰር ቆዳ ወይም ጨርቅ),food | dining
bill,noun,A printed or written statement of the money owed for goods or services.,The waiter presented the itemized dinner bill at the end of the meal.,/ˈbɪɫ/,A2,invoice | check | account | tab,,ደረሰኝ | የህግ ረቂቅ (የተበላ ወይም የተገዛ እቃ ክፍያ መጠየቂያ፤ ወይም የቀረበ ህግ),society | law
billion,noun,"The number equivalent to a thousand million; 1,000,000,000.",Over eight billion people inhabit our shared global planet Earth.,/ˈbɪɫjən/,A2,1 | 000,,"ቢሊዮን (አንድ ሺህ ሚሊዮን ወይም 1,000,000,000)",everyday | core
blizzard,noun,A severe snowstorm with high winds and low visibility.,"The Arctic blizzard dumped four feet of snow, stranding travelers.",/ˈbɫɪzɝd/,A2,snowstorm | whiteout | ice storm,,ከባድ የበረዶ አውሎ-ንፋስ (ኃይለኛ ንፋስ የተቀላቀለበት የበረዶ ውርጅብኝ),nature | science
blood,noun,The red liquid that circulates in the arteries and veins of vertebrates.,The heart pumps oxygen-rich blood throughout the body.,/ˈbɫəd/,A2,vital fluid | gore,,ደም (በደም ስሮች ውስጥ የሚዘዋወር ቀይ ፈሳሽ),arts | culture
blouse,noun,"A woman's upper garment resembling a shirt, typically with buttons.",She wore an elegant silk blouse with a tailored pencil skirt.,/ˈbɫaʊs/,A2,shirt | top | tunic,,የሴቶች ሸሚዝ (ቀለል ያለ የሴቶች የላይ ልብስ),fashion | clothing
blueberry,noun,A small sweet blue-black edible berry of an extensive genus.,Fresh wild blueberries add delicious natural flavor to breakfast pancakes.,/ˈbɫuˌbɛɹi/,A2,bilberry | huckleberry,,ብሉቤሪ (ትንሽ ሰማያዊ ቀለም ያለው ጣፋጭ ፍሬ),everyday | core
board,noun,"A thin, rigid flat piece of wood, plastic, or blackboard for writing on.",The math instructor wrote key formulas across the board.,/ˈbɔɹd/,A2,blackboard | whiteboard | panel,,ሰሌዳ | ቦርድ (የመማሪያ ጥቁር ሰሌዳ፤ ወይም የአመራር አካል),everyday | core
boarding pass,noun,"A pass given to an airline passenger when checking in, giving permission to board the plane.",Display your passport and boarding pass to airport security before boarding.,/ˈbɔɹdɪŋ ˈpæs/,A2,boarding card | ticket pass,,የመሳፈሪያ ወረቀት (አውሮፕላን ላይ ለመሳፈር የሚያስችል ፈቃድ),everyday | core
bone,noun,"Any of the pieces of hard, whitish tissue making up the skeleton.",Calcium and vitamin D are essential for building strong bones.,/ˈboʊn/,A2,skeleton part | skeletal piece,,አጥንት (የሰውነትን ቅርጽ የሚደግፍ ጠንካራ አካል),everyday | core
bonus,noun,"An amount of money added to wages on a seasonal basis, especially as a reward for good performance.",Employees received an annual financial bonus for exceeding project targets.,/ˈboʊnəs/,A2,reward | gratuity | dividend | incentive,,ተጨማሪ አበል / ቦነስ (ለሰራተኞች ከደመወዝ በተጨማሪ የሚሰጥ የገንዘብ ማበረታቻ),business | finance
bookshelf,noun,A shelf on which books can be stored.,He organized his leather-bound novels neatly upon the wooden bookshelf.,/ˈbʊkˌʃɛɫf/,A2,bookcase | shelving | bookcase unit,,የመጽሐፍ መደርደሪያ (መጻሕፍትን በስርዓት ለማስቀመጥ የተሰራ መደርደሪያ),everyday | core
boss,noun,A person in charge of a worker or organization; manager or employer.,Her boss approved her request for two weeks of annual vacation.,/ˈbɑs/,A2,manager | supervisor | chief | head,,አለቃ / የበላይ ኃላፊ (በመስሪያ ቤት ውስጥ ሰራተኞችን የሚቆጣጠር አመራር),people | society
boulevard,noun,"A wide street in a town or city, typically one lined with trees.",Pedestrians strolled along the tree-lined boulevard in the afternoon sun.,/ˈbʊɫəˌvɑɹd/,A2,avenue | thoroughfare | parkway,,ሰፊ ጎዳና (በዛፎች የተዋበ ትልቅ የከተማ አውራ ጎዳና),nature | science
bracelet,noun,"An ornamental band, hoop, or chain worn on the wrist or arm.",She wore an exquisite silver bracelet gifted on her graduation day.,/ˈbɹeɪsɫət/,A2,bangle | wristband | armlet,,አምባር (በእጅ አንጓ ላይ የሚደረግ የጌጣጌጥ ክበብ),emotions | psychology
brain,noun,"An organ of soft nervous tissue contained in the skull of vertebrates, functioning as the coordinating center of sensation and.",The human brain processes vast amounts of sensory information every second.,/ˈbɹeɪn/,A2,cerebrum | mind | intellect | gray matter,,አእምሮ / አንጎል (የማሰብ፣ የማስታወስና የሰውነት መቆጣጠሪያ ማዕከል),nature | science
breath,noun,The air taken into the lungs and expelled during respiration.,She took a deep breath of crisp mountain air.,/ˈbɹɛθ/,A2,respiration | inhalation | gasp,,ትንፋሽ (ወደ ውስጥ የሚወሰድና ወደ ውጭ የሚወጣ አየር),food | dining
breathing,noun,The process of taking air into and expelling it from the lungs.,"Calm, steady breathing helps reduce stress and anxiety.",/ˈbɹiðɪŋ/,A2,respiration | ventilation,,መተንፈስ (አየርን ወደ ሳንባ የማስገባትና የማውጣት ተፈጥሯዊ ሂደት),food | dining
breeze,noun,"A gentle, light, and refreshing wind.",A pleasant ocean breeze cooled the travelers on the sunny beach.,/ˈbɹiz/,A2,light wind | gentle air | gust,,ቀዝቃዛ ለስላሳ ንፋስ (ደስ የሚል ቀለል ያለ የተፈጥሮ ንፋስ),nature | science
bridge,noun,"A structure carrying a road, path, railway, or canal across a river, ravine, or other obstacle.",The historic stone arch bridge spans gracefully across the river.,/ˈbɹɪdʒ/,A2,viaduct | overpass | span | flyover,,ድልድይ (ወንዝን ወይም ገደልን ለማቋረጥ የተሰራ የግንባታ መዋቅር),travel | transport
briefcase,noun,"A flat, rectangular container with a handle, used for carrying documents and papers.",The corporate attorney arrived carrying his legal files in a leather briefcase.,/ˈbriːfkeɪs/,A2,attache case | portfolio | document case,,የሰነድ ቦርሳ (ወረቀቶችንና ላፕቶፕን ለመያዝ የሚያገለግል ጠፍጣፋ ቦርሳ),travel | transport
brightness,noun,The quality or state of giving out or reflecting a lot of light.,She adjusted the screen brightness on her laptop to reduce eye strain.,/ˈbɹaɪtnəs/,A2,luminosity | radiance | brilliance | gleam,dullness,ብሩህነት (የብርሃን ከፍተኛነት ወይም የፈጣን አእምሮ ሁኔታ),society | law
broccoli,noun,A cultivated cabbage of a variety whose large edible flower heads are eaten as a vegetable.,Steam fresh green broccoli florets to accompany the baked salmon.,/ˈbɹɑkəɫi/,A2,cruciferous vegetable | greens,,ብሮኮሊ (አረንጓዴ ቀለም ያለው ለጤና ጠቃሚ የአትክልት አይነት),food | dining
business,noun,"A person's regular occupation, profession, or trade; commercial organization.",He launched a successful online book retail business after college.,/ˈbɪznəs/,A2,enterprise | company | firm | trade,,ንግድ | የንግድ ድርጅት (ዕቃዎችን በማምረትና በመሸጥ ትርፍ የማግኘት ስራ),business | finance
businessman,noun,"A man who works in business or commerce, especially at an executive level.",The international businessman negotiated a major trade agreement.,/ˈbɪznəsˌmæn/,A2,executive | entrepreneur | merchant,,ነጋዴ ወንድ (በንግድ ስራ ላይ የተሰማራ ባለሀብት),business | finance
businesswoman,noun,"A woman who works in business or commerce, especially at an executive level.",The accomplished businesswoman directs a prominent technology enterprise.,/ˈbɪznɪˌswʊmən/,A2,female executive | entrepreneur,,ነጋዴ ሴት (በንግድና በድርጅት አመራር ላይ የተሰማራች ሴት),business | finance
butterfly,noun,"A nectar-feeding insect with two pairs of large, typically brightly colored wings.",A vibrant monarch butterfly fluttered gracefully from flower to flower.,/ˈbətɝˌfɫaɪ/,A2,lepidopteran,,ቢራቢሮ (ውብና ባለቀለም ክንፎች ያሏት በራሪ ነፍሳት),everyday | core
button,noun,A small fastener sewn on a garment to secure an opening by passing through a hole.,She sewed a lost horn button securely back onto her winter overcoat.,/ˈbətən/,A2,fastener | stud | toggle,,ቁልፍ (የልብስ መቆለፊያ፤ ወይም የማሽን ማስነሻ አዝራር),health | medicine
cabbage,noun,"A cultivated plant eaten as a vegetable, having thick green or purple leaves surrounding a round heart.",Shredded fresh cabbage makes a crunchy winter salad slaw.,/ˈkæbɪdʒ/,A2,brassica | leafy vegetable,,ጥቅል ጎመን (ክብ ቅርጽ ያለው ለምግብ የሚውል አትክልት),food | dining
cable,noun,"A thick rope of wire or non-metallic fiber, typically used for transmitting electricity or telecommunication signals.",An insulated internet cable connects the desktop computer to the router.,/ˈkeɪbəɫ/,A2,wire | line | flex | cord,,ገመድ / ኬብል (የኤሌክትሪክ ወይም የኢንተርኔት መስመር የሚያስተላልፍ ጠንካራ ሽቦ),everyday | core
cactus,noun,"A succulent plant with a thick, fleshy stem that bears spines, suited to arid desert conditions.",The desert landscape was dotted with towering saguaro cactus plants.,/ˈkæktəs/,A2,succulent | desert plant,,ቁልቋል (ውሃ አልባ በረሃ ውስጥ የሚበቅል እሾሃማ ተክል),nature | science
cafeteria,noun,A restaurant in which customers serve themselves or are served at a counter and take the food to tables.,Students gather in the school cafeteria to eat lunch together.,/ˌkæfəˈtɪɹiə/,A2,canteen | dining hall | refectory,,ካፌቴሪያ (ምግብና መጠጥ ራስን በራስ አስተናግደው የሚመገቡበት አዳራሽ),food | dining
calculation,noun,A mathematical determination of the amount or number of something.,Double-check every calculation before finalizing the financial audit.,/ˌkæɫkjəˈɫeɪʃən/,A2,computation | reckoning | assessment,,ስሌት (በሂሳብ ቁጥሮችን የማስላት ተግባር),everyday | core
calculator,noun,"Something used for making mathematical calculations, in particular a small electronic device with a keyboard and a visual display.",Use an electronic calculator to compute the complex percentage formula.,/ˈkæɫkjəˌɫeɪtɝ/,A2,computing device | adding machine,,ካልኩሌተር (ሂሳብ ለማስላት የሚያገለግል አነስተኛ የኤሌክትሮኒክስ መሳሪያ),arts | culture
calendar,noun,"A chart or series of pages showing the days, weeks, and months of a particular year.",Mark the date of your final examination clearly on your wall calendar.,/ˈkæɫəndɝ/,A2,almanac | schedule | timetable,,የቀን መቁጠሪያ (የወሩን ቀናት፣ ሳምንታትና ዓመታትን የሚያሳይ ሰንጠረዥ),arts | culture
camel,noun,"A large, long-necked ungulate mammal of arid country, with one or two humps on its back.",Caravans of hardy camels crossed the vast desert sands.,/ˈkæml/,A2,dromedary | bactrian | desert animal,,ግመል (በረሃ ውስጥ ያለ ውሃ ለብዙ ቀናት መጓዝ የሚችል ትልቅ እንስሳ),everyday | core
camera,noun,"A device for recording visual images in the form of photographs, film, or video signals.",She adjusted the focus on her digital camera to capture the mountain sunset.,/ˈkæmɝə/,A2,camcorder | photographic apparatus,,ካሜራ (ፎቶና ቪዲዮ ለመቅረጽ የሚያገለግል መሳሪያ),arts | culture
camp,noun,"A place with temporary accommodation of huts, tents, or other structures, typically used by soldiers or vacationers.",Hikers pitched their tents at the sheltered mountain forest camp.,/ˈkæmp/,A2,encampment | campsite | bivouac,,ካምፕ (በድንኳን ውስጥ ለተወሰነ ጊዜ የሚደረግ ቆይታ),everyday | core
camping,noun,"The activity of spending a vacation living in a tent, camper, or outdoor shelter.",Weekend camping under the starry sky is a wonderful way to reconnect with nature.,/ˈkæmpɪŋ/,A2,bivouacking | outdoor recreation,,ድንኳን ተክሎ ማረፍ (በተፈጥሮ ውስጥ በድንኳን የማደር ጉዞ),home | living
campsite,noun,"A piece of land where people can camp, typically with facilities such as toilets and clean water.",They chose a grassy campsite located beside the freshwater stream.,/ˈkæmpˌsaɪt/,A2,campground | camping ground,,የካምፕ ማረፊያ ስፍራ (ድንኳኖች የሚተከሉበት የተዘጋጀ ክፍት ቦታ),people | society
cancelation,noun,The action of canceling something previously arranged; revocation.,Severe snowstorms caused the flight cancelation of forty departures.,/ˌkænsəˈleɪʃən/,A2,annulment | abandonment | call-off,,መሰረዝ (ቀጠሮን፣ በረራን ወይም ትዕዛዝን ሙሉ በሙሉ ማስቀረት),everyday | core
cap,noun,"A close-fitting hat with a curved visor, typically worn casually.",He pulled his athletic baseball cap down to shield his eyes from the sun.,/ˈkæp/,A2,hat | visor | headgear,,ቆብ (የፊት ለፊት ጥላ ያለው አነስተኛ ባርኔጣ),fashion | clothing
carbon,noun,"The chemical element of atomic number 6, a nonmetal which has two main forms (diamond and graphite).",All organic living matter on Earth is based upon carbon chemistry.,/ˈkɑɹbən/,A2,C | graphite | diamond element,,ካርቦን (በሁሉም ህይወት ባላቸው ነገሮች ውስጥ የሚገኝ የተፈጥሮ ንጥረ-ነገር),travel | transport
card game,noun,A game played with playing cards for entertainment or gambling.,They sat around the kitchen table playing a cheerful card game after supper.,/ˈkɑɹd ˈɡeɪm/,A2,cards | bridge | poker,,የካርታ ጨዋታ (በመጫወቻ ካርታዎች የሚደረግ የቤት ውስጥ ጨዋታ),travel | transport
carpet,noun,A floor covering made from thick woven fabric.,She vacuumed the soft woolen carpet in the living room.,/ˈkɑɹpət/,A2,rug | matting | floor covering,,ምንጣፍ (ወለል ላይ የሚነጠፍ ወፍራም ለስላሳ ጨርቅ),travel | transport
cart,noun,A small wheeled vehicle used for carrying goods while shopping; shopping trolley.,He wheeled the metal shopping cart down the grocery store aisle.,/ˈkɑɹt/,A2,trolley | carriage | wagon,,ጋሪ (ዕቃዎችን ለመጫንና ለመግፋት የሚያገለግል ባለ ጎማ እቃ),travel | transport
cartoon,noun,"An animated film, typically a humorous one drawn digitally or by hand.",Children love watching colorful animal cartoons on weekend mornings.,/kɑɹˈtun/,A2,animation | animated short | caricature,,አኒሜሽን / ካርቱን (ለህጻናት የሚዘጋጅ ተንቀሳቃሽ የስዕል ፊልም),travel | transport
cash,noun,"Money in coins or notes, as distinct from checks, money orders, or credit.",He paid for the groceries in paper cash rather than using a card.,/ˈkæʃ/,A2,paper money | currency | ready money,credit,ጥሬ ገንዘብ (የወረቀት ወይም የሳንቲም በእጅ ያለ ገንዘብ),business | finance
celebrity,noun,"A famous person, especially in entertainment or sports.",The movie star is a well-known international celebrity.,/səˈɫɛbɹɪti/,A2,star | public figure | notable | personality,infamy,ዝነኛ ሰው (በህዝብ ዘንድ በጣም የታወቀ አርቲስት ወይም ስፖርተኛ),people | society
celery,noun,"A cultivated plant of the parsley family, with closely packed succulent leafstalks eaten as a vegetable.",Crisp celery sticks dipped in peanut butter make a crunchy snack.,/ˈsɛɫɝi/,A2,stalk vegetable,,ሰለሪ (ጥሬው ለሰላጣ የሚበላ ረጅም አረንጓዴ አትክልት),food | dining
cell phone,noun,A portable telephone that works via radio waves over a cellular network.,He checked his cell phone for new text messages.,/ˈsɛɫ ˈfoʊn/,A2,mobile phone | smartphone | mobile,,ተንቀሳቃሽ ስልክ (በእጅ የሚያዝ የሞባይል ስልክ),technology | digital
cent,noun,"A monetary unit in various countries, equal to one hundredth of a dollar or other decimal currency.",He received fifty cents in change after paying with a dollar bill.,/ˈsɛnt/,A2,penny | one-hundredth,,ሳንቲም (የዶላር አንድ መቶኛ ክፍል),everyday | core
center,noun,The point that is equally distant from every point on the circumference of a circle or sphere.,Place the vase of flowers directly in the center of the dining table.,/ˈsɛnɝ/,A2,middle | midpoint | core | hub,,ማዕከል (የአንድ ቦታ ወይም ከተማ እምብርት),fashion | clothing
centimeter,noun,"A metric unit of length, equal to one hundredth of a meter.",The textbook measures twenty-five centimeters in height.,/ˈsɛntəˌmitɝ/,A2,cm | metric length,,ሴንቲሜትር (የርዝመት መለኪያ፤ የአንድ ሜትር አንድ መቶኛ),time | calendar
century,noun,A period of one hundred consecutive years.,The industrial revolution transformed manufacturing in the nineteenth century.,/ˈsɛntʃɝi/,A2,hundred years | centenary,,ክፍለ-ዘመን (የመቶ ዓመታት ጊዜ),time | calendar
chain,noun,A series of connected metal rings or links worn as jewelry around the neck.,She wore a delicate gold chain with a small heart pendant.,/ˈtʃeɪn/,A2,necklace | links | pendant necklace,,ሰንሰለት (የተያያዙ የብረት ቀለበቶች ስብስብ),everyday | core
character,noun,"A person in a novel, play, or movie.",The detective is the most intriguing character in the mystery novel.,/ˈkɛɹɪktɝ/,A2,persona | role | figure,,ባህሪ | ገጸ-ባህሪ (የአንድ ሰው ስብዕና፤ ወይም በፊልም ውስጥ ያለ ገጸ-ባህሪ),arts | culture
chat,noun,"An informal conversation, or an exchange of text messages online.",We had an informative online chat with the customer support team.,/ˈtʃæt/,A2,talk | conversation | instant message,,ጨዋታ | ወሬ (ቀለል ያለ የወዳጅነት ንግግር ወይም የጽሁፍ ልውውጥ),technology | digital
check,noun,An order to a bank to pay a stated sum from the drawer's account.,He wrote an official bank check to cover the monthly apartment rent.,/ˈtʃɛk/,A2,cheque | draft | payment order,,ቼክ (ከባንክ ገንዘብ ለማውጣት የሚሰጥ የክፍያ ወረቀት),society | law
chest,noun,The front surface of a person's body between the neck and the stomach.,He crossed his arms firmly across his chest.,/ˈtʃɛst/,A2,torso | breast | thorax,,ደረት (ከትከሻ በታች እስከ ሆድ ድረስ ያለው የሰውነት የፊት ክፍል),health | medicine
chinese,noun,"A group of languages used by the majority of people in China, particularly Mandarin.",She is practicing stroke order to write Chinese characters accurately.,/tʃaɪˈniz/,A2,Mandarin | Sinitic language,,ቻይንኛ (የቻይና አገር ቋንቋ ወይም ባህል),arts | culture
choice,noun,An act of selecting or making a decision when faced with two or more possibilities.,Students have a wide choice of academic electives this semester.,/ˈtʃɔɪs/,A2,selection | option | pick | alternative,,ምርጫ (ከተለያዩ አማራጮች መካከል አንዱን የመምረጥ መብት),everyday | core
church,noun,A building used for public Christian worship.,The cathedral church features magnificent stained glass windows.,/ˈtʃɝtʃ/,A2,chapel | cathedral | sanctuary | temple,,ቤተክርስቲያን (የክርስቲያኖች የአምልኮና የጸሎት ስፍራ),travel | transport
cinema,noun,A movie theater; a theater where films are shown for public entertainment.,They walked to the neighborhood cinema to watch the new comedy.,/ˈsɪnəmə/,A2,movie theater | film house | picture palace,,ሲኒማ ቤት (ፊልም ለህዝብ በትልቅ ስክሪን የሚታይበት አዳራሽ),food | dining
circle,noun,A round plane figure whose boundary consists of points equidistant from a fixed center point.,Students arranged their chairs into a large circle for classroom discussion.,/ˈsɝkəɫ/,A2,ring | orb | disc | loop,,ክብ (ምንም ጥግ የሌለው የተሟላ ክብ ቅርጽ),everyday | core
city hall,noun,The administrative building of a municipal government.,Citizens gathered at city hall to attend the public urban development hearing.,/ˈsɪti ˈhɔɫ/,A2,municipal building | town hall | guildhall,,የከተማው አስተዳደር ማዘጋጃ ቤት (የከተማው ከንቲባና አስተዳደር የሚገኝበት ህንፃ),society | law
classmate,noun,A person who is in the same class as oneself at school or college.,She collaborated with her classmate to complete the history assignment.,/ˈkɫæsˌmeɪt/,A2,schoolmate | peer | fellow student,,የክፍል ጓደኛ (በትምህርት ቤት በአንድ ክፍል ውስጥ አብሮ የሚማር ተማሪ),education | academic
clause,noun,"A unit of grammatical organization next below the sentence in rank, comprising a subject and predicate.",A complex sentence consists of an independent clause and a subordinate clause.,/ˈkɫɔz/,A2,sentence part | phrase unit,,ሀረግ / አንቀጽ (የአረፍተ-ነገር ክፍል፤ ወይም በውል ውስጥ ያለ አንቀጽ),everyday | core
cleaner,noun,A person employed to clean the interior of a building or rooms.,The evening cleaner vacuumed the office carpets and emptied wastebaskets.,/ˈkɫinɝ/,A2,janitor | housekeeper | custodian,,ጽዳት ሰራተኛ (ቤቶችንና ቢሮዎችን የሚያጸዳ ሰራተኛ),people | society
cleaning,noun,The act or process of making something free of dirt or clutter.,"Spring cleaning involves washing curtains, polishing floors, and decluttering rooms.",/ˈkɫinɪŋ/,A2,housecleaning | scrubbing | tidying | sanitation,,ማጽዳት (ቆሻሻን የማስወገድና የማጽዳት ስራ),everyday | core
climate,noun,The weather conditions prevailing in an area in general or over a long period.,"The Mediterranean coast enjoys a warm, temperate, and sunny climate.",/ˈkɫaɪmət/,A2,weather conditions | meteorological pattern,,የአየር ንብረት (የአንድ አካባቢ የረጅም ጊዜ የአየር ሁኔታ ሁኔታ),food | dining
climate change,noun,Long-term shifts in global or regional temperatures and weather patterns.,International treaties seek to combat climate change by cutting carbon emissions.,/ˈkɫaɪmət ˈtʃeɪndʒ/,A2,global warming | climatic shift,,የአየር ንብረት ለውጥ (በዓለም ዙሪያ የሚታይ የአየር ንብረት መዛባት),food | dining
climbing,noun,The sport or activity of ascending mountains or rock faces.,Rock climbing builds immense upper body strength and mental focus.,/ˈkɫaɪmɪŋ/,A2,mountaineering | scaling | bouldering,,ተራራ መውጣት (በእጅና በእግር ተራራ የመውጣት ስፖርት),sports | recreation
clothes store,noun,A retail shop that sells clothing and apparel.,The new downtown clothes store offers tailored jackets and casual jeans.,/ˈkɫoʊðz ˈstɔɹ/,A2,apparel shop | boutique | garment store,,የልብስ መደብር (የተለያዩ ልብሶች የሚሸጡበት ሱቅ),technology | digital
clothing,noun,Clothes collectively; garments worn on the body.,Pack protective winter clothing before traveling to mountainous regions.,/ˈkɫoʊðɪŋ/,A2,apparel | garments | attire | wear,,አልባሳት (የተለያዩ የልብስ አይነቶች),health | medicine
club,noun,An association or organization of people dedicated to a particular interest or activity.,She joined the university literature club to discuss contemporary novels.,/ˈkɫəb/,A2,society | association | circle | guild,,ክበብ (የስፖርት ወይም የመዝናኛ አባላት ስብስብ),arts | culture
coach,noun,An athletic instructor or trainer in sport.,The head basketball coach called a timeout to organize defense.,/ˈkoʊtʃ/,A2,trainer | instructor | mentor | manager,,አሰልጣኝ | የረጅም ርቀት አውቶቡስ (ስፖርተኞችን የሚያሰለጥን ባለሙያ፤ ወይም ትልቅ አውቶቡስ),travel | transport
coast,noun,The part of the land adjoining or near the ocean or sea.,We drove along the rugged Pacific coast stopping at secluded bays.,/ˈkoʊst/,A2,shore | coastline | seaside | littoral,,የባህር ጠረፍ (መሬትና ባህር የሚገናኙበት የዳርቻ ወሰን),nature | science
cockroach,noun,"A beetle-like insect with long antennae and a flat brownish body, considered a household pest.",Keep kitchen counters clean and dry to deter unwelcome cockroaches.,/ˈkɑˌkɹoʊtʃ/,A2,roach | blattid,,በረሮ (ቆሻሻ ውስጥ የምትኖር ቡናማ ነፍሳት),health | medicine
coffee maker,noun,An electric countertop appliance that brews hot coffee automatically.,He filled the coffee maker with fresh water and ground beans every morning.,/ˈkɑfi ˈmeɪkɝ/,A2,coffee brewer | espresso machine,,የቡና ማፍያ ማሽን (ቡናን በፍጥነት አፍልቶ የሚያዘጋጅ የኤሌክትሪክ ዕቃ),technology | digital
coffee shop,noun,"A cafe serving coffee, other drinks, and light meals.",We met at the quiet neighborhood coffee shop to discuss our assignment.,/ˈkɑfi ˈʃɑp/,A2,cafe | coffeehouse | espresso bar,,ካፌ / የቡና ቤት (ትኩስ ቡናና መክሰስ የሚሸጥበት አነስተኛ ሬስቶራንት),food | dining
comedy,noun,"A movie, play, or broadcast program intended to make an audience laugh.",We watched an amusing comedy that put everyone in good spirits.,/ˈkɑmədi/,A2,humorous play | farce | satire,tragedy,ኮሜዲ (ሰውን የሚያስቅና የሚያዝናና የተውኔት ወይም የፊልም አይነት),travel | transport
comment,noun,"A remark, explanation, or observation made in speech or in writing on an online post.",He left an encouraging comment beneath the author's latest article.,/ˈkɑmɛnt/,A2,remark | observation | feedback | note,,አስተያየት (ስለ አንድ ጉዳይ የሚሰጥ ሀሳብ ወይም ትችት),technology | digital
communication,noun,"The imparting or exchanging of information, ideas, or feelings.",Clear communication is essential for effective teamwork.,/kəmˌjunəˈkeɪʃən/,A2,interaction | dialogue | correspondence | transmission,,መግባባት / ግንኙነት (ሀሳብንና መረጃን በንግግር ወይም በጽሁፍ የመለዋወጥ ሂደት),emotions | psychology
company,noun,A commercial business or enterprise.,The logistics company transports goods across the entire country.,/ˈkəmpəˌni/,A2,firm | enterprise | corporation | business,,ኩባንያ (ለትርፍ የተቋቋመ የንግድ ድርጅት),business | finance
competition,noun,An event or contest in which people compete against each other in athletics or skill.,Hundreds of runners registered for the annual city marathon competition.,/ˌkɑmpəˈtɪʃən/,A2,contest | tournament | match | championship,cooperation,ውድድር (አሸናፊ ለመሆን በስፖርት ወይም በንግድ የሚደረግ ፉክክር),people | society
computer,noun,An electronic device for storing and processing data according to instructions.,Modern offices rely on computer networks for accounting and operations.,/kəmˈpjutɝ/,A2,PC | workstation | processor,,ኮምፒውተር (መረጃዎችን የሚያሰላና የሚያከማች የኤሌክትሮኒክስ ማሽን),technology | digital
concert,noun,A musical performance given in public by several performers or of several separate compositions.,Thousands of music fans bought tickets for the outdoor evening concert.,/ˈkɑnsɝt/,A2,musical performance | recital | gig | show,,የሙዚቃ ኮንሰርት (ሙዚቀኞች በመድረክ ላይ ለህዝብ የሚያቀርቡት የሙዚቃ ትርኢት),arts | culture
condition,noun,"The state of something, especially with regard to its appearance or working order; weather state.",Blizzard winds created hazardous driving conditions along the mountain highway.,/kənˈdɪʃən/,A2,state | shape | situation | climate,,ሁኔታ (የአንድ ሰው ጤና ወይም የአንድ ነገር ይዞታ),society | law
confusion,noun,"Uncertainty about what is happening, intended, or required.",Clear road signs eliminated commuter confusion at the intersection.,/kənˈfjuʒən/,A2,bewilderment | perplexity | puzzlement | disarray,,ግራ መጋባት (ነገሮች ግልጽ ባለመሆናቸው የሚፈጠር የመደናገር ስሜት),technology | digital
conversation,noun,"A talk, especially an informal one, between two or more people.",They had an engaging conversation about music and literature.,/ˌkɑnvɝˈseɪʃən/,A2,chat | dialogue | discussion | talk,,ውይይት / ጭውውት (በሁለት ወይም በብዙ ሰዎች መሀል የሚደረግ ንግግር),communication
cookbook,noun,A book containing recipes and other information about the preparation and cooking of food.,Grandmother gave her a vintage cookbook filled with traditional soups.,/ˈkʊkˌbʊk/,A2,recipe book | manual,,የምግብ አዘገጃጀት መጽሐፍ (የተለያዩ ምግቦች እንዴት እንደሚዘጋጁ የሚያስተምር መጽሐፍ),food | dining
cooking,noun,The practice or skill of preparing food by combining and heating ingredients.,She finds great creative relaxation in weekend culinary cooking.,/ˈkʊkɪŋ/,A2,cuisine | cookery | food preparation,,ምግብ ማብሰል (ምግብን በእሳት አብስሎ የማዘጋጀት ጥበብ),food | dining
cost,noun,An amount that has to be paid or spent to buy or obtain something.,The total cost of the hotel booking included breakfast and complimentary Wi-Fi.,/ˈkɑst/,A2,expense | expenditure | price | outlay,,ዋጋ / ወጪ (አንድን ዕቃ ለመግዛት የሚከፈል የገንዘብ መጠን),business | finance
cough,noun,"A sudden, forceful, and noisy expulsion of air from the lungs, clearing the airways.",A dry persistent cough lingered for two weeks after his cold.,/ˈkɑf/,A2,respiratory reflex | hack | bark,,ሳል (ከሳንባ አየር በኃይል በድምጽ የሚወጣበት የህመም ምልክት),everyday | core
countryside,noun,"The land and scenery of a rural area, as opposed to towns or cities.",They escaped the noisy city to spend a peaceful weekend in the countryside.,/ˈkəntɹiˌsaɪd/,A2,rural area | landscape | country,,ገጠር (ከከተማ ርቆ ያለ እርሻና የተፈጥሮ መንደር),everyday | core
couple,noun,"Two people who are married, engaged, or in a romantic relationship.",The young couple walked hand-in-hand along the quiet waterfront path.,/ˈkəpəɫ/,A2,pair | partners | duo,,ጥንዶች (በባልና ሚስትነት ወይም በፍቅር የተጣመሩ ሁለት ሰዎች),travel | transport
course,noun,"A series of lectures or lessons in a particular subject, typically leading to an exam or qualification.",She enrolled in an intensive beginner course in Spanish.,/ˈkɔɹs/,A2,class | curriculum | program | syllabus,,ኮርስ | አቅጣጫ (የትምህርት ክፍለ-ጊዜ፤ ወይም የመርከብ የጉዞ አቅጣጫ),education | academic
credit card,noun,A small plastic card issued by a bank allowing the holder to purchase goods on credit.,She tapped her credit card at the terminal to pay for dinner.,/ˈkɹɛdət ˈkɑɹd/,A2,charge card | plastic money,,ክሬዲት ካርድ (በብድር ክፍያ ለመፈጸም የሚያስችል የባንክ ፕላስቲክ ካርድ),business | finance
cricket,noun,"An open-air game played on a large grass pitch with bats, a ball, and wickets, between two teams of eleven.",Spectators gathered under the pavilion to watch a test match of cricket.,/ˈkɹɪkət/,A2,wicket game | bat-and-ball game,,ክሪኬት (በባትና በኳስ የሚጫወቱት ስፖርት፤ ወይም የምትጮህ ትንሽ ነፍሳት),sports | recreation
crocodile,noun,A large predatory semiaquatic reptile with thick armored skin and long powerful jaws.,A massive Nile crocodile basked silently on the sandy riverbank.,/ˈkɹɑkəˌdaɪɫ/,A2,croc | crocodilian | alligator,,አዞ (በወንዝ ዳርቻ የሚኖር ትልቅና አደገኛ ተሳቢ እንስሳ),everyday | core
cross,noun,"A mark, object, or figure formed by two intersecting lines or bars.",Red crosses on the map indicated emergency aid stations.,/ˈkɹɔs/,A2,crucifix | intersection | plus sign,,መስቀል (የክርስቲያኖች እምነት ምልክት፤ ወይም የሁለት መስመሮች መቆራረጥ),everyday | core
cruise,noun,"A voyage on a ship or boat taken for pleasure, typically calling in at several ports.",They celebrated their anniversary with a relaxing Mediterranean cruise.,/ˈkɹuz/,A2,boat voyage | sailing trip,,የባህር ላይ የመርከብ ሽርሽር (በትልቅ መርከብ ለመዝናናት የሚደረግ የባህር ጉዞ),travel | transport
culture,noun,"The ideas, customs, and social behavior of a particular people or society.",Traveling internationally exposes individuals to diverse traditions and culture.,/ˈkəɫtʃɝ/,A2,customs | heritage | civilization | folklore,,ባህል (የአንድ ህዝብ ወግ፣ ልማድ፣ እምነትና የአኗኗር ዘይቤ),emotions | psychology
cure,noun,A substance or treatment that ends an illness or disease and restores health.,Scientists are searching for a permanent cure for chronic autoimmune conditions.,/ˈkjʊɹ/,A2,remedy | treatment | antidote | panacea,,መድሃኒት / ፈውስ (ህመምን ሙሉ በሙሉ የሚያድን ህክምና),health | medicine
curtain,noun,"A piece of material suspended for use as a screen, especially at a window.",She pulled the velvet curtains closed to block the bright afternoon sun.,/ˈkɝtən/,A2,drape | blind | screen | hanging,,መጋረጃ (መስኮትን ወይም በርን ለመሸፈን የሚሰቀል ጨርቅ),nature | science
cushion,noun,"A soft bag of cloth stuffed with feathers, foam, or fiber, used to make a seat comfortable.",Plump up the decorative velvet cushions on the living room sofa.,/ˈkʊʃən/,A2,pillow | pad | bolster,,ትራስ / ሶፋ መደገፊያ (ሶፋ ላይ የሚቀመጥ ለስላሳ መደገፊያ),food | dining
customer,noun,A person or organization that buys goods or services from a store or other business.,The polite cashier thanked each departing customer warmly.,/ˈkəstəmɝ/,A2,patron | client | buyer | consumer,,ደንበኛ / ገዢ (ዕቃ ወይም አገልግሎት የሚገዛ ሰው),business | finance
customs,noun,"The official department that administers and collects duties levied on imported goods, inspecting baggage.",Pass through airport customs and declare any commercial imports.,/ˈkəstəmz/,A2,border control | duty inspection,,ጉምሩክ (ወደ አገር የሚገቡና የሚወጡ እቃዎችን የሚቆጣጠር የመንግስት መስሪያ ቤት),arts | culture
daddy,noun,"An affectionate or familiar word for father, especially used by young children.",The little girl smiled brightly and ran to hug her daddy.,/ˈdædi/,A2,dad | papa | father,,አባባ / አባዬ (ልጆች ለአባታቸው የሚሰጡት የፍቅር መጠሪያ),people | society
dancer,noun,"A person who dances, either as a hobby or as a profession.",The graceful ballerina is a principal dancer in the national company.,/ˈdænsɝ/,A2,ballerina | performer | choreographer,,ዳንሰኛ (በሙዚቃ ስልት ሰውነቱን አወዛውዞ የሚደንስ ባለሙያ),arts | culture
danger,noun,The possibility of suffering harm or injury.,Warning signs along the cliff alert hikers to potential danger.,/ˈdeɪndʒɝ/,A2,hazard | peril | risk | threat,safety,አደጋ (ጉዳት ወይም ሞት ሊያስከትል የሚችል ሁኔታ),emotions | psychology
dark chocolate,noun,"Chocolate with a high percentage of cocoa solids and little or no added milk, having a bittersweet flavor.","Dark chocolate is rich in antioxidants and has a deep, complex flavor.",/ˈdɑɹk ˈtʃɔkɫət/,A2,bittersweet chocolate | black chocolate,,ጥቁር ቸኮሌት (ያለ ወተት የተዘጋጀ ጥቁር መረር ያለ ቸኮሌት),food | dining
darkness,noun,The partial or total absence of light.,A flickering candle illuminated the deep darkness of the cave.,/ˈdɑɹknəs/,A2,shadows | dimness | gloom | blackness,light | lightness,ጨለማ (ምንም አይነት ብርሃን የሌለበት ሁኔታ),arts | culture
data,noun,Facts and statistics collected together for reference or analysis.,Researchers analyzed the clinical data to verify treatment effectiveness.,/ˈdætə/,A2,information | statistics | figures | input,,መረጃ / ዳታ (በኮምፒውተር የሚሰበሰቡ ቁጥሮችና እውነታዎች),technology | digital
death,noun,The action or fact of dying or being killed; the end of life of a person or organism.,The historical archives record the king's untimely death in battle.,/ˈdɛθ/,A2,demise | passing | mortality | decease,birth,ሞት (የህይወት ፍጻሜ),food | dining
debit card,noun,A card allowing the holder to transfer money electronically from their bank account when making a purchase.,He used his debit card to withdraw cash from the automated teller machine.,/ˈdɛbɪt ˈkɑɹd/,A2,bank card | ATM card,,ዴቢት ካርድ (ካለው የባንክ ሂሳብ ላይ በቀጥታ ክፍያ የሚፈጽም ፕላስቲክ ካርድ),business | finance
decade,noun,A period of ten consecutive years.,The past decade witnessed dramatic advances in computer technologies.,/ˈdɛkeɪd/,A2,ten years | decennium,,አስርት ዓመታት (የአስር ዓመታት ጊዜ),time | calendar
decision,noun,A conclusion or resolution reached after consideration.,Making the right career decision requires careful reflection and research.,/dɪˈsɪʒən/,A2,resolution | verdict | determination | choice,indecisiveness | indecision,ውሳኔ (ካሉ አማራጮች መካከል የተመረጠ ጽኑ ውሳኔ),everyday | core
deer,noun,A hoofed grazing or browsing animal with branched antlers that are typically shed annually by the male.,A gentle herd of wild deer grazed quietly at the edge of the forest.,/ˈdɪɹ/,A2,stag | doe | buck | fawn,,አጋዘን (ቀንድ ያላት ፈጣን የዱር እንስሳ),nature | science
degree,noun,"A unit of measurement of angles or temperature, shown by the symbol °.",Water freezes at zero degrees Celsius and boils at one hundred degrees.,/dɪˈɡɹi/,A2,unit | level | extent,,ዲግሪ | የሙቀት መለኪያ (የዩኒቨርሲቲ የትምህርት ማዕረግ፤ ወይም የሙቀት መጠን),education | academic
department,noun,"A division of a large organization, such as a university or a store.",Ask the store clerk for assistance in the children's footwear department.,/dɪˈpɑɹtmənt/,A2,section | division | sector | branch,,ክፍል / መምሪያ (በአንድ ድርጅት ወይም ዩኒቨርሲቲ ውስጥ ያለ የስራ ክፍል),education | academic
departure,noun,"The action of leaving, especially to start a journey.",Please proceed to terminal gate four twenty minutes before departure.,/dɪˈpɑɹtʃɝ/,A2,takeoff | exit | leaving,,መነሳት (አውሮፕላን ወይም ባቡር መጓዝ የሚጀምርበት ሰዓት),travel | transport
depth,noun,The distance from the top or surface to the bottom of something.,The diving pool has an overall water depth of four meters.,/ˈdɛpθ/,A2,deepness | vertical extent,,ጥልቀት (ከላይ እስከ ታች ድረስ ያለው ርዝመት),everyday | core
desert,noun,"A dry, barren area of land, especially one covered with sand, characteristically desolate.",Camels traveled across the vast dunes of the Sahara Desert.,/ˈdɛzɝt/,A2,wasteland | wilderness | arid land,,በረሃ (ውሃና ተክሎች የሌሉበት እጅግ ደረቅና አሸዋማ መሬት),everyday | core
designer,noun,"A person who plans the look or markings of something before it is made, by preparing drawings or models.",The graphic designer created an eye-catching cover for the book.,/dɪˈzaɪnɝ/,A2,creator | planner | architect | stylist,,ነዳፊ / ዲዛይነር (ልብስን፣ ህንፃን ወይም ድረ-ገጽን የሚነድፍ ባለሙያ),people | society
dessert,noun,The sweet course eaten at the end of a meal.,Warm apple pie with vanilla ice cream is a classic dessert.,/dɪˈzɝt/,A2,pudding | sweet | confection,,ጣፋጭ ምግብ (ከምሳ ወይም ከእራት በኋላ የሚበላ ኬክ፣ ፍራፍሬ ወይም አይስክሬም),food | dining
detective,noun,"A person, especially a police officer, whose occupation is investigating and solving crimes.",The private detective examined the crime scene for hidden clues.,/dɪˈtɛktɪv/,A2,investigator | sleuth | inspector,,መርማሪ (የወንጀል ምስጢርን የሚመረምር የፖሊስ ባለሙያ),society | law
detective story,noun,A narrative story or movie centering on the investigation of a crime by a detective.,She loves solving riddles while reading a classic detective story.,/dɪˈtɛktɪv ˈstɔɹi/,A2,whodunit | mystery | crime thriller,,የመርማሪ ታሪክ (የወንጀል ምርመራንና ምስጢር መገለጥን የሚተርክ መጽሐፍ),society | law
device,noun,A piece of mechanical or electronic equipment made or adapted for a particular purpose.,A smartphone is an indispensable handheld digital device.,/dɪˈvaɪs/,A2,gadget | appliance | instrument | machine,,መሳሪያ (ለአንድ ልዩ ተግባር የተሰራ የኤሌክትሮኒክስ መገልገያ),arts | culture
diamond,noun,A figure with four straight sides of equal length forming two acute and two obtuse angles; rhombus.,A bright yellow diamond road sign warned motorists of a sharp bend.,/ˈdaɪmənd/,A2,rhombus | lozenge,outfield,አልማዝ (እጅግ በጣም ጠንካራና ውድ የሆነ አንጸባራቂ ማዕድን),everyday | core
dictionary,noun,A book or electronic resource that lists the words of a language and gives their meaning.,Consult an English dictionary to look up unfamiliar headwords.,/ˈdɪkʃəˌnɛɹi/,A2,lexicon | glossary | wordbook,,መዝገበ-ቃላት (የቃላትን ትርጉም በፊደል ቅደም ተከተል የያዘ መጽሐፍ),technology | digital
diet,noun,"The kinds of food that a person, animal, or community habitually eats.","A balanced Mediterranean diet includes olive oil, fish, and vegetables.",/ˈdaɪət/,A2,nutrition | food regimen | nourishment,,የአመጋገብ ስርዓት (አንድ ሰው በየቀኑ የሚመገበው የምግብ አይነት),food | dining
director,noun,"A person who supervises the actors, camera crew, and other staff for a movie or play.",The acclaimed director envisioned a breathtaking panoramic film.,/daɪˈɹɛktɝ/,A2,filmmaker | producer | supervisor,,ዳይሬክተር / አዘጋጅ (የፊልም አዘጋጅ፤ ወይም የድርጅት የበላይ መሪ),arts | culture
disaster,noun,"A sudden event, such as an accident or a natural catastrophe, that causes great damage or loss of life.",The severe flood was recognized as a major national disaster.,/dɪˈzæstɝ/,A2,catastrophe | calamity | tragedy | cataclysm,,የተፈጥሮ አደጋ (እንደ የመሬት መንቀጥቀጥ ወይም ጎርፍ ያለ ታላቅ ጥፋት),food | dining
discovery,noun,The action or process of discovering or being discovered; something found.,The discovery of penicillin revolutionized modern medical treatment.,/ˌdɪsˈkəvɹi/,A2,breakthrough | find | revelation | detection,,አዲስ ግኝት (ቀደም ሲል ያልታወቀ ነገር ተፈልጎ መገኘቱ),everyday | core
discussion,noun,The action or process of talking about something in order to reach a decision.,The committee held a fruitful discussion on urban housing.,/dɪˈskəʃən/,A2,dialogue | debate | consultation | conference,,ውይይት (ስለ አንድ ርዕስ ሀሳብን የመለዋወጥ ሂደት),communication
disease,noun,"A disorder of structure or function in a human, animal, or plant, especially one that produces specific signs.",Vaccines protect populations against contagious infectious diseases.,/dɪˈziz/,A2,illness | sickness | infection | ailment,,በሽታ (የሰውነትን ወይም የአእምሮን ጤና የሚያውክ ህመም),health | medicine
disgust,noun,A feeling of revulsion or profound disapproval aroused by something unpleasant or offensive.,He turned away in disgust from the pile of rotting garbage.,/dɪsˈɡəst/,A2,revulsion | abhorrence | distaste | aversion,,መጸየፍ / ማቅለሽለሽ (በጣም አስጸያፊ ነገር ሲታይ የሚሰማ የመጥላት ስሜት),emotions | psychology
dishwasher,noun,"A machine for washing dishes, pots, and eating utensils automatically.",Load the dirty dinner plates and glasses into the dishwasher.,/ˈdɪʃˌwɑʃɝ/,A2,dish machine,,የእቃ ማጠቢያ ማሽን (ሳህኖችንና ብርጭቆዎችን በራስ-ሰር የሚያጥብ ማሽን),food | dining
district,noun,"An area of a country or city, especially one regarded as a distinct unit because of its characteristics.",The historic downtown district is renowned for its art galleries and cafes.,/ˈdɪstɹɪkt/,A2,borough | neighborhood | precinct | sector,,ወረዳ / አውራጃ (የተወሰነ የአስተዳደር ክልል),everyday | core
diving,noun,"The sport or activity of jumping into water head first with graceful acrobatics, or swimming underwater.",The athlete scored perfect tens in the ten-meter platform diving finals.,/ˈdaɪvɪŋ/,A2,plunging | scuba | springboard diving,,ዋና መጥለቅ (ወደ ጥልቅ ውሃ ውስጥ ሰምጦ የመዋኘት ስፖርት),sports | recreation
document,noun,"A piece of written, printed, or electronic matter that provides information or evidence.",Please print out two copies of the official enrollment document.,/ˈdɑkjəmɛnt/,A2,file | record | paper | certificate,,ሰነድ (ጠቃሚ መረጃን የያዘ ህጋዊ ጽሁፍ ወይም ወረቀት),technology | digital
documentary,noun,A movie or television program providing a factual record or report on a subject.,They screened an award-winning documentary about marine life conservation.,/ˌdɑkjəˈmɛnɝi/,A2,non-fiction film | reportage | chronicle,,ዘጋቢ ፊልም (በእውነተኛ እውነታዎችና ታሪኮች ላይ የተመሰረተ ፊልም),arts | culture
dollar,noun,"The basic monetary unit of the US, Canada, Australia, and certain other countries, equal to 100 cents.",The book cost twelve dollars and fifty cents at the campus bookstore.,/ˈdɑɫɝ/,A2,buck | monetary unit,,ዶላር (የአሜሪካና የበርካታ አገሮች ይፋዊ የገንዘብ ምንዛሬ),everyday | core
dolphin,noun,A small gregarious toothed whale that typically has a beaklike snout and playful behavior.,A pod of dolphins leaped gracefully through the ocean waves beside our ship.,/ˈdɑɫfən/,A2,cetacean | marine mammal | porpoise,,ዶልፊን (በጣም ብልህና ተግባቢ የሆነ የባህር ውስጥ አጥቢ እንስሳ),emotions | psychology
dot,noun,A small round mark or spot.,Place a clear black dot at the end of each completed sentence.,/ˈdɑt/,A2,point | spot | speck | fleck,,ነጥብ (በወረቀት ላይ የሚደረግ ትንሽ ክብ ነጥብ),everyday | core
double room,noun,"A hotel room suitable for two people, typically with a double bed or two singles.",The couple booked a comfortable double room with a balcony overlooking the bay.,/ˈdəbəɫ ˈɹum/,A2,double bedroom,,ባለሁለት አልጋ ክፍል (በሆቴል ውስጥ ለሁለት ሰዎች የተዘጋጀ የመኝታ ክፍል),people | society
downtown,noun,The central part or main business and commercial area of a city.,Many major banks and corporation headquarters are situated in downtown.,/ˈdaʊnˈtaʊn/,A2,city center | central business district | core,,የከተማው እምብርት / ማዕከል (የንግድና የመዝናኛ እንቅስቃሴዎች የበዙበት የከተማ ክፍል),business | finance
drama,noun,"A play for theater, radio, or television, typically with serious or emotional themes.",The actors rehearsed an intense historical drama set during wartime.,/ˈdɹɑmə/,A2,play | dramatic piece | theater work,,ተውኔት / ድራማ (በመድረክ ወይም በቴሌቪዥን የሚቀርብ የገጸ-ባህሪያት ትርኢት),emotions | psychology
drawing,noun,"A picture or diagram made with a pencil, pen, or crayon rather than paint.",The young student created a detailed architectural drawing of a house.,/ˈdɹɔɪŋ/,A2,sketch | illustration | artwork | diagram,,ስዕል (በእርሳስ ወይም በብዕር የተሳለ ምስል),health | medicine
drought,noun,"A prolonged period of abnormally low rainfall, leading to a shortage of water.",A severe prolonged drought dried up the farmland irrigation canals.,/ˈdɹaʊt/,A2,dry spell | water shortage | aridity,,ድርቅ (ዝናብ ባለመዝነቡ ምክንያት የሚፈጠር ከባድ የውሃና የምግብ እጥረት),nature | science
drum,noun,A percussion instrument sounded by being struck with sticks or the hands.,The rhythmic beat of the marching drum kept the soldiers in step.,/ˈdɹəm/,A2,percussion | snare | kettledrum,,ከበሮ (እየተመታ የሚጫወት የሙዚቃ መሳሪያ),arts | culture
dude,noun,A casual or slang term used to refer to a man or person.,"Hey dude, are you coming with us to the basketball game?",/ˈdud/,A2,guy | fellow | chap | mate,,ጓደኛዬ / ወዳጄ (በወጣቶች መሀል ለወንድ የሚነገር ቀለል ያለ መጠሪያ),people | society
dvd,noun,"A type of compact disc able to store large amounts of data, especially high-resolution audiovisual material.",We watched an old documentary film stored on a digital DVD.,/ˌdiˌviˈdi/,A2,optical disc | disc,,ዲቪዲ (ፊልሞችንና ቪዲዮዎችን ለማየት የሚያገለግል አንጸባራቂ ዲስክ),technology | digital
eagle,noun,"A large bird of prey with a massive hooked bill, broad wings, and keen vision.",A majestic golden eagle soared high above the rugged mountain canyon.,/ˈiɡəɫ/,A2,raptor | bird of prey | harrier,,ንስር (ስለታም እይታና ጥፍር ያለው ግዙፍ አዳኝ አሞራ),travel | transport
earache,noun,"Pain inside the ear, typically caused by inflammation or infection.",The child cried with a painful earache after swimming in the cold lake.,/ˈɪrˌeɪk/,A2,ear pain | otalgia,,የጆሮ ህመም (በጆሮ ውስጠኛ ክፍል የሚሰማ ህመም),health | medicine
earring,noun,A piece of jewelry worn on the lobe or edge of the ear.,She lost a pearl earring while taking off her woolen scarf.,/ˈiɹɪŋ/,A2,ear stud | ear pendant | drop,,የጆሮ ጌጥ / ጉትቻ (በጆሮ ላይ የሚደረግ የውበት ጌጣጌጥ),everyday | core
earthquake,noun,"A sudden and violent shaking of the ground, sometimes causing great destruction, as a result of movements within the earth's.",The powerful earthquake damaged several historic masonry buildings.,/ˈɝθˌkweɪk/,A2,tremor | seism | quake,,የመሬት መንቀጥቀጥ (የመሬት ገጽታ በድንገት ሲናወጥ የሚፈጠር የተፈጥሮ አደጋ),food | dining
effect,noun,A change which is a result or consequence of an action or other cause.,The antibiotic medication had an immediate positive effect on his health.,/ˈifɛkt/,A2,result | consequence | outcome | impact,,ውጤት (አንድ ተግባር የሚያስከትለው ለውጥ ወይም ተጽዕኖ),everyday | core
eggplant,noun,"The purple egg-shaped fruit of a tropical Old World plant, eaten as a vegetable; aubergine.",She baked sliced eggplant layered with cheese and tomato sauce.,/ˈɛɡˌpɫænt/,A2,aubergine | brinjal,,ደበርጃን (ጥቁር ሐምራዊ ልጣጭ ያለው የምግብ አትክልት),food | dining
egypt,noun,"A country in northeastern Africa linking Africa with the Middle East, famed for ancient pharaohs and pyramids.",The monumental stone pyramids of Egypt have stood for thousands of years.,/ˈidʒəpt/,A2,Arab Republic of Egypt,,ግብጽ (በሰሜን ምስራቅ አፍሪካ የምትገኝ ጥንታዊ ሀገር),everyday | core
elbow,noun,The joint between the forearm and the upper arm.,He rested his elbow on the table while writing his journal.,/ˈɛɫˌboʊ/,A2,arm joint,,ክንድ መገጣጠሚያ / ክርን (የእጅ የላይኛውና የታችኛው ክፍል መገጣጠሚያ),everyday | core
electricity,noun,"A form of energy resulting from the existence of charged particles, providing power for lights and machines.",Solar panels convert sunshine directly into clean household electricity.,/ɪˌɫɛkˈtɹɪsəti/,A2,electric power | current | juice,,ኤሌክትሪክ (መብራትና ማሽኖችን የሚያሰራ የኃይል ምንጭ),arts | culture
email,noun,Messages distributed by electronic means from one computer user to one or more recipients via a network.,She sent a polite follow-up email to the hiring manager.,/iˈmeɪɫ/,A2,electronic mail | message,snail mail,ኢሜይል (በኢንተርኔት የሚላክ የኤሌክትሮኒክስ ደብዳቤ),technology | digital
emergency exit,noun,A stairway or door provided for safe egress from a building in an emergency such as fire.,Luminous green signs clearly mark the building's emergency exit.,/ˈimɝdʒənsi ˈɛɡzɪt/,A2,fire escape | escape route,,የአደጋ ጊዜ መውጫ (ድንገተኛ አደጋ ሲከሰት በፍጥነት ለመውጣት የተሰራ በር),home | living
emotion,noun,"A natural instinctive state of mind deriving from one's circumstances, mood, or relationships.",Art and music evoke profound human emotion and empathy.,/ˈiˌmoʊʃən/,A2,feeling | sentiment | passion | sensation,,ስሜት (ደስታ፣ ሀዘን፣ ፍቅር ወይም ቁጣን የመሰለ የልብ ስሜት),society | law
employee,noun,"A person employed for wages or salary, especially at non-executive level.",Every full-time employee receives health coverage and paid vacation leave.,/ɛmˈpɫɔɪi/,A2,worker | staff member | hand | laborer,employer,ሰራተኛ (በደመወዝ የተቀጠረ ሰራተኛ),business | finance
employer,noun,A person or organization that employs people.,A supportive employer provides safe working conditions and fair wages.,/ɛmˈpɫɔɪɝ/,A2,boss | company | firm | management,employee,አሰሪ (ሰራተኞችን ቀጥሮ የሚያሰራ ድርጅት ወይም ግለሰብ),people | society
employment,noun,"The state of having paid work, or the act of employing someone.",The new factory brought vital manufacturing employment to the region.,/ɛmˈpɫɔɪmənt/,A2,work | job | occupation | vocation,unemployment,ስራ / ቅጥር (በደመወዝ ተቀጥሮ የመስራት እድል),society | law
ending,noun,"The final part of a story, movie, or period.",The mystery novel had an unexpected and satisfying ending.,/ˈɛndɪŋ/,A2,conclusion | finale | resolution,beginning | middle,ፍጻሜ (የአንድ ታሪክ ወይም ፊልም ማጠቃለያ),arts | culture
energy,noun,The strength and vitality required for sustained physical or mental activity.,"A good night's sleep restored his vitality, focus, and energy.",/ˈɛnɝdʒi/,A2,vigor | vitality | stamina | dynamism,,ኃይል / ጉልበት (ስራን ለማከናወን የሚያስችል አቅም),emotions | psychology
engine,noun,A machine with moving parts that converts power into motion.,The automobile mechanic inspected the internal combustion engine.,/ˈɛndʒən/,A2,motor | powerplant | turbine,,ሞተር (ተሽከርካሪን የሚያንቀሳቅስ ኃይለኛ ማሽን),arts | culture
english,noun,"The West Germanic language of England, now spoken internationally across all continents.",Studying English vocabulary broadens international communication skills.,/ˈɪŋɡɫɪʃ/,A2,English tongue | Anglophone speech,,እንግሊዝኛ (በዓለም ዙሪያ በሰፊው የሚነገር ዓለም አቀፍ ቋንቋ),communication
entertainment,noun,The action of providing or being provided with amusement or enjoyment.,"The city offers diverse cultural entertainment, from theater to concerts.",/ˌɛnɝˈteɪnmənt/,A2,amusement | leisure | recreation | diversion,,መዝናኛ (ሰዎችን የሚያስደስቱ ትርኢቶች፣ ፊልሞችና ሙዚቃዎች),everyday | core
entrance,noun,"An opening, such as a door, passage, or gate, that allows access to a place.",The grand stone entrance to the museum is flanked by marble columns.,/ˈɛntɹəns/,A2,entryway | doorway | gate | portal,,መግቢያ በር (ወደ ህንፃ ወይም አዳራሽ ለመግባት የተሰራ በር),home | living
envelope,noun,"A flat paper container, typically rectangular with a sealable flap, used for letters.",She slid the greeting card inside a white paper envelope.,/ˈɛnvəˌɫoʊp/,A2,cover | packet | sleeve,,ኤንቨሎፕ (ደብዳቤ ተደርጎበት የሚላክ የወረቀት ኪስ),everyday | core
environment,noun,"The surroundings or conditions in which a person, animal, or plant lives.",Planting indigenous trees protects the local environment from erosion.,/ɪnˈvaɪɹənmənt/,A2,habitat | ecosystem | surroundings | nature,,አካባቢ (በዙሪያችን ያሉ ተፈጥሯዊና ማህበራዊ ነገሮች ድምር),nature | science
equipment,noun,"The necessary items, tools, or apparatus for a particular purpose or activity.",The gym is fully stocked with modern fitness equipment.,/ɪˈkwɪpmənt/,A2,gear | apparatus | tools | hardware,,ቁሳቁስ / መሳሪያዎች (ለአንድ ስራ ወይም ስፖርት የሚያስፈልጉ እቃዎች),arts | culture
euro,noun,"The single European currency, which replaced the national currencies of member states of the European Union.",She exchanged dollars for euros before traveling to France and Germany.,/ˈjʊəroʊ/,A2,EU currency,,ዩሮ (የአውሮፓ ህብረት አገራት የጋራ ገንዘብ ምንዛሬ),society | law
every,noun,Used to refer to all the individual members of a set without exception.,Every student must submit their completed essay before Friday.,/ˈɛvɝi/,A2,each | each and every | all,,እያንዳንዱ (ሁሉንም አንድ በአንድ የሚያመለክት),everyday | core
everyone,noun,Every person; all people.,Everyone in the classroom participated actively in the discussion.,/ˈɛvɹiˌwən/,A2,everybody | all and sundry,,ሁሉም ሰው (ማንም ሳይቀር ሁሉም ሰዎች),people | society
everything,noun,All things; all the things of a group or that are relevant.,Everything in the historical museum is carefully preserved.,/ˈɛvɹiˌθɪŋ/,A2,all things | the lot,,ሁሉም ነገር (ማንኛውም ነገር በሙሉ),fashion | clothing
everywhere,noun,In or to all places; universally.,"During spring, colorful wildflowers bloom everywhere in the valley.",/ˈɛvɹiˌwɛɹ/,A2,all around | all over | universally,,በየቦታው (በሁሉም ስፍራ),everyday | core
exam,noun,A formal test of a person's knowledge or proficiency in a subject or skill.,Students prepared diligently for their final chemistry exam.,/ɪɡˈzæm/,A2,examination | test | assessment,,ፈተና (የትምህርት እውቀትን ለመመዘን የሚሰጥ ይፋዊ ፈተና),education | academic
example,noun,A thing characteristic of its kind or illustrating a general rule.,The instructor provided a clear example to demonstrate the formula.,/ɪɡˈzæmpəɫ/,A2,instance | illustration | sample | case,,ምሳሌ (ሀሳብን ለማስረዳት የሚቀርብ ማሳያ),education | academic
exercise,noun,"Activity requiring physical effort, carried out to sustain or improve health and fitness.",Daily cardiovascular exercise strengthens the heart and reduces stress.,/ˈɛksɝˌsaɪz/,A2,workout | physical training | gymnastics,,የአካል ብቃት እንቅስቃሴ (ሰውነትን ለማጠንከር የሚሰራ ስፖርት፤ ወይም የትምህርት ልምምድ),health | medicine
experience,noun,Practical contact with and observation of facts or events; knowledge acquired.,She has five years of practical experience in computer software support.,/ɪkˈspɪɹiəns/,A2,background | knowledge | skill | familiarity,inexperience,ተሞክሮ / ልምድ (በስራ ወይም በህይወት ውስጥ የተገኘ እውቀት),education | academic
expert,noun,A person who has a comprehensive and authoritative knowledge of or skill in a particular area.,Consult an agricultural expert before introducing new crop fertilizers.,/ˈɛkspɝt/,A2,specialist | authority | master | professional,,ባለሙያ (በአንድ የተወሰነ ዘርፍ ከፍተኛ እውቀትና ልምድ ያለው),education | academic
expressway,noun,"A divided highway designed for high-speed traffic, with partial or full control of access.",Drivers take the elevated expressway to bypass congested city streets.,/ɪksˈpɹɛsˌweɪ/,A2,freeway | tollway | motorway | highway,,ፈጣን አውራ ጎዳና (መኪኖች በከፍተኛ ፍጥነት የሚጓዙበት ሰፊ መንገድ),arts | culture
eyelash,noun,Each of the short curved hairs growing on the edges of the eyelids.,She blinked away a dust particle caught on her eyelash.,/ˈaɪˌɫæʃ/,A2,lash | cilium,,የዐይን ሽፋሽፍት (በዐይን ቆብ ጠርዝ ላይ የሚበቅል ፀጉር),everyday | core
fact,noun,A thing that is known or proved to be true.,It is a scientific fact that the Earth orbits around the sun.,/ˈfækt/,A2,truth | reality | datum | certainty,,እውነታ (በማስረጃ የተረጋገጠ እውነተኛ ነገር),fashion | clothing
factory,noun,A building or group of buildings where goods are manufactured or assembled chiefly by machine.,The textile factory manufactures durable cotton uniforms.,/ˈfæktɝi/,A2,plant | works | mill | assembly plant,,ፋብሪካ (ዕቃዎች በማሽኖች በብዛት የሚመረቱበት ትልቅ ህንፃ),home | living
family name,noun,The surname that a person shares with other members of their family.,Smith is a very common family name in English-speaking nations.,/ˈfæməɫi ˈneɪm/,A2,surname | last name,,የቤተሰብ ስም (የአያት ወይም የቤተሰብ መጠሪያ ስም),people | society
fan,noun,An apparatus with rotating blades that creates a current of air for cooling.,An oscillating ceiling fan circulated cool air throughout the classroom.,/ˈfæn/,A2,ventilator | blower | propeller,,አድናቂ | ማራገቢያ (አንድን አርቲስት/ቡድን የሚወድ ደጋፊ፤ ወይም ንፋስ የሚሰጥ ማራገቢያ),food | dining
fantasy,noun,"A genre of imaginative fiction involving magic, mythical creatures, and otherworldly settings.","Dragons, wizards, and enchanted realms are hallmarks of epic fantasy.",/ˈfænəsi/,A2,fairy tale | folklore | fiction,,ምናባዊ ታሪክ (በእውን የሌለ በአእምሮ የተፈጠረ አስማታዊ ታሪክ),food | dining
fare,noun,The money a passenger on public transportation has to pay for travel.,The city bus fare can be paid conveniently using a contactless travel card.,/ˈfɛɹ/,A2,ticket price | toll | charge | fee,,የጉዞ ታሪፍ (በአውቶቡስ፣ በታክሲ ወይም በባቡር ለመጓዝ የሚከፈል ሂሳብ),business | finance
farm,noun,An area of land and its buildings used for growing crops and rearing animals.,"The dairy farm produces organic fresh milk, butter, and cheese.",/ˈfɑɹm/,A2,ranch | homestead | plantation | estate,,እርሻ (ሰብል የሚመረትበትና ከብቶች የሚረቡበት ሰፊ መሬት),nature | science
farmer,noun,A person who owns or manages an agricultural farm.,The farmer harvested ripe wheat before the heavy rains arrived.,/ˈfɑɹmɝ/,A2,agriculturist | cultivator | rancher | grower,,ገበሬ (መሬት አርሶ ሰብል የሚያመርት ባለሙያ),people | society
farming,noun,The activity or business of growing crops and raising livestock.,Sustainable agricultural farming safeguards the soil from erosion.,/ˈfɑɹmɪŋ/,A2,agriculture | cultivation | husbandry,,የእርሻ ስራ (አዝርዕት የማምረትና የከብት እርባታ ተግባር),business | finance
fashion,noun,"A popular trend, style, or manner of clothing and personal appearance.",Milan and Paris are renowned international centers of haute couture fashion.,/ˈfæʃən/,A2,style | trend | vogue | mode,,ፋሽን (በአንድ ወቅት ተወዳጅ የሆነ የአለባበስና የውበት ዘይቤ),technology | digital
fashion designer,noun,"A person who designs clothing, shoes, and accessories professionally.",The fashion designer unveiled an elegant autumn collection in Milan.,/ˈfæʃən dɪˈzaɪnɝ/,A2,couturier | clothes designer | stylist,,የፋሽን ነዳፊ (አዳዲስና ውብ የሆኑ የልብስ ቅጦችን የሚነድፍ ባለሙያ),people | society
fast food,noun,Easily prepared processed food served in snack bars and restaurants as a quick meal.,Eating excessive fast food can lead to health and weight issues.,/ˈfæst ˈfud/,A2,quick meal | takeaway,,ፈጣን ምግብ (በፍጥነት ተዘጋጅቶ የሚቀርብ ምግብ፤ ለምሳሌ በርገር፣ ፒዛ),food | dining
fear,noun,An unpleasant emotion caused by the belief that someone or something is dangerous.,"Courage is not the absence of fear, but the triumph over it.",/ˈfɪɹ/,A2,terror | fright | dread | apprehension,fearlessness,ፍርሃት (አደጋ ወይም ህመም እንዳይመጣ የሚሰማ የጭንቀት ስሜት),emotions | psychology
fence,noun,"A barrier, railing, or other upright structure, typically of wood or wire, enclosing an area of ground.",A neat white wooden fence borders the entire flower garden.,/ˈfɛns/,A2,barrier | railing | enclosure | paling,,አጥር (የግቢን ወይም የቦታን ወሰን የሚከለክል አጥር),everyday | core
festival,noun,"A day or period of celebration, or an organized series of concerts, plays, or movies.",The international film festival drew renowned directors from across the globe.,/ˈfɛstəvəɫ/,A2,celebration | carnival | gala | jubilee,,በዓል / ፌስቲቫል (በሙዚቃና በጭፈራ በደስታ የሚከበር ታላቅ ህዝባዊ በዓል),arts | culture
fever,noun,"An abnormally high body temperature, usually accompanied by shivering, headache, and in severe instances, delirium.",A cool compress on the forehead helped lower the child's high fever.,/ˈfivɝ/,A2,high temperature | pyrexia | chills,,ትኩሳት (የሰውነት ሙቀት ከመደበኛው በላይ ከፍ ማለት),health | medicine
few,noun,A small number of people or things.,Only a few students remained in the library after sunset.,/ˈfju/,A2,a handful of | scarce | limited,,ጥቂት (በቁጥር አነስተኛ የሆኑ ነገሮች),people | society
field,noun,"An area of open land, especially one planted with crops or pasture.",Cattle grazed peacefully across the expansive green farm field.,/ˈfiɫd/,A2,meadow | pasture | paddock | plain,,ሜዳ / የእውቀት መስክ (ሰፊ የሳር ሜዳ፤ ወይም የተወሰነ የጥናት ዘርፍ),nature | science
field hockey,noun,A team sport in which players use curved sticks to push a ball along grass toward a goal.,The high school field hockey team won the regional tournament.,/ˈfiɫd ˈhɑki/,A2,hockey | grass hockey,,የሜዳ ሆኪ (በሜዳ ላይ በዱላ ኳስን እየመቱ የሚጫወቱት ስፖርት),sports | recreation
fight,noun,A violent physical confrontation or an intense verbal dispute.,The two players apologized after an emotional verbal fight on the court.,/ˈfaɪt/,A2,quarrel | dispute | brawl | clash,,ጠብ / ውጊያ (በሁለት ወገኖች መሀል የሚደረግ የአካል ወይም የቃላት ግጭት),health | medicine
figure,noun,"A number or numerical symbol, especially an arithmetic digit.",The company reported impressive profit figures for the third quarter.,/ˈfɪɡjɝ/,A2,digit | numeral | number | statistic,ground,ቁጥር | ቅርጽ (የሂሳብ አሃዝ፤ ወይም የሰውነት ቅርጽ),everyday | core
file,noun,"A collection of data, information, or programs stored in a computer's memory or on a storage device.",Save the spreadsheet file to your cloud storage account safely.,/ˈfaɪɫ/,A2,document | folder | record | dataset,,ፋይል (ሰነዶች ተሰብስበው የሚቀመጡበት ማህደር),technology | digital
finger,noun,"Each of the four slender jointed parts attached to either hand (or five, including the thumb).",She pointed her index finger toward the historical monument.,/ˈfɪŋɡɝ/,A2,digit | phalange,,የእጅ ጣት (በእጅ መዳፍ ጫፍ ላይ ያሉ አምስቱ ጣቶች),arts | culture
firefly,noun,"A soft-bodied beetle related to the glow-worm, the luminescent organs of which emit flashing light.",Dozens of flickering fireflies lit up the warm meadow during summer dusk.,/ˈfaɪɝˌfɫaɪ/,A2,lightning bug | glow-worm,,የትኋን መብራት / 螢 (በሌሊት ጀርባዋ ላይ ብርሃን የምታበራ ነፍሳት),everyday | core
fishing,noun,"The activity of catching fish, either for food or as a sport.",He enjoys peaceful weekend fishing along the tranquil mountain river.,/ˈfɪʃɪŋ/,A2,angling | fishery,,ዓሳ ማጥመድ (ከወንዝ ወይም ከባህር ዓሳ የማጥመድ ስፖርት/ስራ),food | dining
flashlight,noun,A small battery-operated portable electric light.,He switched on his heavy-duty flashlight to explore the dark cellar.,/ˈfɫæʃˌɫaɪt/,A2,torch | pocket light,,የእጅ ባትሪ (በእጅ የሚያዝ አነስተኛ የኤሌክትሪክ መብራት),home | living
flavor,noun,The distinctive taste of a food or drink.,Fresh basil and garlic impart an authentic Mediterranean flavor.,/ˈfɫeɪvɝ/,A2,taste | savor | relish | zest,,ጣዕም (ምግብ በአፍ ውስጥ ሲገባ የሚሰጠው ልዩ ጣዕምና ጠረን),food | dining
flight,noun,A journey made by an aircraft on a specified route at a specified time.,Their transatlantic flight landed smoothly at the international airport.,/ˈfɫaɪt/,A2,air journey | aviation route | passage,,በረራ (የአውሮፕላን ከአንድ አገር ወደ ሌላ በአየር ላይ የመጓዝ ጉዞ),travel | transport
flood,noun,"An overflowing of a large amount of water beyond its normal confines, especially over what is normally dry land.",Heavy torrential rainfall caused the river to burst its banks in a destructive flood.,/ˈfɫəd/,A2,deluge | inundation | torrent,ebbtide,ጎርፍ (ከከባድ ዝናብ የተነሳ ወንዝ ሞልቶ መሬትን የሚያጥለቀልቅ ውሃ),fashion | clothing
flu,noun,"Influenza; a common viral infection of the respiratory passages causing fever, chills, and body aches.",Drink warm fluids and get plenty of bed rest when you contract the flu.,/ˈfɫu/,A2,influenza | respiratory virus,,ጉንፋን (በቫይረስ የሚመጣ ትኩሳትና ሳል የሚያስከትል በሽታ),health | medicine
fog,noun,A thick cloud of tiny water droplets suspended in the atmosphere at or near the earth's surface.,Dense morning fog reduced roadway visibility to fifty feet.,/ˈfɑɡ/,A2,mist | haze | smog | cloudiness,,ጭጋግ (መሬት ላይ የወረደ ከባድ የደመና ትነት),nature | science
football,noun,"Any of several games played between two teams with a ball, specifically American football or soccer.",The college football team practiced passing under the floodlights.,/ˈfʊtˌbɔɫ/,A2,gridiron | soccer | ball game,,እግር ኳስ (በእግር ኳስን እየመቱ የሚደረግ ተወዳጅ ስፖርት),sports | recreation
forearm,noun,The part of a person's arm extending from the elbow to the wrist.,He rolled up his shirt sleeves to expose his tanned forearms.,/ˈfɔˌɹɑɹm/,A2,lower arm,,የፊት ክንድ (ከክርን እስከ እጅ አንጓ ድረስ ያለው አካል),arts | culture
foreigner,noun,A person born in or coming from a country other than one's own.,The welcoming citizens were eager to assist the lost foreigner.,/ˈfɑɹənɝ/,A2,alien | visitor | immigrant | stranger,citizen,የውጭ አገር ዜጋ (ከሌላ ሀገር የመጣ ሰው),people | society
fox,noun,"A carnivorous mammal of the dog family with a pointed muzzle and bushy tail, noted for cleverness.",The clever red fox slipped through the wooden fence into the meadow.,/ˈfɑks/,A2,vulpine | canid,,ቀበሮ (ቀይ ፀጉርና ረጅም ጭራ ያላት ተንኮለኛ አዳኝ አውሬ),travel | transport
french fries,noun,"Thin strips of deep-fried potatoes, salted and served hot.",She ordered a cheeseburger with a side of crispy french fries.,/ˈfɹɛntʃ ˈfɹaɪz/,A2,fries | chips | potato sticks,,የተጠበሰ ድንች / ቺፕስ (በዘይት ተጠብሶ የሚቀርብ ጣፋጭ ድንች),travel | transport
freshman,noun,A first-year student at high school or university.,The university held an orientation banquet for incoming freshmen.,/ˈfɹɛʃmən/,A2,first-year student | novice,,የመጀመሪያ ዓመት ተማሪ (ኮሌጅ ወይም ዩኒቨርሲቲ አዲስ የገባ ተማሪ),education | academic
fun,noun,"Enjoyment, amusement, or lighthearted pleasure.",Swimming in the ocean waves with family was pure fun.,/ˈfən/,A2,amusement | pleasure | entertainment | diversion,,መዝናናት / ደስታ (ሳቅና ደስታ የሚሰጥ አስደሳች እንቅስቃሴ),arts | culture
furniture,noun,"Movable objects such as tables, chairs, and beds used to make a room suitable for living.",They purchased comfortable wooden furniture for their new suburban home.,/ˈfɝnɪtʃɝ/,A2,furnishings | fittings | household goods,,የቤት እቃዎች (ወንበር፣ ጠረጴዛ፣ አልጋና ቁም ሳጥን የመሳሰሉ እቃዎች),home | living
future,noun,"The time that will come after the present, or events that will happen then.",Investing in education secures a prosperous future for the youth.,/ˈfjutʃɝ/,A2,destiny | prospect | tomorrow | time to come,past,የወደፊቱ ጊዜ (ወደፊት የሚመጣው ዘመን),technology | digital
gas,noun,Flammable gas used as fuel for heating or cooking.,The kitchen stove runs on natural gas piped directly to the house.,/ˈɡæs/,A2,natural gas | fuel gas | propane,,ጋዝ / ነዳጅ (እንደ አየር ያለ ፈሳሽ ያልሆነ ንጥረ-ነገር፤ ወይም ለመኪና የሚሆን ነዳጅ),food | dining
gas station,noun,"An establishment beside a road selling automotive fuel and lubricants, usually offering refreshments.",The motorist stopped at the highway gas station to refuel the tank.,/ˈɡæs ˈsteɪʃən/,A2,petrol station | service station | filling station,,የነዳጅ ማደያ (ለመኪናዎች ቤንዚንና ናፍጣ የሚሞላበት ማደያ),travel | transport
gate,noun,"A hinged barrier used to close an opening in a wall, fence, or hedge.",Close the iron garden gate securely so the puppy stays inside the yard.,/ˈɡeɪt/,A2,barrier | portal | doorway | wicket,,ዋና በር / ጌት (ወደ ግቢ ወይም ወደ አውሮፕላን መግቢያ ትልቅ በር),home | living
gift,noun,A thing given willingly to someone without payment; a present.,She received a lovely handcrafted fountain pen as a graduation gift.,/ˈɡɪft/,A2,present | donation | offering | token,,ስጦታ (ለአንድ ሰው በደስታና በፍቅር የሚሰጥ ስጦታ),everyday | core
glasses,noun,"A pair of lenses set in a frame, worn on the face to assist eyesight.",He put on his reading glasses before examining the small print on the contract.,/ˈɡɫæsəz/,A2,spectacles | eyeglasses | bifocals,,መነፅር (አይንን ከፀሐይ ለመጠበቅ ወይም እይታን ለማስተካከል የሚደረግ መነጽር),everyday | core
goal,noun,"An instance of scoring by putting the ball into the net in soccer, hockey, etc.",The forward struck a spectacular bicycle kick into the top corner for a goal.,/ˈɡoʊɫ/,A2,score | point | tally,,ግብ | ጎል (የህይወት ትልቅ አላማ፤ ወይም በእግር ኳስ መረብ ውስጥ የሚገባ ኳስ),sports | recreation
golf,noun,"A game played on a large outdoor course, the object being to propel a small ball into a series of.",He played eighteen holes of golf on the scenic coastal course.,/ˈɡɑɫf/,A2,links game | club and ball sport,,ጎልፍ (ኳስን በበትር እየመቱ ጉድጓድ ውስጥ የማስገባት ስፖርት),home | living
grade,noun,A mark indicating the quality of a student's work; a level of study in school.,She earned an excellent grade of A on her literature essay.,/ˈɡɹeɪd/,A2,mark | score | rank | class,,ውጤት | የክፍል ደረጃ (የትምህርት ፈተና ውጤት፤ ወይም የትምህርት ክፍል ደረጃ),education | academic
gram,noun,A metric unit of mass equal to one thousandth of a kilogram.,The recipe calls for two hundred grams of whole wheat flour.,/ˈɡɹæm/,A2,g | metric weight,,ግራም (የክብደት መለኪያ፤ የአንድ ኪሎግራም አንድ ሺህኛ),everyday | core
grammar,noun,The whole system and structure of a language or of languages in general.,Studying grammar rules helps learners write coherent and accurate sentences.,/ˈɡɹæmɝ/,A2,syntax | morphology | conventions,,ሰዋሰው (የአንድ ቋንቋ የቃላትና የአረፍተ-ነገር አወቃቀር ህጎች),communication
granddaughter,noun,A daughter of one's son or daughter.,She bought a colorful storybook for her six-year-old granddaughter.,/ˈɡɹænˌdɔtɝ/,A2,grandchild (female),,የልጅ ሴት ልጅ (የአንድ ሰው ልጅ የወለዳት ሴት ልጅ),everyday | core
grandma,noun,An informal word for grandmother.,Grandma baked fresh oat cookies for all the grandchildren.,/ˈɡɹændmɑ/,A2,grandmother | granny | nana,,አያቴ (የእናት ወይም የአባት እናት),people | society
grandpa,noun,An informal word for grandfather.,Grandpa taught us how to play chess on Sunday afternoons.,/ˈɡɹændˌpɑ/,A2,grandfather | granddad | gramps,,አያቴ (የእናት ወይም የአባት አባት),people | society
grandparent,noun,A parent of one's father or mother.,"Each loving grandparent brings wisdom, warmth, and stories to the family.",/ˈɡɹændˌpɛɹənt/,A2,grandmother or grandfather,,አያት (የወላጆች አባት ወይም እናት),people | society
grandson,noun,A son of one's son or daughter.,Grandfather cheered proudly as his grandson scored a soccer goal.,/ˈɡɹændˌsən/,A2,grandchild (male),,የልጅ ወንድ ልጅ (የአንድ ሰው ልጅ የወለደው ወንድ ልጅ),everyday | core
grapefruit,noun,"A large, round, yellow-skinned citrus fruit with an acidic, juicy pulp.",Drinking freshly squeezed pink grapefruit juice provides abundant vitamin C.,/ˈɡɹeɪpˌfɹut/,A2,citrus | pomelo relative,,ግሬፕፍሩት (ትልቅና መራራ ጣዕም ያለው የብርቱካን ዝርያ ፍራፍሬ),food | dining
grass,noun,"Vegetation consisting of typically short plants with long, narrow leaves.",The children sat on the soft lawn grass eating their picnic lunch.,/ˈɡɹæs/,A2,turf | lawn | greensward,,ሳር (በመሬት ላይ የሚበቅል አረንጓዴ ሳር),nature | science
greece,noun,A country in southeastern Europe with thousands of islands throughout the Aegean and Ionian seas.,Athens in Greece is celebrated as the historical birthplace of democracy.,/ˈɡɹis/,A2,Hellenic Republic | Hellas,,ግሪክ (በደቡብ ምስራቅ አውሮፓ የምትገኝ ጥንታዊት ሀገር),everyday | core
grocery,noun,"A grocer's shop or business, or items of food sold there.","She purchased weekly groceries including milk, fruit, and eggs.",/ˈɡɹoʊsɝi/,A2,supermarket | provisions | foodstuff,,የምግብ ሸቀጣ ሸቀጥ መደብር (ምግቦችና የቤት ውስጥ ሸቀጦች የሚሸጡበት ሱቅ),business | finance
ground,noun,The solid surface of the earth.,Fallen autumn leaves covered the ground like a golden carpet.,/ˈɡɹaʊnd/,A2,earth | soil | terrain | floor,figure,መሬት (እግራችን የሚያርፍበት ጠንካራ የመሬት ገጽታ),nature | science
group,noun,A number of people or things that are located close together or are considered or classed together.,A friendly group of students studied together in the library lounge.,/ˈɡɹup/,A2,crowd | assembly | team | gathering,,ቡድን (የሰዎች ወይም የእቃዎች ስብስብ),people | society
guess,noun,An estimate or conclusion formed without sufficient information.,Her guess about the final exam score was remarkably accurate.,/ˈɡɛs/,A2,conjecture | hypothesis | estimate | surmise,,ግምት (ያለ ሙሉ ማስረጃ የተሰጠ ግምት),everyday | core
guest,noun,A person who is invited to visit someone's home or attend a particular social occasion.,We welcomed every dinner guest warmly with hot tea and appetizers.,/ˈɡɛst/,A2,visitor | caller | invitee,,እንግዳ (ወደ ቤት ወይም ሆቴል የተጋበዘ ሰው),arts | culture
guide,noun,"A person who advises or shows the way to others, especially one employed to show tourists around.",Our knowledgeable tour guide explained the history of the ancient palace.,/ˈɡaɪd/,A2,tour guide | docent | escort | leader,,መሪ / አስጎብኚ (መንገድ ወይም ታሪካዊ ቦታዎችን የሚያስጎበኝ ባለሙያ),travel | transport
guitarist,noun,"A person who plays the guitar, especially professionally.",The skilled acoustic guitarist played a gentle flamenco melody.,/ˌɡɪˈtɑɹɪst/,A2,guitar player | musician,,ጊታሪስት (ጊታር የሚጫወት ሙዚቀኛ),people | society
gum,noun,The firm area of flesh around the roots of the teeth in the mouth.,Flossing regularly protects your gums from dental inflammation.,/ˈɡəm/,A2,gingiva,,ማስቲካ | የጥርስ ድድ (የሚታኘክ ጣፋጭ ማስቲካ፤ ወይም ጥርስን የያዘ ድድ),everyday | core
gutter,noun,A shallow trough fixed beneath the edge of a roof for carrying off rainwater.,Clear dry fallen leaves from the roof gutter to prevent blockages.,/ˈɡʌtər/,A2,eaves-trough | rain gutter | drain,,የጣሪያ ውሃ ማስተላለፊያ ቦይ (ከጣሪያ የሚወርድን ዝናብ የሚያስወግድ ቦይ),food | dining
guy,noun,"An informal word for a man or boy, or people collectively in the plural.",The guy working at the bicycle shop helped me repair my wheel.,/ˈɡaɪ/,A2,man | fellow | chap | person,,ሰውዬ / ወንድ (ለአንድ ወንድ የሚነገር ቀለል ያለ መጠሪያ),people | society
habit,noun,"A settled or regular tendency or practice, especially one that is hard to give up.",Brushing your teeth twice daily is an essential personal hygiene habit.,/ˈhæbət/,A2,routine | custom | practice | pattern,,ልማድ (አንድ ሰው አዘውትሮ የሚያደርገው የተለመደ ተግባር),fashion | clothing
hail,noun,Pellets of frozen rain which fall in showers from cumulonimbus clouds.,Heavy frozen hail battered the farm greenhouses during the afternoon storm.,/ˈheɪɫ/,A2,hailstones | frozen precipitation,,በረዶ ዝናብ (ከሰማይ እንደ ድንጋይ ጠጣር ሆኖ የሚወርድ በረዶ),nature | science
hair dryer,noun,An electrical device for blowing hot or warm air over damp hair to accelerate drying.,She plugged in the portable hair dryer after washing her hair.,/ˈhɛɹ ˈdɹaɪɝ/,A2,blow-dryer,,የፀጉር ማድረቂያ (ትኩስ አየር እየነፋ እርጥብ ፀጉርን የሚያደርቅ የኤሌክትሪክ ዕቃ),technology | digital
hairdresser,noun,A person who cuts and styles hair as an occupation.,She booked an appointment with her regular hairdresser before the wedding.,/ˈhɛɹˌdɹɛsɝ/,A2,hairstylist | barber | coiffeur,,ፀጉር አስተካካይ ሴት (የሴቶች ፀጉር የምትሰራና የምታሳምር ባለሙያ),people | society
hairstylist,noun,A person whose occupation is to cut or style people's hair; hairdresser.,Book an appointment with the hairstylist before the wedding reception.,/ˈhɛrˌstaɪlɪst/,A2,hairdresser | coiffeur | barber,,የፀጉር ዲዛይነር (ፀጉርን በፋሽን ቅርጽ የሚቆርጥና የሚያሳምር ባለሙያ),people | society
hall,noun,"A corridor or hallway in a building, or a large public room for meetings.",He walked down the quiet dormitory hall to knock on his friend's door.,/ˈhɔɫ/,A2,hallway | corridor | passageway | lobby,,አዳራሽ (ብዙ ሰዎች የሚሰበሰቡበት ትልቅ ሰፊ ክፍል),home | living
hamburger,noun,"A round patty of ground beef, fried or grilled, typically served in a sliced bun.",He ordered a grilled beef hamburger served with crispy french fries.,/ˈhæmbɝɡɝ/,A2,burger | beef patty,,ሃምበርገር (በክብ ዳቦ መሀል የተጠበሰ ስጋ ተደርጎበት የሚበላ ምግብ),everyday | core
hamster,noun,"A solitary burrowing rodent with a short tail and large cheek pouches for storing food, popular as a pet.",The children built an exercise wheel for their pet golden hamster.,/ˈhæmstɝ/,A2,small rodent | pet rodent,,ሀምስተር (እንደ አይጥ ያለች ትንሽና ቆንጆ የቤት እንስሳ),food | dining
happiness,noun,The state of being happy; feeling contentment and joy.,Spending quality time with family brings lasting happiness.,/ˈhæpinəs/,A2,joy | delight | bliss | contentment,unhappiness | sadness,ደስታ (በእርካታና በሰላም የተሞላ አስደሳች ስሜት),society | law
hatred,noun,Intense dislike or ill will; animosity.,Prejudice and hatred undermine community peace and solidarity.,/ˈheɪtɹəd/,A2,animosity | hostility | loathing | malice,love,ጥላቻ (በልብ ውስጥ የሚቀመጥ ጽኑ የጥላቻ ስሜት),fashion | clothing
hazelnut,noun,"A round, hard-shelled edible nut produced by hazel trees.",Roasted hazelnuts pair delightfully with rich dark chocolate.,/ˈheɪzəɫˌnət/,A2,filbert | cobnut,,የለውዝ ፍሬ (ጣፋጭና ገንቢ የሆነ አነስተኛ የለውዝ አይነት),nature | science
headache,noun,A continuous pain in the head.,Drinking water and resting quietly helped relieve her throbbing headache.,/ˈhɛˌdeɪk/,A2,migraine | cephalalgia | head pain,,የራስ ምታት (በጭንቅላት ላይ የሚሰማ ህመም),health | medicine
health,noun,The state of being free from illness or injury; overall physical and mental well-being.,Regular exercise and fresh nutrition promote long-term vitality and health.,/ˈhɛɫθ/,A2,wellness | fitness | well-being | vigor,illness | unwellness,ጤና (ከበሽታ ነጻ የሆነ የአካልና የአእምሮ ደህንነት),society | law
heart,noun,A hollow muscular organ that pumps the blood through the circulatory system by rhythmic contraction and dilation.,A healthy diet and brisk walking support a strong heart.,/ˈhɑɹt/,A2,cardiac organ | ticker,,ልብ (ደምን ወደ መላ ሰውነት የሚረጭ ዋናው የሰውነት አካል),arts | culture
heat,noun,"The quality of being hot; high temperature, or a heating system.",Turn up the thermostat to bring more heat into the chilly living room.,/ˈhit/,A2,warmth | heating | hotness,coldness | anestrus,ሙቀት (ከእሳት ወይም ከፀሐይ የሚገኝ ከፍተኛ ሙቀት),food | dining
heater,noun,A device used for warming the air in a room or heating water.,The electric space heater kept the bedroom cozy throughout the winter frost.,/ˈhitɝ/,A2,radiator | warming unit,,ማሞቂያ (ክፍልን ወይም ውሃን የሚያሞቅ መሳሪያ),food | dining
heel,noun,The back part of the human foot below the ankle.,The new running shoes cushioned his heel during each stride.,/ˈhiɫ/,A2,foot back | calcaneus,,ተረከዝ (የእግር የኋላ የታችኛው ክፍል፤ ወይም የጫማ ተረከዝ),arts | culture
height,noun,The measurement of someone or something from head to foot or from base to top.,The height of the basketball player was recorded at two meters.,/ˈhaɪt/,A2,tallness | stature | elevation | altitude,,ቁመት / ከፍታ (የሰው ቁመት፤ ወይም የአንድ ነገር ከፍታ),everyday | core
hero,noun,"A person who is admired or idealized for courage, outstanding achievements, or noble qualities.",The mythological hero saved the coastal village from danger.,/ˈhiɹoʊ/,A2,protagonist | champion | idol,,ጀግና (ታላቅ ድፍረትና መልካም ተግባር የፈጸመ ሰው),people | society
heroine,noun,"A woman admired for courage, outstanding achievements, or noble qualities; female protagonist.",The brave heroine guided her companions safely through the forest.,/ˈhɛroʊɪn/,A2,female protagonist | champion,villain | antagonist,ጀግኒት (ታላቅ ድፍረትና ጀግንነት ያሳየች ሴት),everyday | core
highway,noun,"A main public road, especially one connecting major towns or cities.",The multilane interstate highway allows high-speed vehicular travel.,/ˈhaɪˌweɪ/,A2,expressway | freeway | motorway | turnpike,,አውራ ጎዳና (ከተሞችን የሚያገናኝ ዋና ሰፊ መንገድ),travel | transport
hill,noun,"A naturally raised area of land, not as high or craggy as a mountain.",They hiked to the top of the grassy hill to watch the sunrise.,/ˈhɪɫ/,A2,elevation | mound | knoll | rise,,ኮረብታ (ከተራራ ያነሰ አነስተኛ ከፍታ ያለው መሬት),everyday | core
hindi,noun,"An official language of India, widely spoken across northern states.",Hindi is written in the elegant Devanagari script.,/ˈhɪndi/,A2,Indic tongue,,ሂንዲ (በህንድ አገር በስፋት የሚነገር ቋንቋ),society | law
hit,noun,"A successful and popular song, movie, or production.",The band's new album produced a number-one radio hit.,/ˈhɪt/,A2,success | chart-topper | sensation | triumph,,መምታት | ተወዳጅ ዘፈን (በእጅ መምታት፤ ወይም በጣም የተወደደ ስኬታማ ስራ),arts | culture
hockey,noun,A game played on an ice rink in which two teams of six players use curved sticks to drive a.,Ice hockey is celebrated as Canada's official national winter sport.,/ˈhɑki/,A2,ice hockey | field hockey | rink game,,ሆኪ (በበረዶ ወይም በሜዳ ላይ በዱላ ኳስን እየመቱ የሚጫወቱት ስፖርት),sports | recreation
hollywood,noun,The United States movie industry and celebrity culture centered in Los Angeles.,Many aspiring actors travel to Hollywood hoping to achieve stardom.,/ˈhɑɫiˌwʊd/,A2,film industry | cinema capital,,ሆሊውድ (በአሜሪካ የሚገኝ የፊልም ኢንዱስትሪ ማዕከል),society | law
horror,noun,"A genre of fiction or film intended to evoke feelings of fear, terror, and suspense.",He avoids watching late-night horror movies because they cause nightmares.,/ˈhɔɹɝ/,A2,thriller | terror fiction | macabre,,አስፈሪ ታሪክ / ፊልም (ፍርሃትንና ድንጋጤን የሚፈጥር የፊልም ዘውግ),emotions | psychology
hot chocolate,noun,A hot drink made with powdered chocolate or melted chocolate and hot milk or water.,A steaming mug of hot chocolate was comforting on the freezing evening.,/ˈhɑt ˈtʃɔkɫət/,A2,cocoa | hot cocoa,,ትኩስ ቸኮሌት መጠጥ (ከቸኮሌትና ከትኩስ ወተት የሚዘጋጅ መጠጥ),food | dining
hot dog,noun,"A cooked sausage, traditionally grilled or steamed and served in a partially sliced bun.",Children enjoyed eating hot dogs with mustard at the baseball stadium.,/ˈhɑt ˈdɔɡ/,A2,frankfurter | wiener | sausage roll,,ሆት ዶግ (በዳቦ ውስጥ የሚደረግ ቋሊማ),food | dining
human,noun,"A human being, especially a person as distinguished from other animals.","Every human deserves dignity, freedom, and equal rights.",/ˈhjumən/,A2,person | mortal | individual,,የሰው ልጅ (የሰው ፍጡር),nature | science
hurricane,noun,"A storm with a violent wind, in particular a tropical cyclone in the Caribbean.",Coastal residents boarded up their windows before the hurricane made landfall.,/ˈhəɹəˌkeɪnz/,A2,cyclone | typhoon | tempest,,ኃይለኛ አውሎ ንፋስ (ከባህር የሚነሳ ከባድ ጉዳት የሚያደርስ ንፋስና ዝናብ),travel | transport
ice skate,noun,"A boot with a metal blade attached to the sole, used for gliding over ice.",He sharpened the steel blades of his ice skates before the match.,/ˈaɪs ˈskeɪt/,A2,blade boot | skate,,የበረዶ መንሸራተቻ ጫማ (ከስሩ የብረት ስለት ያለው የበረዶ ላይ ጫማ),everyday | core
ice skating,noun,The sport or pastime of gliding on ice skates across an ice rink or frozen lake.,Winter ice skating on the frozen pond was a favorite family tradition.,/ˈaɪs ˈskeɪtɪŋ/,A2,gliding on ice | figure skating,,በረዶ ላይ መንሸራተት (በበረዶ ሜዳ ላይ በጫማ የመንሸራተት ስፖርት),sports | recreation
idea,noun,A thought or suggestion as to a possible course of action.,She proposed an innovative idea for the school environmental project.,/aɪˈdiə/,A2,concept | thought | notion | proposal,,ሀሳብ (በአእምሮ ውስጥ የሚመነጭ አዲስ አስተሳሰብ ወይም እቅድ),emotions | psychology
illness,noun,A disease or period of sickness affecting the body or mind.,He stayed home from work to recuperate from a sudden viral illness.,/ˈɪɫnəs/,A2,sickness | disease | ailment | malady,wellness,ህመም / በሽታ (የጤና መታወክ),emotions | psychology
image,noun,A representation of the external form of a person or thing in art or on a digital screen.,The digital microscope displayed a high-resolution image of the plant cells.,/ˈɪmədʒ/,A2,picture | photograph | graphic | photo,,ምስል (በፎቶ፣ በስዕል ወይም በአእምሮ የሚታይ ገጽታ),arts | culture
information,noun,Facts provided or learned about something or someone.,The tourist office provides helpful information regarding public transportation.,/ˌɪnfɝˈmeɪʃən/,A2,data | facts | details | intelligence,,መረጃ (ስለ አንድ ጉዳይ የተሰበሰበ እውነታና እውቀት),education | academic
injury,noun,"Physical damage to the body caused by violence, accident, or fracture.",Athletic therapy helped her recover fully from a knee injury.,/ˈɪndʒɝi/,A2,wound | hurt | damage | trauma,,የአካል ጉዳት (በአደጋ ምክንያት በሰውነት ላይ የሚደርስ ቁስል),health | medicine
insect,noun,A small arthropod animal that has six legs and generally one or two pairs of wings.,"Ants, bees, and butterflies are common insects found in gardens.",/ˈɪnˌsɛkt/,A2,bug | arthropod | hexapod,,ነፍሳት (ስድስት እግሮች ያሏት ጥቃቅን ፍጡር፤ ለምሳሌ ዝንብ፣ ጉንዳን),nature | science
instructor,noun,"A person who teaches something, especially a practical skill or sport.",Our certified driving instructor was patient and encouraging.,/ˌɪnˈstɹəktɝ/,A2,teacher | coach | tutor | educator,,አሰልጣኝ / አስተማሪ (ልዩ ሙያ ወይም ስፖርት የሚያስተምር ባለሙያ),education | academic
instrument,noun,"An apparatus for producing musical sounds, such as a violin, piano, or flute.",She practiced playing her musical instrument for two hours every day.,/ˈɪnstɹəmənt/,A2,musical tool | apparatus,,የሙዚቃ ወይም የሳይንስ መሳሪያ (ሙዚቃ ለመጫወት ወይም ለመለካት የሚያገለግል እቃ),arts | culture
internet,noun,A global computer network providing a variety of information and communication facilities.,Search the internet to research historical archives for your essay.,/ˈɪntɝˌnɛt/,A2,web | cyberspace | net | world wide web,,ኢንተርኔት (በዓለም ዙሪያ ያሉ ኮምፒውተሮችን የሚያገናኝ የመረጃ መረብ),technology | digital
inventor,noun,A person who invented a particular process or device or who invents things as an occupation.,Thomas Edison was a celebrated inventor who developed the electric light bulb.,/ˌɪnˈvɛntɝ/,A2,creator | innovator | originator | pioneer,,ፈጣሪ (አዳዲስ ቴክኖሎጂዎችንና መሳሪያዎችን ፈጥሮ የሚያወጣ ሰው),arts | culture
invitation,noun,A written or verbal request inviting someone to go somewhere or to do something.,They received an invitation to the wedding anniversary celebration.,/ˌɪnvɪˈteɪʃən/,A2,invite | summons | call | request,,የግብዣ ወረቀት (ለሰርግ፣ ለልደት ወይም ለስብሰባ የሚላክ ጥሪ),everyday | core
iron,noun,"A handheld device with a flat heated metal base, used for smoothing fabric.",He smoothed the wrinkles out of his cotton shirt using a steam iron.,/ˈaɪɝn/,A2,flat-iron | steam iron,,ብረት | ካውያ (ጠንካራ የብረት ማዕድን፤ ወይም ልብስ መተኮሻ ካውያ),food | dining
israel,noun,"A Middle Eastern country on the Mediterranean Sea, regarded by Jews, Christians, and Muslims as biblical Holy Land.",Jerusalem is an ancient city of profound religious heritage in Israel.,/ˈɪzɹeɪɫ/,A2,State of Israel | Holy Land,,እስራኤል (በመካከለኛው ምስራቅ የምትገኝ ሀገር),everyday | core
item,noun,"An individual article or unit, especially one that is part of a list, collection, or set.",Scan the barcode of each item before placing it inside the grocery bag.,/ˈaɪtəm/,A2,article | product | object | piece,,ዕቃ (በአንድ ዝርዝር ውስጥ ያለ የተናጠል ዕቃ),arts | culture
japanese,noun,The language spoken in Japan by over one hundred and twenty million people.,He enjoys watching anime in its original Japanese language with subtitles.,/ˌdʒæpəˈniz/,A2,Nihongo,,ጃፓንኛ (የጃፓን አገር ቋንቋ ወይም ባህል),communication
jazz,noun,"A type of music of African-American origin characterized by improvisation, syncopation, and forceful rhythm.",The cozy downtown club featured live jazz ensembles on Friday nights.,/ˈdʒæz/,A2,improvisational music | swing,,ጃዝ (ከአሜሪካ የፈለቀ ልዩ የሙዚቃ ስልት),arts | culture
jewelry,noun,"Personal ornaments, such as necklaces, rings, or bracelets, made from precious metals.",The antique store displays handcrafted gold and silver jewelry.,/ˈdʒuəɫɹi/,A2,jewels | gems | ornaments | adornments,,ጌጣጌጥ (ከወርቅ ወይም ከብር የሚሰሩ የአንገትና የእጅ ጌጦች),people | society
job interview,noun,A formal meeting in which an applicant is questioned to determine their suitability for employment.,Prepare concise answers regarding your past experience before the job interview.,/ˈdʒɑb ˈɪntɝvˌju/,A2,interview | employment assessment,,የስራ ቃለ-መጠይቅ (ለስራ ብቁ መሆንን ለመመዘን የሚደረግ ፈተና),technology | digital
jogging,noun,"The activity of running at a steady, gentle pace as a form of physical exercise.",Morning jogging in the municipal park boosts mental alertness.,/ˈdʒɑɡɪŋ/,A2,running | roadwork | trotting,,ቀስ ብሎ መሮጥ (ለጤና ሲባል በጠዋት የሚደረግ የሩጫ እንቅስቃሴ),health | medicine
journalist,noun,"A person who writes for newspapers, magazines, or news websites or prepares news broadcasts.",The investigative journalist reported on regional climate conditions.,/ˈdʒɝnəɫəst/,A2,reporter | correspondent | writer | columnist,,ጋዜጠኛ (ዜናዎችንና መረጃዎችን ሰብስቦ የሚያቀርብ ባለሙያ),travel | transport
journey,noun,"An act of traveling from one place to another, especially over a long distance.",The scenic train journey through the mountain valleys lasted twelve hours.,/ˈdʒɝni/,A2,voyage | trip | expedition | passage,,ጉዞ (ከአንድ ቦታ ወደ ሌላ ረጅም ርቀት መጓዝ),travel | transport
joy,noun,A feeling of great pleasure and happiness.,The birth of the baby brought immense joy to the whole family.,/ˈdʒɔɪ/,A2,delight | jubilation | triumph | cheer,sorrow,ታላቅ ደስታ (በልብ ውስጥ የሚሰማ ጥልቅ የደስታ ስሜት),emotions | psychology
junior,noun,A student in the third year of a four-year high school or university course.,"As a high school junior, she is preparing for university entrance exams.",/ˈdʒunjɝ/,A2,third-year student,,ጀማሪ / በዕድሜ ወይም በማዕረግ ያነሰ (አነስተኛ ልምድ ያለው ሰራተኛ),education | academic
junk food,noun,"Food that has low nutritional value, typically high in sugar, salt, or fat.",Limit your consumption of processed junk food to protect your heart.,/ˈdʒəŋk ˈfud/,A2,unhealthy food | processed snacks,,ጠቃሚ ያልሆነ ፈጣን ምግብ (ብዙ ቅባትና ስኳር ያለው ለጤና ጎጂ ምግብ),food | dining
key,noun,A small piece of shaped metal with incisions cut to fit the wards of a particular lock.,He inserted the brass key into the front door lock and turned it.,/ˈki/,A2,latchkey | opener,atonality,ቁልፍ (በር ለመክፈትና ለመቆለፍ የሚያገለግል የብረት መክፈቻ),arts | culture
keyboard,noun,A panel of keys that operate a computer or typewriter.,She typed her lecture notes rapidly using an ergonomic wireless keyboard.,/ˈkiˌbɔɹd/,A2,keypad | input console,,የኮምፒውተር ኪቦርድ (ፊደላትንና ቁጥሮችን ለመተየብ የሚያገለግሉ ቁልፎች ሰሌዳ),technology | digital
kid,noun,An informal word for a child or young person.,The kids played happily on the community playground swings.,/ˈkɪd/,A2,child | youngster | youth,parent,ህጻን ልጅ (ወጣት ወይም ትንሽ ልጅ),people | society
kilometer,noun,"A metric unit of measurement equal to 1,000 meters or about 0.62 miles.",The marathon course spans approximately forty-two kilometers.,/ˈkɪɫəˌmitɝ/,A2,km | distance measure,,ኪሎሜትር (የረጅም ርቀት መለኪያ፤ የአንድ ሺህ ሜትሮች ርዝመት),everyday | core
kind,noun,A group of people or things having similar characteristics.,What kind of pet would be most suitable for a small apartment?,/ˈkaɪnd/,A2,type | sort | variety | breed,,አይነት (የአንድ ነገር ዝርያ ወይም ክፍል),people | society
kindness,noun,"The quality of being friendly, generous, and considerate.",A small act of kindness can brighten someone's difficult day.,/ˈkaɪndnəs/,A2,benevolence | goodwill | generosity | warmth,unkindness,ደግነት (ለሌሎች ፍቅርና መልካም ነገር የማድረግ ባህሪ),people | society
kiwi,noun,"A fruit with a thin hairy brown skin, green flesh, and black seeds; kiwifruit.",She garnished the fruit tart with bright green slices of kiwi.,/ˈkiwi/,A2,kiwifruit | Chinese gooseberry,,ኪዊ (አረንጓዴ ውስጠኛ ክፍል ያለው ጣፋጭ ፍራፍሬ),food | dining
knowledge,noun,"Facts, information, and skills acquired by a person through experience or education.",Extensive reading deepens your general knowledge and vocabulary.,/ˈnɑɫədʒ/,A2,understanding | lore | wisdom | insight,,እውቀት (በትምህርትና በተሞክሮ የተገኘ መረጃና ግንዛቤ),education | academic
korean,noun,The official language spoken in North and South Korea.,Korean has a remarkably scientific and phonetic alphabet called Hangul.,/ˈkɹiən/,A2,Hangul language,,ኮሪያኛ (የኮሪያ አገር ቋንቋ ወይም ባህል),communication
lab,noun,A laboratory; a room or building equipped for scientific experiments and research.,Students wore protective goggles inside the chemistry lab.,/ˈɫæb/,A2,laboratory | testing room,,ቤተ-ሙከራ / ላብ (ሳይንሳዊ ምርምር የሚደረግበት ላቦራቶሪ),education | academic
ladybug,noun,"A small round beetle, typically red or orange with small black spots, feeding on aphids.",Gardeners appreciate the helpful ladybug because it consumes plant pests.,/ˈɫeɪdiˌbəɡ/,A2,ladybird | coccinellid,,ቀይ ጥንዚዛ (ጥቁር ነጠብጣብ ያላት ትንሽ ቀይ ጥንዚዛ),everyday | core
lake,noun,A large body of water surrounded by land.,They sailed a small wooden boat across the serene alpine lake.,/ˈɫeɪk/,A2,loch | pond | reservoir | mere,,ሃይቅ (በየብስ የተከበበ ሰፊ የተፈጥሮ የውሃ አካል),health | medicine
lamb,noun,"A young sheep under one year old, or its meat.",The gentle white lamb skipped across the green farm pasture.,/ˈɫæm/,A2,young sheep,,የበግ ጠቦት / የበግ ስጋ (ትንሽ የበግ ልጅ፤ ወይም ለምግብ የሚውል ለስላሳ የበግ ስጋ),food | dining
landlord,noun,"A person who leases land, a building, or an apartment to a tenant.",The friendly landlord promptly fixed the plumbing leak in the apartment.,/ˈɫændˌɫɔɹd/,A2,property owner | lessor | proprietor,,የቤት አከራይ (ቤቱን ለሌላ ሰው በክራይ የሚያከራይ ባለንብረት),arts | culture
landscape,noun,All the visible features of an area of countryside or land.,The mountainous landscape of northern Ethiopia is breathtaking.,/ˈɫænˌskeɪp/,A2,scenery | terrain | panorama | vista,,የመሬት ገጽታ / መልክዓ-ምድር (ተራሮችና ሸለቆዎችን ያካተተ የተፈጥሮ እይታ),food | dining
laptop,noun,A computer that is portable and suitable for use while traveling.,She carried her lightweight laptop to the university library every day.,/ˈɫæpˌtɑp/,A2,notebook | portable computer,,ላፕቶፕ ኮምፒውተር (ተንቀሳቃሽ በእጅ የሚያዝ ኮምፒውተር),travel | transport
laundry,noun,Clothes and linens that need to be washed or that have been newly washed.,She sorted the dirty household laundry into dark and light fabrics.,/ˈɫɔndɹi/,A2,washing | washables | soiled clothes,,የሚታጠብ ልብስ (የቆሸሹ ወይም እየታጠቡ ያሉ ልብሶች),fashion | clothing
lease,noun,"A contract by which one party conveys land, property, or services to another for a specified time in return for.",Review all terms carefully before signing the apartment rental lease.,/ˈɫis/,A2,rental agreement | tenancy contract | charter,,የኪራይ ውል (የቤት ወይም የመሬት የረጅም ጊዜ የኪራይ ስምምነት),arts | culture
least,noun,"Smallest in amount, extent, or significance.",He chose the route with the least amount of vehicular traffic.,/ˈɫist/,A2,minimum | slightest | smallest,,ዝቅተኛው / ትንሹ (ከሁሉም ያነሰ መጠን),everyday | core
leftovers,noun,"Food remaining uneaten at the end of a meal, often saved for later consumption.",They warmed up the leftover pasta and stew for a quick Monday lunch.,/ˈɫɛfˌtoʊvɝz/,A2,remnants | scraps | extra food,,የትርፍ ምግብ ፍርፋሪ (ከምግብ በኋላ የተረፈ ተቀጣይ ምግብ),food | dining
length,noun,The measurement or extent of something from end to end.,The total length of the newly constructed bridge spans two kilometers.,/ˈɫɛŋkθ/,A2,span | extent | distance,,ርዝመት (የአንድ ነገር ከጫፍ እስከ ጫፍ ያለው ርዝማኔ),everyday | core
less,noun,A smaller amount of; not so much.,Try to consume less sugar and processed junk food.,/ˈɫɛs/,A2,fewer | smaller amount of,,ያነሰ (በመጠን ወይም በቁጥር የቀነሰ),everyday | core
lesson,noun,"A period of learning or teaching, usually in a school or college.",Our morning grammar lesson focused on irregular English verbs.,/ˈɫɛsən/,A2,class | period | tutorial | lecture,,የትምህርት ክፍለ-ጊዜ (በትምህርት ቤት የሚሰጥ ትምህርት),education | academic
letter,noun,"A written, typed, or printed communication sent in an envelope by post.",She wrote a handwritten letter to her parents abroad.,/ˈɫɛtɝ/,A2,missive | note | message | dispatch,,ደብዳቤ | ፊደል (የተጻፈ መልእክት፤ ወይም የቋንቋ ፊደል),everyday | core
level,noun,"A position on a real or imaginary scale of amount, quantity, extent, or quality.",She completed the A1 language test and advanced to the A2 level.,/ˈɫɛvəɫ/,A2,stage | grade | tier | standard,,ደረጃ (የከፍታ፣ የእውቀት ወይም የችሎታ ደረጃ),everyday | core
library,noun,"A building or room containing collections of books, periodicals, and media for people to read, borrow, or refer to.",The quiet university library provides study carrels and digital computers.,/ˈɫaɪbɹɛˌɹi/,A2,athenaeum | reading room | archive,,ቤተ-መጻሕፍት (መጻሕፍት የሚነበቡበትና የሚዋሱበት አዳራሽ),people | society
life,noun,The condition that distinguishes animals and plants from inorganic matter; human existence.,She dedicated her professional life to advancing medical research.,/ˈɫaɪf/,A2,existence | living | being | lifespan,,ህይወት (በምድር ላይ የመኖር ህልውና),nature | science
light bulb,noun,A glass bulb inserted into an electric lamp to provide artificial light.,Screw in an energy-efficient LED light bulb to brighten the kitchen.,/ˈɫaɪt ˈbəɫb/,A2,lamp | electric bulb | globe,,የኤሌክትሪክ አምፑል (ብርሃን የሚሰጥ የመስታወት አምፑል),arts | culture
lightness,noun,"The quality of having a delicate, pale, or soft shade of color.",The visual lightness of the pastel walls made the small room feel spacious.,/ˈɫaɪtnəs/,A2,paleness | luminosity | delicacy,heaviness | darkness,ቅለት | ብሩህነት (የክብደት ማነስ፤ ወይም የብርሃን ብሩህነት),everyday | core
lily,noun,"A bulbous plant with large, typically white or brightly colored trumpet-shaped flowers.",White water lilies floated gracefully upon the surface of the pond.,/ˈlɪli/,A2,water lily | trumpet flower,,የውሃ አበባ / ሊሊ (ውብ የሆነ የነጭ ወይም የቀለም አበባ አይነት),nature | science
line,noun,A telephone connection or circuit allowing communication.,The operator transferred the caller to an available support line.,/ˈɫaɪn/,A2,connection | circuit | wire,,መስመር | ሰልፍ (ቀጥ ያለ መስመር፤ ወይም የሰዎች ሰልፍ),technology | digital
liquid,noun,"A substance that flows freely but is of constant volume, having a consistency like water or oil.",Water is the most common liquid found across the Earth's surface.,/ˈɫɪkwəd/,A2,fluid | solution | molten substance,,ፈሳሽ (እንደ ውሃ ወይም ወተት ያለ የሚፈስ ነገር),fashion | clothing
list,noun,"A number of connected items or names written consecutively, typically one below the other.",Check every item off your study vocabulary list as you master it.,/ˈɫɪst/,A2,roster | catalog | inventory | index,,ዝርዝር (የእቃዎች ወይም የስሞች ዝርዝር ማስታወሻ),everyday | core
liter,noun,"A metric unit of capacity, formerly defined as the volume of 1 kilogram of water.",Drink at least two liters of water daily to maintain proper hydration.,/ˈɫitɝ/,A2,litre | liquid volume,,ሊትር (የፈሳሽ መጠን መለኪያ),everyday | core
little,noun,A small amount of something non-count.,There was little rain during the dry summer months.,/ˈɫɪtəɫ/,A2,scant | slight | minimal,,ትንሽ (በመጠን ወይም በቁጥር አነስተኛ),everyday | core
lock,noun,"A mechanism for keeping a door, lid, or container fastened, typically operated by a key.",A heavy deadbolt lock secures the warehouse entrance at night.,/ˈɫɑk/,A2,padlock | deadbolt | latch | clasp,,መቆለፊያ (በርን ወይም ሳጥንን በቁልፍ ለመዝጋት የሚያገለግል መቆለፊያ),home | living
loser,noun,"A person or team that loses a game, match, or competition.",The runner was a gracious loser and congratulated the champion.,/ˈɫuzɝ/,A2,defeated party | runner-up,winner | achiever,ተሸናፊ (በውድድር የተሸነፈ ሰው),people | society
loudspeaker,noun,"An apparatus that converts electrical impulses into sound, typically to project to large audiences.",The flight announcement echoed clearly through the airport loudspeaker.,/ˈɫaʊdˌspikɝ/,A2,speaker | amplifier | megaphone,,ድምጽ ማጉያ (ድምጽን አጉልቶ ለብዙ ሰዎች የሚያሰማ ማጉያ),technology | digital
lunchtime,noun,The time in the middle of the day when lunch is usually eaten.,Colleagues walked to the Italian restaurant together at lunchtime.,/ˈɫəntʃˌtaɪm/,A2,noon | midday meal time,,የምሳ ሰዓት (ምሳ የሚበላበት እኩለ-ቀን ሰዓት),food | dining
mail,noun,Letters and packages conveyed by the postal system.,The mail carrier delivered three parcels to our porch.,/ˈmeɪɫ/,A2,post | correspondence | parcels,,ፖስታ / መልእክት (በፖስታ ቤት ወይም በኢሜይል የሚላክ ደብዳቤ),everyday | core
mailbox,noun,A box into which mail is delivered for a householder.,The mail carrier placed two greeting cards inside our metal mailbox.,/ˈmeɪɫˌbɑks/,A2,postbox | letterbox,,የፖስታ ሳጥን (ደብዳቤዎች የሚጣሉበት ወይም የሚቀመጡበት ሳጥን),home | living
major,noun,The principal subject that a university student chooses to specialize in.,Her college major is civil engineering with a minor in architecture.,/ˈmeɪdʒɝ/,A2,specialization | field of study,,ዋና የትምህርት መስክ (በዩኒቨርሲቲ የተመረጠ ዋና የትምህርት ዘርፍ),education | academic
manager,noun,A person responsible for controlling or administering all or part of a company or similar organization.,The general manager holds a staff meeting every Monday morning.,/ˈmænədʒɝ/,A2,supervisor | director | administrator | chief,,ስራ አስኪያጅ / ማኔጀር (የድርጅት ወይም የሆቴል ስራዎችን የሚመራ ኃላፊ),business | finance
mango,noun,"A fleshy, oval yellowish-red tropical fruit that is eaten ripe or used green in pickles.","The ripe mango was fragrant, sweet, and bursting with tropical juice.",/ˈmæŋɡoʊ/,A2,tropical stone fruit,,ማንጎ (ጣፋጭና ጭማቂ ያለው ሞቃታማ ፍራፍሬ),food | dining
many,noun,A large number of people or things.,Many international students enrolled in the biology lecture.,/ˈmɛni/,A2,numerous | several | countless,,ብዙ (በቁጥር የበዙ ሰዎች ወይም እቃዎች),people | society
market,noun,"A regular gathering of people for the purchase and sale of provisions, livestock, and other commodities.",Farmers display fresh vegetables and honey every Saturday at the market.,/ˈmɑɹkət/,A2,marketplace | bazaar | mart | fair,,ገበያ (ዕቃዎች የሚገዙበትና የሚሸጡበት ስፍራ),business | finance
material,noun,The matter from which a thing is or can be made.,"Wood, stone, and steel are essential materials used in bridge construction.",/məˈtɪɹiəɫ/,A2,substance | fabric | matter | medium,,ቁሳቁስ / ጥሬ እቃ (እቃዎችን ለመስራት የሚያገለግል ጨርቅ፣ እንጨት ወይም ብረት),everyday | core
math,noun,"Mathematics; the abstract science of number, quantity, and space.",Students practice algebra and geometry problems in daily math class.,/ˈmæθ/,A2,mathematics | arithmetic | calculus,,ሂሳብ (የቁጥሮችና የስሌት ሳይንስ ትምህርት),everyday | core
matter,noun,A subject or situation under consideration.,The municipal council convened to discuss the important housing matter.,/ˈmætɝ/,A2,issue | topic | affair | business,,ጉዳይ | ቁስ (አስፈላጊ ጉዳይ፤ ወይም በቦታ ውስጥ ያለ ማንኛውም ቁስ),everyday | core
measurement,noun,"The action of measuring something, or the size, length, or amount of something determined by measuring.",Accurate measurement of the room dimensions is essential before ordering carpets.,/ˈmɛʒɝmənt/,A2,dimension | sizing | assessment | calculation,,መለካት / ልኬት (የአንድን ነገር ርዝመት፣ ስፋት ወይም ክብደት መለካት),everyday | core
medal,noun,A metal disc awarded as a distinction for victory or bravery in sports or military combat.,The runner stood proudly on the podium to receive her gold medal.,/ˈmɛdəɫ/,A2,badge | decoration | medallion | award,,ሜዳሊያ (በስፖርት ውድድር ለአሸናፊዎች የሚሰጥ የወርቅ፣ የብር ወይም የነሐስ ሽልማት),sports | recreation
medication,noun,"A substance used for medical treatment, especially a drug or medicine.",Always take prescribed medication exactly as directed by your physician.,/ˌmɛdəˈkeɪʃən/,A2,medicine | drug | pharmaceutical | remedy,,መድሃኒት (ህመምን ለማከም የሚወሰድ ክኒን ወይም ሽሮፕ),health | medicine
meeting,noun,"An assembly of people for a particular purpose, especially for formal discussion.",The board of directors convened for their quarterly budget meeting.,/ˈmitɪŋ/,A2,conference | gathering | assembly | consultation,,ስብሰባ (ሰዎች ስለ አንድ ጉዳይ ለመወያየት የሚያደርጉት ጉባኤ),arts | culture
member,noun,"An individual that belongs to a group, organization, or family.",Each active member of the club participates in weekend volunteer projects.,/ˈmɛmbɝ/,A2,affiliate | participant | associate,nonmember,አባል (የአንድ ማህበር፣ ክበብ ወይም ድርጅት አባል የሆነ ሰው),people | society
membership,noun,"The state of being a member of a group, club, or organization.",Gym membership grants access to the swimming pool and weight room.,/ˈmɛmbɝˌʃɪp/,A2,affiliation | enrollment | participation,,አባልነት (የአንድ ማህበር አባል የመሆን መብትና ደረጃ),society | law
memory,noun,"The faculty by which the brain encodes, stores, and retrieves information.",Spaced repetition practice strengthens long-term vocabulary memory.,/ˈmɛmɝi/,A2,recollection | remembrance | recall,,ትውስታ / ማህደረ-ትውስታ (ያለፈን ነገር የማስታወስ ችሎታ፤ ወይም የኮምፒውተር ሚሞሪ),nature | science
menu,noun,A list of the food and drinks available in a restaurant.,The waiter handed us the dinner menu and wine list.,/ˈmɛnju/,A2,bill of fare | tariff | card,,ሜኑ / የምግብ ዝርዝር (በሬስቶራንት የሚገኙ ምግቦችንና ዋጋቸውን የሚያሳይ ዝርዝር),food | dining
message,noun,"A verbal, written, or recorded communication sent to or left for a recipient who cannot be contacted directly.",He received an urgent text message on his cell phone.,/ˈmɛsədʒ/,A2,dispatch | communication | memo | text,,መልእክት (ለአንድ ሰው በቃል፣ በስልክ ወይም በጽሁፍ የሚተላለፍ መረጃ),communication
metal,noun,"A solid material that is typically hard, shiny, malleable, and conducts electricity and heat.",Copper and aluminum are lightweight metals used in electrical wires.,/ˈmɛtəɫ/,A2,metallic element | alloy,,ብረት (እንደ ብረት፣ መዳብ ወይም ወርቅ ያለ ጠንካራ ማዕድን),food | dining
meter,noun,"The fundamental unit of length in the metric system, equal to 100 centimeters.",The swimming pool measures fifty meters from end to end.,/ˈmitɝ/,A2,metric unit | length,,ሜትር (የርዝመት መለኪያ፤ የአንድ መቶ ሴንቲሜትር ርዝመት),emotions | psychology
method,noun,"A particular procedure for accomplishing or approaching something, especially a systematic one.",The scientific method relies on testable hypotheses and empirical proof.,/ˈmɛθəd/,A2,procedure | technique | approach | process,,ዘዴ / የአሰራር መንገድ (አንድን ስራ ለማከናወን የሚከተሉት ስልት),arts | culture
metric ton,noun,"A unit of weight equal to 1,000 kilograms; a tonne.",The cargo freighter transported five thousand metric tons of grain.,/ˈmɛtɹɪk ˈtən/,A2,tonne | 1000 kg,,ሜትሪክ ቶን (የክብደት መለኪያ፤ የአንድ ሺህ ኪሎግራም ክብደት),everyday | core
middle name,noun,A name that comes between a person's first given name and their family surname.,"Her full legal name is Sarah Grace Miller, where Grace is her middle name.",/ˈmɪdəɫ ˈneɪm/,A2,second name | middle given name,,የአባት ስም (ከራስ ስም ቀጥሎ የሚጠራ ስም),people | society
mile,noun,"A unit of linear measure equal to 1,760 yards (approximately 1.609 kilometers).",Their family home is located two miles outside the town center.,/ˈmaɪɫ/,A2,statute mile | distance unit,,ማይል (የረጅም ርቀት መለኪያ፤ ወደ 1.6 ኪሎሜትር የሚጠጋ),technology | digital
milligram,noun,"One thousandth of a gram, used especially for measuring pharmaceutical doses.",Each vitamin tablet contains five hundred milligrams of vitamin C.,/ˈmɪɫəˌɡɹæm/,A2,mg | tiny measure,,ሚሊግራም (እጅግ ጥቃቅን የክብደት መለኪያ፤ የአንድ ግራም አንድ ሺህኛ),everyday | core
milliliter,noun,"One thousandth of a liter, equal to one cubic centimeter.",Add fifty milliliters of olive oil to the salad dressing.,/ˈmɪɫəˌɫitɝ/,A2,ml | liquid measure,,ሚሊሊትር (አነስተኛ የፈሳሽ መለኪያ፤ የአንድ ሊትር አንድ ሺህኛ),time | calendar
millimeter,noun,"One thousandth of a meter, equal to 0.039 inch.",Rainfall was measured at fifteen millimeters following the downpour.,/ˈmɪɫəˌmitɝ/,A2,mm | metric length,,ሚሊሜትር (አነስተኛ የርዝመት መለኪያ፤ የአንድ ሴንቲሜትር አንድ አስረኛ),everyday | core
million,noun,"The number equivalent to the product of a thousand and a thousand; 1,000,000.",The metropolis has a diverse human population exceeding two million.,/ˈmɪɫjən/,A2,1 | 000,,"ሚሊዮን (አንድ ሺህ ሺህ ወይም 1,000,000)",everyday | core
mind,noun,"The element of a person that enables them to be aware of the world and their experiences, to think, and.",Reading daily exercises and sharpens the human mind.,/ˈmaɪnd/,A2,brain | intellect | psyche | consciousness,,አእምሮ (የማሰብ፣ የማስተዋልና የስሜት ማዕከል),emotions | psychology
minus sign,noun,The symbol (-) used in mathematics to indicate subtraction or a negative value.,Place a minus sign before the numeral to indicate sub-zero temperature.,/ˈmaɪnəs ˈsaɪn/,A2,subtraction mark | negative sign,,የመቀነሻ ምልክት (በሂሳብ መቀነስን የሚያሳይ የ(-) ምልክት),everyday | core
mirror,noun,"A reflective surface, now typically of glass coated with a metal amalgam, that reflects a clear image.",She examined her reflection in the bedroom mirror before leaving.,/ˈmɪɹɝ/,A2,looking glass | glass | reflector,,መስተዋት (የሰውን ወይም የእቃን ምስል መልሶ የሚያሳይ የጠራ መስታወት),fashion | clothing
model,noun,A person employed to display clothes or other merchandise by wearing or posing with them.,The fashion model walked down the runway wearing an elegant gown.,/ˈmɑdəɫ/,A2,mannequin | fashion displayer,,ሞዴል / አርአያ (የአንድ ነገር አነስተኛ ቅጂ፤ ወይም የሚያምር ልብስ አሳይ),people | society
moment,noun,A very brief period of time; an exact point in time.,Hold on for a moment while I confirm your hotel booking.,/ˈmoʊmənt/,A2,instant | minute | second | flash,inconsequence,ቅጽበት (በጣም አጭር የሆነ የጊዜ ቅጽበት),time | calendar
mommy,noun,"An affectionate or familiar word for mother, especially used by children.",Mommy helped her toddler tie his shoes before leaving the house.,/ˈmɑmi/,A2,mom | mama | mother,,እማማ / እማዬ (ልጆች ለእናት የሚሰጡት የፍቅር መጠሪያ),people | society
monitor,noun,"A device used for observing, checking, or displaying digital images on a screen.",He connected his laptop to an external widescreen monitor for coding.,/ˈmɑnətɝ/,A2,display | screen | VDT,,ሞኒተር / ስክሪን (ምስል የሚያሳይ የኮምፒውተር ስክሪን),technology | digital
monkey,noun,"A small to medium-sized primate that typically has a long tail, most kinds of which live in trees in tropical.",Playful monkeys leaped agilely between the canopy branches of the rainforest.,/ˈməŋki/,A2,primate | simian | ape,,ዝንጀሮ / ጦጣ (በዛፎች ላይ የምትንጠለጠል ተጫዋች እንስሳ),nature | science
more,noun,A greater or additional amount or degree of something.,We need more fresh vegetables to prepare the evening dinner.,/ˈmɔɹ/,A2,additional | further | extra,,የበለጠ / ተጨማሪ (በመጠን ወይም በቁጥር የበዛ),education | academic
mosque,noun,"A Muslim place of worship, often with minarets.",The faithful gathered at the historic mosque for Friday communal prayer.,/ˈmɒsk/,A2,masjid | Islamic temple,,መስጊድ (የሙስሊሞች የጸሎትና የአምልኮ ስፍራ),travel | transport
mosquito,noun,"A slender long-legged fly with aquatic larvae, the bite of which can transmit malaria.",Apply insect repellent to protect your skin from biting mosquitoes at twilight.,/məˈskitoʊ/,A2,gnat | bloodsucker,,ትንኝ (ደም የምትመጥና የወባ በሽታ የምታስተላልፍ ነፍሳት),everyday | core
most,noun,"The greatest in amount, quantity, or degree.",Most students passed the grammar assessment with high marks.,/ˈmoʊs/,A2,majority of | almost all,,አብዛኛው (ከሁሉም የበዛው ክፍል),education | academic
motel,noun,"A roadside hotel designed primarily for motorists, typically having the rooms adjacent to parking.",The cross-country drivers rested for the night at a quiet highway motel.,/moʊˈtɛɫ/,A2,motor inn | roadside lodge,,ሞቴል (በዋና መንገድ ዳርቻ ለመኪና አሽከርካሪዎች የተዘጋጀ ማረፊያ ሆቴል),travel | transport
movies,noun,"A cinema, or the film industry and viewing culture collectively.",We love going to the movies together on Saturday evenings.,/ˈmuviz/,A2,cinema | theater | films,,ሲኒማ / ፊልሞች (ፊልም የሚታይበት አዳራሽ ወይም ፊልሞች),business | finance
much,noun,A large amount or quantity of something non-count.,How much water should we pack for the mountain hike?,/ˈmətʃ/,A2,a lot of | plenty of | copious,,ብዙ (በመጠኑ የበዛ),everyday | core
muscle,noun,A band or bundle of fibrous tissue in a human body that contracts to produce movement.,Regular strength training helps build lean muscle tissue.,/ˈməsəɫ/,A2,sinew | brawn | tendon,,ጡንቻ (የሰውነት እንቅስቃሴን የሚያከናውን ጠንካራ ስጋ),health | medicine
mushroom,noun,"A fungal growth that typically takes the form of a domed cap on a stalk, with gills on the underside.",She sautéed fresh button mushrooms in olive oil and garlic.,/ˈməʃɹum/,A2,fungus | toadstool | champignon,toadstool,እንጉዳይ (ከመሬት የሚበቅል ዣንጥላ ቅርጽ ያለው ለምግብ የሚውል ተክል),communication
musician,noun,"A person who plays a musical instrument, especially as a profession, or is musically talented.",Talented musicians from diverse nations performed at the peace concert.,/mjuˈzɪʃən/,A2,player | artist | instrumentalist | composer,,ሙዚቀኛ (ሙዚቃ የሚጫወት ወይም የሚዘፍን አርቲስት),arts | culture
mustache,noun,A strip of hair grown by men above the upper lip.,The officer had a distinctive dark mustache.,/ˈməsˌtæʃ/,A2,whiskers | facial hair,,የላይኛው ከንፈር ጢም / ሻረብ (ከላይኛው ከንፈር በላይ የሚበቅል ጢም),travel | transport
napkin,noun,A square piece of cloth or paper used at a meal to wipe the fingers or lips.,Place your linen napkin across your lap when sitting at the dinner table.,/ˈnæpkɪn/,A2,serviette | paper towel | cloth,,የእጅ መጥረጊያ ወረቀት / ጨርቅ (በምግብ ወቅት እጅና አፍን ለማጽዳት የሚያገለግል),food | dining
necklace,noun,"An ornamental chain or string of beads, jewels, or pearls worn around the neck.",She wore an elegant pearl necklace to complement her evening dress.,/ˈnɛklɪs/,A2,choker | pendant | collar,,የአንገት ሀብል (በአንገት ላይ የሚደረግ የወርቅ፣ የብር ወይም የዶቃ ጌጥ),emotions | psychology
neighbor,noun,A person living near or next door to the speaker or person referred to.,Our kind neighbor offered to water our garden plants while we traveled.,/ˈneɪbɝ/,A2,next-door resident | local,,ጎረቤት (በአጠገብ ቤት የሚኖር ሰው),communication
neighborhood,noun,"A district, especially one forming a community within a town or city.",Our quiet suburban neighborhood features shaded parks and tree-lined sidewalks.,/ˈneɪbɝˌhʊd/,A2,district | locality | vicinity | community,,ሰፈር / መንደር (ቤቶችና ጎረቤቶች ያሉበት አካባቢ),people | society
net,noun,"A barrier of meshed fabric stretched across the middle of a tennis or volleyball court, or in a goal.",The tennis ball clipped the net and dropped inside the boundary line.,/ˈnɛt/,A2,mesh | barrier | goal netting,,መረብ (ዓሳ ለማጥመድ ወይም ለስፖርት የሚውል የተሳሰረ መረብ),society | law
netherlands,noun,"A country in northwestern Europe known for a flat landscape of canals, tulip fields, and windmills.",Amsterdam is the bustling capital city of the Netherlands.,/ˈnɛðɝɫəndz/,A2,Holland | Dutch nation,,ኔዘርላንድስ / ሆላንድ (በአውሮፓ የምትገኝ ታዋቂ ሀገር),nature | science
news,noun,"Newly received or noteworthy information, especially about recent or important events.",We listened to the international news on the radio before breakfast.,/ˈnjuz/,A2,tidings | reports | dispatch | bulletin,,ዜና (ዕለታዊ ወቅታዊ መረጃዎችና ዜናዎች),everyday | core
no one,noun,Not a single person; nobody.,No one was absent from class when the attendance was called.,/ˈnoʊ ˈwən/,A2,nobody | none,,ማንም ሰው (አንድም ሰው የሌለ መሆኑን አመልካች),health | medicine
noise,noun,"A sound, especially one that is loud or unpleasant or that causes disturbance.",Heavy city traffic produces considerable unwanted background noise.,/ˈnɔɪz/,A2,din | clamor | racket | commotion,,ጩኸት / ጫጫታ (ጆሮን የሚረብሽ ከፍተኛ ድምጽ),fashion | clothing
none,noun,Not any; no persons or things.,None of the students failed the introductory English vocabulary quiz.,/ˈnən/,A2,not one | zero | nil,,ምንም (አንድም ያልተገኘ),people | society
noodle,noun,"A strip, ring, or other shape of pasta or dough, cooked in boiling liquid.",He enjoyed a steaming bowl of chicken noodle soup for lunch.,/ˈnudəɫ/,A2,pasta ribbon | ramen | vermicelli,,ፓስታ / ኑድልስ (ረጅም ስስ ሆኖ ተዘጋጅቶ የሚበስል የዱቄት ምግብ),food | dining
northeast,noun,The direction or point on the compass halfway between north and east.,The migrating flock flew toward the northeast across the great plains.,/ˌnɔɹˈθist/,A2,northeastern direction,,ሰሜን ምስራቅ (በሰሜንና በምስራቅ መካከል ያለ አቅጣጫ),everyday | core
northwest,noun,The direction or point on the compass halfway between north and west.,A brisk cold wind blew from the northwest over the mountains.,/ˌnɔɹθˈwɛst/,A2,northwestern direction,,ሰሜን ምዕራብ (በሰሜንና በምዕራብ መካከል ያለ አቅጣጫ),everyday | core
norway,noun,"A Scandinavian country encompassing mountains, glaciers, and deep coastal fjords.",Tourists travel to Norway to observe the luminous northern lights.,/ˈnɔɹˌweɪ/,A2,Kingdom of Norway,,ኖርዌይ (በሰሜን አውሮፓ የምትገኝ ሀገር),everyday | core
note,noun,"A brief record of facts, topics, or thoughts, written down as an aid to memory.",She reviewed her lecture notes carefully before the midterm examination.,/ˈnoʊt/,A2,memo | record | reminder | jotting,,አጭር ማስታወሻ (አስፈላጊ ነገሮችን ጽፎ ለማስቀመጥ የሚጻፍ አጭር ጽሁፍ),emotions | psychology
nothing,noun,Not anything; no single thing.,There is nothing more relaxing than an evening stroll after work.,/ˈnəθɪŋ/,A2,naught | nil | zero,,ምንም ነገር (ምንም የሌለ ባዶነት),everyday | core
noun,noun,"A word used to identify any of a class of people, places, or things, or to name a particular one.","Words like teacher, mountain, and happiness are categorized as nouns.",/ˈnaʊn/,A2,substantive | naming word,,ስም (ሰውን፣ ቦታን ወይም ቁሳቁስን ለመጥራት የሚያገለግል ቃል),arts | culture
novel,noun,"A fictitious prose narrative of book length, typically representing character and action with realism.",She spent the weekend immersed in a captivating historical novel.,/ˈnɑvəɫ/,A2,book | work of fiction | romance,,ልብ-ወለድ መጽሐፍ (ረጅም ምናባዊ ታሪክን የያዘ የታተመ መጽሐፍ),arts | culture
nowhere,noun,Not in or to any place; in no place.,There was nowhere to sit because the public bus was completely full.,/ˈnoʊˌwɛɹ/,A2,in no place,,በየትም ቦታ (በየትኛውም ስፍራ የሌለ),everyday | core
number,noun,"An arithmetical value, expressed by a word, symbol, or figure, representing a particular quantity.",Choose an integer number between one and one hundred for the game.,/ˈnəmbɝ/,A2,numeral | figure | integer | digit,,ቁጥር (መጠንን፣ ደረጃን ወይም ስሌትን የሚያሳይ አሃዝ),arts | culture
nut,noun,A fruit consisting of a hard or tough shell around an edible kernel.,Walnuts and almonds are healthy nuts packed with protein and good fats.,/ˈnət/,A2,kernel | seed | edible nut,,ለውዝ / ፍሬ (ጠንካራ ልጣጭ ያለው ጣፋጭና ቅባት ያለው ፍሬ),food | dining
ocean,noun,"A very large expanse of sea, in particular each of the main areas into which the sea is divided.",Whales and sea turtles migrate across the vast Pacific Ocean.,/ˈoʊʃən/,A2,sea | the deep | waters,,ውቅያኖስ (እጅግ በጣም ሰፊና ጥልቅ የሆነ የጨዋማ ውሃ አካል),nature | science
officer,noun,"A person holding a position of authority, especially in the armed forces or police.",The police officer assisted stranded motorists during the blizzard.,/ˈɔfəsɝ/,A2,official | commander | captain | constable,,መኮንን / ኃላፊ (በፖሊስ፣ በወታደር ወይም በድርጅት ውስጥ ኃላፊነት ያለው ሰው),society | law
omelet,noun,"A dish of beaten eggs cooked with butter or oil in a frying pan, often folded around cheese or vegetables.",He cooked a fluffy mushroom and cheddar cheese omelet for breakfast.,/ˈɑmɫət/,A2,egg dish | frittata,,እንቁላል ጥብስ / ኦምሌት (ተመቶ በዘይት የሚጠበስ እንቁላል),food | dining
one-way ticket,noun,"A travel ticket valid only for a journey to a destination, not for the return.",He bought a one-way ticket because he planned to relocate permanently.,/ˈwənˈweɪ ˈtɪkət/,A2,single ticket | outward ticket,,የአንድ አቅጣጫ ትኬት (ለመሄድ ብቻ የሚያገለግል ትኬት),travel | transport
opera,noun,"A dramatic work in one or more acts, set to music for singers and instrumentalists.",They dressed formally to attend the grand opera performance in the capital.,/ˈɑpɹə/,A2,musical drama | operetta,,ኦፔራ (በሙዚቃና በዜማ የሚቀርብ ትልቅ የመድረክ ተውኔት),emotions | psychology
operation,noun,"A mathematical process such as addition, subtraction, multiplication, or division.",Multiplication is a fundamental mathematical operation used in geometry.,/ˌɑpɝˈeɪʃən/,A2,calculation | computation | arithmetic process,,ቀዶ ጥገና | ክንውን (የህክምና ቀዶ ጥገና፤ ወይም ወታደራዊ/የስራ እንቅስቃሴ),everyday | core
opinion,noun,"A view or judgment formed about something, not necessarily based on fact.","In her opinion, learning languages should be fun and practical.",/əˈpɪnjən/,A2,view | viewpoint | perspective | sentiment,,አስተያየት / አመለካከት (አንድ ሰው ስለ አንድ ጉዳይ ያለው የግል እይታ),everyday | core
orchid,noun,"A plant with complex, beautifully patterned, and colorful flowers, often tropical.",The botanical greenhouse showcases exotic blooming purple orchids.,/ˈɔɹkɪd/,A2,orchidaceous plant,,ኦርኪድ (እጅግ በጣም ውብና ድንቅ የሆነ የአበባ አይነት),nature | science
order,noun,"A request to make, supply, or serve something, especially food in a restaurant.",The waitress took our table's food order with a pleasant smile.,/ˈɔɹdɝ/,A2,request | booking | requisition,disorder | disorderliness,ትዕዛዝ | ቅደም-ተከተል (የስራ ትዕዛዝ፤ ወይም በስርዓት የተቀመጠ ቅደም ተከተል),food | dining
organism,noun,"An individual animal, plant, or single-celled life form.",Microscopic organisms thrive in freshwater ponds and moist soil.,/ˈɔɹɡəˌnɪzəm/,A2,living entity | creature | life form,,ህያው ፍጡር (ህይወት ያለው ማንኛውም ተክል፣ እንስሳ ወይም ባክቴሪያ),nature | science
organization,noun,"An organized body of people with a particular purpose, especially a business or society.",She volunteers at an international charitable relief organization.,/ˌɔɹɡənəˈzeɪʃən/,A2,association | institution | society | body,,ድርጅት / ተቋም (ለአንድ አላማ የተቋቋመ ማህበር ወይም መስሪያ ቤት),business | finance
outlet,noun,A point on a wiring system at which current is taken to supply utilization equipment; electric socket.,Plug your laptop charger into the wall electric outlet.,/ˈaʊtˌɫɛt/,A2,socket | power point | plug socket,,የኤሌክትሪክ ሶኬት | መሸጫ ሱቅ (ኤሌክትሪክ የሚሰካበት ሶኬት፤ ወይም የፋብሪካ ምርት መሸጫ),everyday | core
oven,noun,An enclosed compartment for cooking and heating food using heat.,Preheat the electric oven to bake the homemade bread loaf.,/ˈəvən/,A2,cooker | stove | roaster,,የመጋገሪያ ምድጃ (ዳቦ፣ ኬክ ወይም ስጋ የሚጋገርበት ምድጃ),food | dining
overtime,noun,Time worked in addition to one's normal working hours.,Factory workers receive extra compensation when working weekend overtime.,/ˈoʊvɝˌtaɪm/,A2,extra hours | additional work,regulation time,የትርፍ ሰዓት ስራ (ከመደበኛ የስራ ሰዓት ውጪ የሚሰራ ተጨማሪ ስራ),time | calendar
oxygen,noun,"A colorless, odorless reactive gas, the chemical element of atomic number 8, forming about 21% of the atmosphere.",Living humans and animals require oxygen from the air to survive.,/ˈɑksədʒən/,A2,O | vital gas,,ኦክስጅን (ህይወት ያላቸው ፍጥረታት ለመኖር የሚተነፍሱት የተፈጥሮ ጋዝ),everyday | core
page,noun,"One side of a sheet of paper in a collection of sheets bound together, especially in a book.",Turn to page forty-five of your textbook to begin reading the exercise.,/ˈpeɪdʒ/,A2,leaf | sheet | folio,,ገጽ (የመጽሐፍ ወይም የደብተር አንድ ገጽ),everyday | core
pain,noun,Physical suffering or discomfort caused by illness or injury.,The doctor prescribed a mild painkiller to relieve back pain.,/ˈpeɪn/,A2,ache | soreness | agony | hurt,pleasure,ህመም / ስቃይ (በአካል ወይም በአእምሮ ላይ የሚሰማ ህመም),health | medicine
paint,noun,A colored substance which is spread over a surface to dry as a thin coat.,The painter mixed blue and yellow oil paint to create a rich green.,/ˈpeɪnt/,A2,pigment | coating | coloring | dye,,ቀለም (ግድግዳ ወይም ስዕል ለመቀባት የሚያገለግል ፈሳሽ ቀለም),health | medicine
painter,noun,An artist who paints pictures.,The landscape painter mixed vibrant watercolors on her palette.,/ˈpeɪntɝ/,A2,artist | visual artist | portraitist,,ቀለም ቀቢ / ሰዓሊ (ግድግዳ ቀለም የሚቀባ ወይም ስዕል የሚስል ባለሙያ),health | medicine
painting,noun,"The action or art of using paint, or a picture produced with paint.",The museum wall featured an exquisite oil painting of a river sunrise.,/ˈpeɪntɪŋ/,A2,artwork | canvas | portrait | picture,,ስዕል (በቀለም የተሳለ ጥበባዊ ምስል),health | medicine
palm,noun,The inner surface of the hand between the wrist and the fingers.,He held the tiny sparrow gently in the palm of his hand.,/ˈpɑɫm/,A2,hand surface | thenar,,የእጅ መዳፍ | የዘንባባ ዛፍ (የእጅ ውስጠኛ ክፍል፤ ወይም የዘንባባ ዛፍ),everyday | core
partner,noun,"A person with whom one shares an activity, project, or game.",Work with your assigned desk partner to practice the dialogue.,/ˈpɑɹtnɝ/,A2,collaborator | teammate | associate,,አጋር / የትዳር አጋር (በስራ ወይም በህይወት አብሮ የሚሰራ አጋር),arts | culture
party,noun,"A social gathering of invited guests, typically involving eating, drinking, and entertainment.",We threw a surprise party to celebrate her high school graduation.,/ˈpɑɹti/,A2,celebration | gathering | gala | festivity,,ፓርቲ / ድግስ (ሰዎች ተሰብስበው የሚጨፍሩበትና የሚደሰቱበት ዝግጅት),food | dining
passenger,noun,"A traveler on a public or private conveyance other than the driver, pilot, or crew.",The airline cabin crew greeted every passenger with warm hospitality.,/ˈpæsəndʒɝ/,A2,commuter | traveler | voyager | fare,,መንገደኛ / ተሳፋሪ (በአውቶቡስ፣ በባቡር ወይም በአውሮፕላን የሚጓዝ ሰው),travel | transport
password,noun,A secret word or phrase that must be used to gain admission to a place or computer system.,"Choose a robust password containing letters, numbers, and symbols.",/ˈpæsˌwɝd/,A2,passcode | secret code | PIN,,የይለፍ ቃል (ወደ ስልክ ወይም ኮምፒውተር ለመግባት የሚያገለግል ሚስጥራዊ ቃል),technology | digital
past,noun,"The time that has gone by, or events that happened before the present.",Historians examine ancient artifacts to reconstruct civilizations of the past.,/ˈpæst/,A2,history | bygone days | antiquity,future,ያለፈው ዘመን (ያለፈ ታሪክ ወይም ጊዜ),technology | digital
pasta,noun,"A dish originally from Italy consisting of dough made from durum wheat and water, extruded or stamped into various shapes.",She prepared a rich tomato and basil pasta dish for supper.,/ˈpɑstə/,A2,noodles | spaghetti | macaroni | penne,,ፓስታ (በውሃ ተቀቅሎ ከሶስ ጋር የሚበላ ምግብ),food | dining
path,noun,A way or track laid down for walking or made by continual treading.,Follow the narrow stone path through the forest to reach the clearing.,/ˈpæθ/,A2,trail | footpath | track | walkway,,የእግር መንገድ (በጫካ ወይም በሜዳ ላይ የተሰራ ጠባብ መንገድ),everyday | core
patient,noun,A person receiving or registered to receive medical care or treatment.,The doctor checked each recovering patient in the hospital ward.,/ˈpeɪʃənt/,A2,inpatient | outpatient | sufferer,,ህመምተኛ / ታካሚ (በሆስፒታል በሀኪም የሚታከም ታማሚ),health | medicine
payment,noun,"The action or process of paying someone or something, or of being paid.",She received her regular monthly salary payment via bank transfer.,/ˈpeɪmənt/,A2,remittance | fee | settlement | disbursement,nonpayment,ክፍያ (ለተገዛ እቃ ወይም አገልግሎት የተሰጠ ገንዘብ),everyday | core
pea,noun,"A spherical green seed that is eaten as a vegetable, contained in the pods of a leguminous plant.",Add sweet green peas to the vegetable rice pilaf.,/ˈpi/,A2,green pea | legume,,አተር (አረንጓዴ ክብ ፍሬ ያለው የጥራጥሬ እህል),food | dining
peanut,noun,The edible seed of a South American plant that ripens underground.,Roasted salted peanuts make an enjoyable afternoon snack.,/ˈpiːnʌt/,A2,groundnut | goober | monkey nut,,ኦቾሎኒ (በመሬት ውስጥ የሚበቅል ጣፋጭ የለውዝ ፍሬ),nature | science
pear,noun,"A sweet, juicy yellowish-green fruit with a tapering top and rounded base.","She packed a sweet, crisp pear in her lunchbox for school.",/per/,A2,pome fruit | orchard fruit,,ፒር (ጣፋጭና ጭማቂ ያለው ፍራፍሬ),food | dining
pecan,noun,"A smooth brown edible nut resembling a walnut, native to North America.",She baked a traditional holiday pecan pie with brown sugar and vanilla.,/ˈpiˌkɑn/,A2,hickory nut | tree nut,,የፔካን ለውዝ (ጣፋጭ የሆነ የለውዝ ፍሬ አይነት),everyday | core
penguin,noun,"A flightless seabird of the southern hemisphere, with webbed feet and flippers adapted for swimming.",Emperor penguins huddle tightly together against biting Antarctic blizzards.,/ˈpɛŋɡwən/,A2,sphenisciform | seabird,,ፔንግዊን (በበረዷማ አካባቢ የምትኖር የማትበር የባህር ወፍ),travel | transport
percent,noun,One part in every hundred; represented by the % symbol.,Eighty percent of registered voters participated in the municipal poll.,/pɝˈsɛnt/,A2,percentage | hundredth | proportion,,በመቶ (የአንድ ነገር የመቶኛ ድርሻ፤ %),arts | culture
performance,noun,"An act of staging or presenting a play, concert, or other form of entertainment.",The symphony orchestra gave a superb musical performance last night.,/pɝˈfɔɹməns/,A2,show | staging | rendition | presentation,,ትርኢት | አፈጻጸም (በመድረክ የሚቀርብ ትርኢት፤ ወይም የስራ ውጤታማነት),sports | recreation
perfume,noun,"A fragrant liquid typically made from essential oils and alcohol, sprayed on the skin.",She sprayed a subtle floral perfume before going to the dinner banquet.,/pɝfˈjum/,A2,fragrance | scent | cologne | eau de toilette,,ሽቶ (መልካም መዓዛ ያለው የሚረጭ ፈሳሽ),everyday | core
persian,noun,"The official Iranian language of Iran, known historically as Farsi.",Classical Persian poetry is celebrated for profound romantic metaphors.,/ˈpɝʒən/,A2,Farsi | Parsi,,ፋርስኛ (የኢራን ጥንታዊ ቋንቋ ወይም ባህል),communication
personality,noun,The combination of characteristics or qualities that form an individual's distinctive character.,"Her warm, bubbly personality makes friends feel instantly at home.",/ˌpɝsəˈnæɫɪti/,A2,character | temperament | disposition | nature,,ስብዕና (የአንድ ሰው ውስጣዊ ባህሪና ጠባይ),people | society
pet,noun,A domestic or tamed animal kept for companionship or pleasure.,A playful puppy makes an affectionate family pet.,/ˈpɛt/,A2,companion animal | domestic animal,,የቤት እንስሳ (ለመዝናናት በቤት ውስጥ የምትንከባከባት እንስሳ፤ ለምሳሌ ድመት፣ ውሻ),travel | transport
pharmacist,noun,A person who is professionally qualified to prepare and dispense medicinal drugs.,The neighborhood pharmacist explained how to take the prescribed medication safely.,/ˈfɑɹməsɪst/,A2,chemist | druggist | apothecary,,ፋርማሲስት / የመድሃኒት ባለሙያ (መድሃኒት የሚያዘጋጅና የሚሸጥ ባለሙያ),people | society
phrase,noun,A small group of words standing together as a conceptual unit.,Idiomatic phrases often possess meanings different from their literal words.,/ˈfɹeɪz/,A2,expression | locution | idiom,,ሀረግ (የተወሰነ ትርጉም የሚሰጡ ጥቂት የተያያዙ ቃላት ስብስብ),everyday | core
picnic,noun,"An occasion when a packed meal is eaten outdoors, especially in the countryside or in a park.","They packed sandwiches, fruit, and lemonade for an afternoon picnic in the meadow.",/ˈpɪkˌnɪk/,A2,outdoor meal | cookout,,ሽርሽር (ምግብ ይዞ ወደ ሜዳ ወይም ተፈጥሮ ሄዶ መመገብ),food | dining
picture,noun,"A painting or drawing, or a photograph.",He took a sharp digital picture of the historic lighthouse on the cliff.,/ˈpɪktʃɝ/,A2,photograph | photo | image | illustration,,ስዕል / ፎቶግራፍ (የአንድን ሰው ወይም ቦታ ገጽታ የሚያሳይ ምስል),health | medicine
pie,noun,"A baked dish of fruit, meat, or vegetables, typically with a top and base of pastry.",Grandmother baked a sweet blueberry pie with a flaky crust.,/ˈpaɪ/,A2,pastry | tart | turnover,,ፓይ (ከስጋ ወይም ከፍራፍሬ የሚዘጋጅ የተጋገረ ምግብ),food | dining
pill,noun,A small round mass of solid medicine to be swallowed whole.,Swallow one antibiotic pill with a full glass of water after meals.,/ˈpɪɫ/,A2,tablet | capsule | pellet | lozenge,,ክኒን (ለመዋጥ የተዘጋጀ ጠጣር መድሃኒት),health | medicine
pilot,noun,A person who operates the flying controls of an aircraft.,The experienced commercial pilot landed the airliner smoothly in the crosswind.,/ˈpaɪɫət/,A2,aviator | airman | captain,,አብራሪ / ፓይለት (አውሮፕላን የሚያበር ባለሙያ),people | society
pineapple,noun,A large juicy tropical fruit consisting of edible yellow flesh surrounded by a tough segmented skin and topped with a.,"Tropical fruit salad combines fresh pineapple, mango, and papaya.",/ˈpaɪˌnæpəɫ/,A2,ananas | tropical fruit,,አናናስ (ሻካራ ልጣጭ ያለው ጣፋጭ ቢጫ ሞቃታማ ፍራፍሬ),food | dining
plant,noun,"A living organism of the kind exemplified by trees, shrubs, herbs, and mosses.",Water the indoor house plant twice every week to keep it flourishing.,/ˈpɫænt/,A2,vegetation | flora | herb | shrub,,ተክል (በመሬት ላይ የሚበቅል ማንኛውም ተክል),nature | science
plastic,noun,A synthetic material made from a wide range of organic polymers that can be molded into shape.,Recycling household plastic prevents pollution in marine ecosystems.,/ˈpɫæstɪk/,A2,synthetic polymer | polymer,,ፕላስቲክ (ቀላልና በቀላሉ የሚቀረጽ ሰው ሰራሽ ቁሳቁስ),fashion | clothing
platform,noun,A raised level surface on which people stand to board or alight from a train.,The express passenger train pulled in quietly alongside platform two.,/ˈpɫætˌfɔɹm/,A2,railway platform | quay | trackside,,መድረክ | የባቡር መሳፈሪያ (ከፍ ያለ መድረክ፤ ወይም ባቡር የሚቆምበት ሜዳ),travel | transport
player,noun,"A person who plays a musical instrument, or a participant in a game.",The skilled violin player performed a solo before the quiet audience.,/ˈpɫeɪɝ/,A2,musician | instrumentalist | performer,,ተጫዋች (በስፖርት ወይም በጨዋታ የሚሳተፍ ሰው),arts | culture
plus sign,noun,The symbol (+) used in mathematics to indicate addition or a positive value.,Write a plus sign between the two figures to add them together.,/ˈpɫəs ˈsaɪn/,A2,addition mark | positive sign,,የመደመሪያ ምልክት (በሂሳብ መደመርን የሚያሳይ የ(+) ምልክት),everyday | core
pocket,noun,A small bag sewn into or on clothing for carrying small items.,He slipped his wallet and keys securely into his jacket pocket.,/ˈpɑkət/,A2,pouch | compartment,,ኪስ (በልብስ ላይ የተሰፋ እቃ መያዣ ኪስ),travel | transport
poet,noun,A person who writes poetry.,The acclaimed poet composed lyrical verses celebrating nature's beauty.,/ˈpoʊət/,A2,verse-writer | bard | author | lyricist,,ገጣሚ (ግጥሞችን በኪነ-ጥበብ የሚጽፍ ባለሙያ),communication
point,noun,"A single mark or unit of scoring in a game, sport, or test.",The basketball team won the championship by a single point.,/ˈpɔɪnt/,A2,score | tally | mark,unpointedness,ነጥብ | ሀሳብ (ዋናው ጭብጥ ሀሳብ፤ ወይም የጨዋታ ነጥብ),sports | recreation
poland,noun,"A country in central Europe on the Baltic Sea, known for medieval architecture and rich heritage.",Warsaw is the thriving cultural and financial capital of Poland.,/ˈpoʊɫənd/,A2,Republic of Poland,,ፖላንድ (በመካከለኛው አውሮፓ የምትገኝ ሀገር),everyday | core
police station,noun,The office or headquarters of a local police force.,He reported his stolen wallet at the neighborhood police station.,/pəˈɫis ˈsteɪʃən/,A2,precinct | station house | constabulary,,የፖሊስ ጣቢያ (የፖሊስ አባላት የሚሰሩበትና ወንጀል የሚመረመርበት መስሪያ ቤት),society | law
politician,noun,"A person who is professionally involved in politics, especially as a holder of an elected office.",The local politician campaigned on improving public transit and schools.,/ˌpɑɫəˈtɪʃən/,A2,statesman | legislator | elected official | lawmaker,,ፖለቲከኛ (በአገር ፖለቲካና አመራር ውስጥ የሚሳተፍ ባለስልጣን),people | society
pollution,noun,The presence in or introduction into the environment of a substance or thing that has harmful effects.,Electric buses help reduce urban particulate air pollution.,/pəˈɫuʃən/,A2,contamination | fouling | smog | emissions,decontamination,ብክለት (አየርን፣ ውሃን ወይም መሬትን በቆሻሻ ማበላሸት),nature | science
pop,noun,A genre of popular music that originated in its modern form during the mid-1950s.,Catchy pop music tunes played on the radio throughout the morning.,/ˈpɑp/,A2,pop music | commercial music,,ፖፕ ሙዚቃ (በሰፊው ተወዳጅ የሆነ የዘመናዊ ሙዚቃ ስልት),arts | culture
pork,noun,"The flesh of a pig used as food, especially when not cured.",He prepared roasted pork served with spiced applesauce.,/ˈpɔɹk/,A2,pig meat | swine flesh,,የአሳማ ስጋ (ለምግብነት የሚውል የአሳማ ስጋ),health | medicine
portuguese,noun,"The Romance language of Portugal, Brazil, and several African nations.",Portuguese is spoken by over two hundred million people worldwide.,/ˈpɔɹtʃəˌɡiz/,A2,Lusophone language | Portugues,,ፖርቹጋልኛ (የፖርቹጋል አገር ቋንቋ ወይም ባህል),communication
post,noun,"A piece of writing, image, or other item of content published online, typically on a blog or social media.",Her thoughtful blog post on language learning attracted hundreds of comments.,/ˈpoʊst/,A2,entry | article | update | publication,,ልጥፍ | ምሰሶ (በማህበራዊ ሚዲያ የተለጠፈ መረጃ፤ ወይም የእንጨት ምሰሶ),technology | digital
postcard,noun,"A card for sending a message by mail without an envelope, typically having a photograph on one side.",She mailed a colorful ocean postcard to her grandmother.,/ˈpoʊˌskɑɹd/,A2,picture postcard | postal card,,የፖስታ ካርድ (አጭር መልእክትና ፎቶ ተደርጎበት የሚላክ ካርድ),travel | transport
potato chip,noun,A thin slice of potato fried or baked until crisp and eaten as a snack.,He munched on a bag of crunchy salted potato chips.,/pəˈteɪˌtoʊ ˈtʃɪp/,A2,crisp | potato crisp,,የድንች ቺፕስ (በዘይት የተጠበሰ ቀጭንና ጥርት ያለ ድንች),food | dining
pound,noun,"The basic monetary unit of the United Kingdom, equal to 100 pence.",A cup of tea and a scone cost four British pounds at the bakery.,/ˈpaʊnd/,A2,quid | pound sterling,,ፓውንድ (የክብደት መለኪያ፤ ወይም የብሪታንያ የገንዘብ ምንዛሬ),everyday | core
power,noun,The ability to do something or act in a particular way.,Knowledge gives individuals the intellectual power to improve society.,/ˈpaʊɝ/,A2,ability | capability | capacity | strength,powerlessness | inability,ኃይል / ስልጣን (የኤሌክትሪክ ኃይል፤ ወይም የማስተዳደር ስልጣን),arts | culture
practice,noun,Repeated exercise in or performance of an activity or skill so as to acquire or maintain proficiency in it.,Consistent daily vocabulary practice is key to speaking fluently.,/ˈpɹæktəs/,A2,drill | exercise | training | rehearsal,,ልምምድ (ችሎታን ለማሳደግ ደጋግሞ መስራት),food | dining
price,noun,"The amount of money expected, required, or given in payment for something.",The price of fresh organic fruit varies depending on seasonal availability.,/ˈpɹaɪs/,A2,cost | charge | rate | fee,,ዋጋ (አንድን ዕቃ ለመግዛት የሚጠየቅ የገንዘብ መጠን),business | finance
printer,noun,"A machine for printing text or pictures onto paper, especially from a computer.",The office printer ran out of paper while printing the annual reports.,/ˈpɹɪnɝ/,A2,printing press | copier,,ማተሚያ ማሽን / ፕሪንተር (ከኮምፒውተር ወረቀት ላይ የሚያትም ማሽን),technology | digital
prison,noun,A building in which people are legally held as a punishment for crimes or awaiting trial.,The convicted offender was sentenced to five years in the state prison.,/ˈpɹɪzən/,A2,penitentiary | jail | correctional facility,,ማረሚያ ቤት / እስር ቤት (ወንጀለኞች የሚታሰሩበት ህጋዊ ተቋም),society | law
prize,noun,"A thing given as a reward to the winner of a competition, race, or game.",The winner of the cycling race received a trophy and monetary prize.,/ˈpɹaɪz/,A2,award | reward | trophy | purse,,ሽልማት (በውድድር አሸናፊ ለሆነ ሰው የሚሰጥ ዋንጫ ወይም ገንዘብ),sports | recreation
problem,noun,A matter or situation regarded as unwelcome or harmful and needing to be dealt with and overcome.,He asked the math instructor for help with a difficult algebra problem.,/ˈpɹɑbɫəm/,A2,puzzle | difficulty | dilemma | conundrum,,ችግር (መፍትሄ የሚሻ አስቸጋሪ ሁኔታ),everyday | core
professor,noun,A university academic of the highest rank; a teacher of the highest university level.,The full professor published groundbreaking research in molecular genetics.,/pɹəˈfɛsɝ/,A2,academic | scholar | university teacher,,ፕሮፌሰር (በዩኒቨርሲቲ ከፍተኛ የማዕረግ ደረጃ ያለው መምህር),education | academic
project,noun,An individual or collaborative enterprise that is carefully planned to achieve a particular aim.,Students formed teams to conduct a regional geography project.,/ˈpɹɑdʒɛkt/,A2,assignment | undertaking | venture | scheme,,ፕሮጀክት (ለተወሰነ አላማ በጥንቃቄ የታቀደ ትልቅ ስራ),travel | transport
promotion,noun,The action of raising someone to a higher position or rank in employment.,His dedication earned him a promotion to regional sales director.,/pɝˈmoʊʃən/,A2,advancement | elevation | upgrade | step up,demotion,የስራ እድገት | ማስተዋወቅ (ወደ ላቀ የስራ ማዕረግ ማደግ፤ ወይም ምርትን ማስተዋወቅ),everyday | core
public transportation,noun,"Buses, trains, subways, and other forms of transport available to the public on fixed routes.",Using public transportation reduces urban air pollution and roadway traffic jams.,/ˈpəbɫɪk ˌtɹænspɝˈteɪʃən/,A2,public transit | mass transit,,የህዝብ ትራንስፖርት (አውቶቡስ፣ ታክሲና ባቡርን የመሳሰሉ የጋራ መጓጓዣዎች),travel | transport
quality,noun,The standard of something as measured against other things of a similar kind; excellence.,The tailored suit was crafted from wool of exceptionally high quality.,/ˈkwɑɫəti/,A2,excellence | standard | caliber | grade,,ጥራት (የአንድ ነገር ብቃትና ደረጃ),everyday | core
quantity,noun,The amount or number of a material or abstract thing not usually estimated by spatial measurement.,The factory manufactures goods in large quantity for retail stores.,/ˈkwɑntəti/,A2,amount | volume | total | number,,ብዛት / መጠን (የእቃዎች ወይም የሰዎች ቁጥር),everyday | core
race,noun,"A competition between runners, horses, vehicles, etc. to see which is the fastest in finishing.",Thousands of athletes competed in the annual city half-marathon race.,/ˈɹeɪs/,A2,sprint | contest | dash | derby,,ውድድር / ሩጫ (በፍጥነት ለማሸነፍ የሚደረግ ፉክክር፤ ወይም የዘር ግንድ),travel | transport
radio,noun,The transmission and reception of electromagnetic waves of radio frequency carrying sound messages.,Grandfather listens to classical concerts on the radio every evening.,/ˈɹeɪdiˌoʊ/,A2,wireless | receiver | tuner,,ሬዲዮ (የድምጽ ዜናዎችንና ሙዚቃዎችን በሞገድ የሚያስተላልፍ መሳሪያ),travel | transport
railroad,noun,A track or set of tracks made of steel rails along which passenger and freight trains run.,The transcontinental railroad connected distant industrial cities across the nation.,/ˈɹeɪɫˌɹoʊd/,A2,railway | rail line | tracks,,የባቡር መስመር (በባቡር ሃዲድ የተዘረጋ የትራንስፖርት አውታር),travel | transport
rainforest,noun,"A luxuriant, dense forest rich in biodiversity, found typically in tropical areas with consistently heavy rainfall.",The Amazon rainforest is essential for regulating global climate patterns.,/ˈɹaɪnˌfɔɹəst/,A2,tropical forest | jungle,,ሞቃታማ ዝናባማ ደን (ብዙ ዝናብ የሚያገኝ ጥቅጥቅ ያለ የተፈጥሮ ደን),nature | science
razor,noun,"An instrument with a sharp blade or combination of blades, used for shaving hair.",He replaced the blade of his safety razor before shaving his beard.,/ˈreɪzə/,A2,shaver | safety razor | blade,,ምላጭ (ፂም ወይም ፀጉር ለመላጨት የሚያገለግል ስለታም መሳሪያ),arts | culture
reason,noun,"A cause, explanation, or justification for an action or event.",What was the primary reason for the cancellation of the morning flight?,/ˈɹizən/,A2,cause | motive | rationale | justification,,ምክንያት (አንድ ነገር እንዲሆን ያደረገ መሰረታዊ መንስኤ),everyday | core
receipt,noun,"A written acknowledgment on paper of having received, or taken into one's possession, a specified amount of money.",Always keep your printed purchase receipt in case you need to return an item.,/ɹiˈsit/,A2,proof of purchase | slip | voucher | docket,,ደረሰኝ (ክፍያ መፈጸሙን የሚያረጋግጥ የወረቀት ማስረጃ),business | finance
reception,noun,"The area in a hotel, office, or other organization where visitors are greeted and attend to registration.",Inquire at the hotel reception desk to request extra towels or keycards.,/ɹiˈsɛpʃən/,A2,front desk | lobby | check-in area,,የእንግዳ መቀበያ (በሆቴል ወይም በቢሮ መግቢያ እንግዶች የሚስተናገዱበት ቦታ),everyday | core
receptionist,noun,A person employed to greet telephone callers and visitors and deal with their inquiries.,The hotel receptionist checked us into our double room courteously.,/ɹiˈsɛpʃənɪst/,A2,desk clerk | front desk officer,,የእንግዳ ተቀባይ (በመስተንግዶ ጠረጴዛ ላይ እንግዶችን የምታስተናግድ ሰራተኛ),technology | digital
recommendation,noun,A suggestion or proposal as to the best course of action; letter of endorsement.,Her professor wrote an enthusiastic recommendation letter for graduate school.,/ˌɹɛkəmənˈdeɪʃən/,A2,endorsement | reference | commendation | counsel,,የምክር ሀሳብ (አንድን ጥሩ ነገር ወይም ሰራተኛ የሚመክር ደብዳቤ),everyday | core
record,noun,A disc on which sound is recorded and can be reproduced on a phonograph.,Grandfather owns a vintage collection of vinyl music records.,/ˈɹɛkɝd/,A2,vinyl | album | disc | recording,,ሪከርድ | መዝገብ (የላቀ የስፖርት ውጤት፤ ወይም በጽሁፍ የተመዘገበ ሰነድ),everyday | core
registration,noun,"The action or process of registering or of being registered, as for an event or course.",Submit your athletic registration form before the tournament deadline.,/ˌɹɛdʒɪˈstɹeɪʃən/,A2,enrollment | sign-up | matriculation | record,,ምዝገባ (በህጋዊ መንገድ ስም ወይም ንብረት የማስመዝገብ ተግባር),everyday | core
remote control,noun,A handheld device used to operate an appliance or equipment from a distance.,Use the remote control to change the television channel.,/ɹiˈmoʊt kənˈtɹoʊɫ/,A2,remote | controller,,ሪሞት ኮንትሮል (ቴሌቪዥንን ከሩቅ ለመቆጣጠር የሚያገለግል መሳሪያ),technology | digital
research,noun,The systematic investigation into and study of materials and sources in order to establish facts.,The graduate student carried out groundbreaking research in renewable energy.,/ˈɹisɝtʃ/,A2,investigation | study | inquiry | exploration,,ምርምር / ጥናት (አዲስ እውቀትን ለማግኘት የሚደረግ ጥልቅ ሳይንሳዊ ፍለጋ),business | finance
researcher,noun,A person who carries out academic or scientific research.,The scientific researcher tested the new water purification filter.,/ˈɹisɝtʃɝ/,A2,investigator | scientist | analyst,,ተመራማሪ (ሳይንሳዊ ጥናትና ምርምር የሚያካሂድ ባለሙያ),education | academic
reservation,noun,An arrangement by which accommodations on a train or in a hotel are secured in advance.,Confirm your hotel reservation before departing for your weekend trip.,/ˌɹɛzɝˈveɪʃən/,A2,booking | pre-arrangement,,የቦታ ማስያዣ (በሆቴል ወይም በአውሮፕላን አስቀድሞ የተያዘ ቦታ),health | medicine
result,noun,A thing that is caused or produced by something else; a consequence or outcome.,Diligent study habits produce an excellent examination result.,/ɹiˈzəɫt/,A2,outcome | consequence | effect | conclusion,,ውጤት (የአንድ ጥረት፣ ፈተና ወይም ክስተት ፍጻሜ),fashion | clothing
resume,noun,"A brief account of a person's education, qualifications, and previous experience, sent with a job application.",Ensure your updated resume highlights your relevant computer skills.,/ˈɹɛzəˌmeɪ/,A2,curriculum vitae | CV | biography,,የግል የስራ ታሪክ ማጠቃለያ / ሲቪ (ትምህርትንና የስራ ልምድን የያዘ ሰነድ),technology | digital
review,noun,"A critical appraisal of a book, movie, play, or performance published in a newspaper or online.",The morning paper published a glowing review of the theatrical premiere.,/ˌɹivˈju/,A2,critique | evaluation | assessment | appraisal,,ግምገማ | ክለሳ (የአንድን መጽሐፍ፣ ፊልም ወይም ምርት ጥራት መገምገም),arts | culture
ring,noun,A small circular metal band worn on a finger as an ornament or token of marriage.,The groom placed a polished gold wedding ring on the bride's finger.,/ˈɹɪŋ/,A2,band | circlet | signet,open chain,ቀለበት (በጣት ላይ የሚደረግ የወርቅ ወይም የብር ጌጥ),everyday | core
road,noun,"A wide way leading from one place to another, especially one with a specially prepared surface which vehicles can use.",The scenic mountain road winds through dense evergreen forests.,/ˈɹoʊd/,A2,highway | route | street | thoroughfare,,መንገድ (መኪኖችና እግረኞች የሚጓዙበት ሰፊ መንገድ),travel | transport
rock,noun,"A genre of popular music characterized by a heavy regular beat, typically played on electric guitars and drums.",Youth enjoyed dancing to high-energy rock music at the summer festival.,/ˈɹɑk/,A2,rock and roll | rock music,,አለት / ድንጋይ (ጠንካራ የተፈጥሮ ድንጋይ),food | dining
role,noun,"An actor's part in a play, movie, or performance.",He was chosen to play the heroic role of the explorer.,/ˈɹoʊɫ/,A2,part | character | persona,,ሚና (በአንድ ማህበረሰብ ወይም ተውኔት ውስጥ የሚወጡት ኃላፊነት),arts | culture
rose,noun,"A prickly bush or shrub that typically bears fragrant, colorful flowers.",He presented a bouquet of fragrant red roses on their wedding anniversary.,/ˈɹoʊz/,A2,blossom | thorny flower,,ጽጌረዳ (መልካም መዓዛ ያላት ውብ አበባ),nature | science
round-trip ticket,noun,A ticket that allows a passenger to travel to a destination and return back.,Purchasing a round-trip ticket is often cheaper than buying two single fares.,/ˌraʊnd ˌtrɪp ˈtɪkɪt/,A2,return ticket | round ticket,,የደርሶ መልስ ትኬት (ለመሄድና ለመመለስ የሚያስችል ሙሉ ትኬት),travel | transport
route,noun,A way or course taken in getting from a starting point to a destination.,"The highway provides the quickest, most direct driving route to the coast.",/ˈɹaʊt/,A2,path | course | itinerary | way,,የጉዞ መስመር (ከመነሻ እስከ መድረሻ የሚወስድ አቅጣጫ),travel | transport
rugby,noun,"A team game played with an oval ball that may be kicked, carried, and passed from hand to hand.","Rugby requires exceptional physical stamina, strength, and tactical teamwork.",/ˈrʌɡbi/,A2,rugby union | rugger | rugby league,,ራግቢ (በእጅ ኳስን እየያዙ በመሮጥ የሚደረግ ጠንካራ ስፖርት),travel | transport
russian,noun,The East Slavic language spoken in Russia and across eastern Europe.,Russian literature features epic novels by Tolstoy and Dostoevsky.,/ˈɹəʃən/,A2,Slavic tongue,,ራሽያኛ (የሩሲያ አገር ቋንቋ ወይም ባህል),communication
sadness,noun,The condition or quality of being sad; sorrow.,She expressed deep sadness over the passing of her grandfather.,/ˈsædnəs/,A2,sorrow | grief | heartache | melancholy,happiness,ሀዘን (በልብ ውስጥ የሚሰማ የጭንቀትና የልቅሶ ስሜት),emotions | psychology
salary,noun,"A fixed regular payment, typically paid on a monthly basis, by an employer to an employee.",Engineers receive a competitive monthly salary and health benefits.,/ˈsæɫɝi/,A2,wages | remuneration | earnings | stipend,,ደመወዝ (በየወሩ ለተሰራ ስራ የሚከፈል ቋሚ ክፍያ),business | finance
sale,noun,An event for the rapid disposal of goods at reduced prices.,The clothing boutique announced a fifty-percent discount during the summer sale.,/ˈseɪɫ/,A2,clearance | discount event | markdown,,ሽያጭ (ዕቃዎችን በቅናሽ ዋጋ የመሸጥ ተግባር),business | finance
sauce,noun,A liquid or semi-liquid substance served with food in order to add moistness and flavor.,Drizzle creamy mushroom sauce over the roasted potatoes.,/ˈsɔs/,A2,dressing | gravy | condiment | dip,,ሶስ / ማባያ (ከምግብ ጋር የሚቀርብ ጣፋጭ ፈሳሽ ቅመም),food | dining
saudi arabia,noun,An Arabian Peninsula country with extensive coastline on the Red Sea and Persian Gulf.,Riyadh is the capital and financial center of Saudi Arabia.,/ˈsaʊdi əˈɹeɪbiə/,A2,Kingdom of Saudi Arabia | KSA,,ሳውዲ አረቢያ (በመካከለኛው ምስራቅ የምትገኝ ሀገር),everyday | core
sausage,noun,An item of food in the form of a cylindrical length of minced pork or other meat encased in a.,They grilled spicy breakfast sausages alongside fried eggs.,/ˈsɔsədʒ/,A2,banger | frankfurter | bratwurst,,ቋሊማ (ቅመም ተደርጎበት የተዘጋጀ ስጋ),food | dining
scene,noun,"A sequence of continuous action in a play, movie, or book.",The opening scene of the adventure movie was filled with suspense.,/ˈsin/,A2,sequence | episode | act | segment,,ትዕይንት (በፊልም ወይም በተውኔት ውስጥ ያለ አንድ ክፍል),arts | culture
schedule,noun,"A plan for an activity or event, in particular a timetable of arrivals and departures.",The commuter bus operates on a precise fifteen-minute schedule.,/ˈskɛdʒuɫ/,A2,timetable | itinerary | program | roster,,መርሃ-ግብር (ስራዎች የሚከናወኑበት የጊዜ ሰሌዳ),arts | culture
science fiction,noun,"Fiction dealing with imaginative concepts such as futuristic science, space exploration, and time travel.",The science fiction movie depicted human colonies orbiting Saturn.,/ˈsaɪəns ˈfɪkʃən/,A2,sci-fi | speculative fiction,,የሳይንስ ልብ-ወለድ (የወደፊቱን የጠፈርና የቴክኖሎጂ እድገት የሚተርክ ልብ-ወለድ),travel | transport
scientist,noun,A person who is studying or has expert knowledge of one or more of the natural or physical sciences.,The laboratory scientist discovered an innovative water purification enzyme.,/ˈsaɪəntɪst/,A2,researcher | scholar | investigator | academic,,ሳይንቲስት (የተፈጥሮ ህጎችን የሚመረምር የሳይንስ ሊቅ),education | academic
scissors,noun,"An instrument used for cutting cloth, paper, and other thin material, consisting of two blades pivoted together.",Use a pair of sharp stainless steel scissors to cut the wrapping paper.,/ˈsɪzərz/,A2,shears | cutters,,መቀስ (ጨርቅ ወይም ወረቀት ለመቁረጥ የሚያገለግል ባለ ሁለት ስለት መሳሪያ),society | law
score,noun,"The number of points, goals, or runs achieved in a game by a team or an individual.",The final score of the regional soccer match was two to one.,/ˈskɔɹ/,A2,tally | total | points | result,,ውጤት (በጨዋታ ወይም በፈተና የተገኘ የነጥብ ብዛት),sports | recreation
screen,noun,A flat panel or area on an electronic device on which images and data are displayed.,Wipe the tablet screen gently with a soft microfiber cloth.,/ˈskɹin/,A2,display | monitor | interface,,ስክሪን (ምስል የሚያሳይ የቲቪ፣ የኮምፒውተር ወይም የስልክ ገጽ),technology | digital
seat,noun,"A place in a vehicle, theater, or plane designed for a person to sit on.",He reserved an aisle seat on the morning passenger train.,/ˈsit/,A2,chair | place | stall | pew,,መቀመጫ (አንድ ሰው እንዲቀመጥበት የተዘጋጀ ወንበር),food | dining
semester,noun,"A half-year term in a school or university, typically lasting fifteen to eighteen weeks.",He enrolled in four challenging engineering courses this spring semester.,/səˈmɛstɝ/,A2,term | academic half | trimester,,ሴሚስተር (የትምህርት ግማሽ ዓመት ክፍለ-ጊዜ),education | academic
senior,noun,A student in the fourth or final year at high school or university.,High school seniors celebrated their upcoming graduation ceremony.,/ˈsinjɝ/,A2,final-year student | graduate candidate,,ከፍተኛ / አዛውንት (በዕድሜ ወይም በማዕረግ የበላይ የሆነ),education | academic
sentence,noun,"A set of words that is complete in itself, typically containing a subject and predicate.",Every grammatical sentence should begin with a capital letter.,/ˈsɛntəns/,A2,clause | statement | period,acquittal,አረፍተ-ነገር (ሙሉ ሀሳብን የሚገልጹ የተያያዙ ቃላት ስብስብ),fashion | clothing
several,noun,More than two but not very many; a few.,She has published several insightful research papers on ecology.,/ˈsɛvɝəɫ/,A2,a few | various | numerous,,በርካታ (ጥቂት የማይባሉ በርከት ያሉ ነገሮች),everyday | core
shame,noun,A painful feeling of humiliation or distress caused by the consciousness of wrong behavior.,He felt deep shame after realizing his thoughtless words hurt his friend.,/ˈʃeɪm/,A2,guilt | remorse | humiliation | embarrassment,,ሀፍረት (በተፈጸመ ጥፋት ምክንያት የሚሰማ የሀፍረት ስሜት),emotions | psychology
shape,noun,"The external form, contours, or outline of someone or something.",The architectural dome has an elegant semi-circular shape.,/ˈʃeɪp/,A2,form | contour | outline | figure,,ቅርጽ (የአንድ ነገር ውጫዊ መልክ፤ ለምሳሌ ክብ፣ አራት ማዕዘን),everyday | core
shark,noun,"A long-bodied chiefly marine fish, the body being covered with toothlike scales, famed as an apex predator.",The scuba diver spotted a reef shark gliding peacefully above the coral.,/ˈʃɑɹk/,A2,elasmobranch | marine predator,,ሻርክ (ስለታም ጥርስ ያለው አደገኛ የባህር ውስጥ አዳኝ ዓሳ),health | medicine
shift,noun,One of two or more recurring periods in which different groups of workers do the same jobs in relay.,The hospital nurse worked a twelve-hour evening emergency shift.,/ˈʃɪft/,A2,work period | duty | stint | turn,,የስራ ፈረቃ (የቀን ወይም የሌሊት የስራ ሰዓት ክፍፍል),everyday | core
shopping,noun,The purchasing of goods from shops or online stores.,Saturday morning is our favorite time for leisurely grocery shopping.,/ˈʃɑpɪŋ/,A2,marketing | buying | purchasing,,ግዢ መፈጸም (ዕቃዎችን ከመደብር የመግዛት ተግባር),technology | digital
shopping bag,noun,A bag used for carrying purchases from stores.,She placed her fresh produce and groceries inside a reusable shopping bag.,/ˈʃɑpɪŋ ˈbæɡ/,A2,tote bag | carrier bag | grocery bag,,የዕቃ መያዣ ቦርሳ (የተገዙ እቃዎችን ይዞ ለመሄድ የሚያገለግል ቦርሳ),travel | transport
shopping center,noun,An area or complex of stores with adjacent parking.,Families visit the suburban shopping center on weekends for dining and retail.,/ˈʃɑpɪŋ ˈsɛnɝ/,A2,mall | shopping mall | retail park,,የገበያ ማዕከል / ሞል (በርካታ ሱቆች በአንድ ህንፃ ውስጥ ያሉበት ማዕከል),everyday | core
shorts,noun,Short trousers that reach only to the knees or thighs.,Children wore cool linen shorts and sneakers during the hot summer afternoon.,/ˈʃɔɹts/,A2,trunks | cutoffs | bermudas,,ቁምጣ (አጭር ሱሪ),fashion | clothing
shoulder,noun,The upper joint of the human arm and the part of the body between this and the neck.,He carried the heavy duffel bag slung across his shoulder.,/ˈʃoʊɫdɝ/,A2,deltoid area | upper arm joint,,ትከሻ (ክንድን ከአንገት ጋር የሚያገናኝ የሰውነት አካል),health | medicine
shower,noun,An act of washing oneself in a shower cubicle beneath a spray of water.,A warm morning shower leaves you feeling refreshed and awake.,/ˈʃaʊɝ/,A2,wash | rinse | bath,,ሻወር (ከላይ በሚረጭ ውሃ ገላን መታጠብ),food | dining
sickness,noun,The state of being ill; illness or disease.,Adequate rest helps the immune system overcome seasonal sickness.,/ˈsɪknəs/,A2,illness | disease | malady | ailment,wellness,ህመም (የጤና መታወክ),society | law
side,noun,"A position to the left or right of an object, place, or central line.",Park your vehicle safely along the right side of the street.,/ˈsaɪd/,A2,flank | border | edge | margin,,ጎን (የአንድ ነገር የቀኝ ወይም የግራ ገጽታ),everyday | core
sightseeing,noun,The activity of visiting places of interest in a particular location by tourists.,We spent the entire morning sightseeing along the historic cobblestone alleys.,/ˈsaɪtˈsiɪŋ/,A2,touring | excursion | exploring,,አካባቢን መጎብኘት (የከተማን ታሪካዊና ውብ ቦታዎች ዞሮ የማየት ተግባር),travel | transport
sign,noun,A symbol or character showing a mathematical operation or direction.,Ensure you write the correct mathematical sign between the parentheses.,/ˈsaɪn/,A2,symbol | mark | indicator,,ምልክት (መረጃን ወይም አቅጣጫን የሚያሳይ የሰሌዳ ምልክት),everyday | core
singer,noun,"A person who sings, especially professionally.",The lead singer delivered a melodious traditional folk ballad.,/ˈsɪŋɝ/,A2,vocalist | songster | crooner | chantress,,ዘፋኝ / ድምጻዊ (ዜማዎችን በድምጽ የሚያዜም አርቲስት),people | society
single bed,noun,"A bed designed for one person, typically measuring about 3 feet by 6 feet 3 inches.",The hostel provides clean single beds in shared dormitory rooms.,/ˈsɪŋɡəɫ ˈbɛd/,A2,twin bed | cot,,የአንድ ሰው አልጋ (ለአንድ ሰው ብቻ የተዘጋጀ ጠባብ አልጋ),people | society
single room,noun,A hotel room designed to accommodate only one person comfortably.,He reserved a quiet single room with high-speed internet for his business trip.,/ˈsɪŋɡəɫ ˈɹum/,A2,single bedroom,,የአንድ ሰው ክፍል (በሆቴል ለአንድ ሰው ብቻ የተዘጋጀ ክፍል),people | society
sink,noun,"A fixed basin with a water supply and a drain, used for washing hands or dishes.",Wash your hands thoroughly at the bathroom sink before eating.,/ˈsɪŋk/,A2,basin | washbasin | washbowl,source,የእጅ መታጠቢያ ገንዳ (በኩሽና ወይም በመታጠቢያ ቤት ያለ የውሃ ገንዳ),food | dining
size,noun,The relative extent of something; a thing's overall dimensions or magnitude.,The small apartment is just the right size for a university student.,/ˈsaɪz/,A2,dimensions | proportions | magnitude | scale,,መጠን (የአንድ ልብስ፣ ጫማ ወይም እቃ ትልቅነት/ትንሽነት),people | society
skate,noun,An ice skate or roller skate; a boot with wheels or a metal blade attached for gliding.,She laced up her leather ice skates tightly before stepping onto the rink.,/ˈskeɪt/,A2,roller skate | blade,,የበረዶ መንሸራተቻ (በረዶ ላይ ለመንሸራተት የሚያገለግል ጫማ),everyday | core
skateboard,noun,"A short narrow board with two small wheels attached to the bottom of either end, ridden while standing.",The teenager practiced ollies on his wooden skateboard at the skatepark.,/ˈskeɪtˌbɔɹd/,A2,skate deck | board,,ስኬትቦርድ (ጎማዎች ያሉት በእግር ቆመው የሚንሸራተቱበት ሰሌዳ),everyday | core
skateboarding,noun,The action or pastime of riding a skateboard.,Skateboarding was officially recognized as an Olympic sport.,/ˈskeɪtˌbɔɹdɪŋ/,A2,skating | boarding,,በስኬትቦርድ መንሸራተት (በጎማ ሰሌዳ ላይ የመንሸራተት ስፖርት),time | calendar
skating,noun,The sport or activity of gliding on ice skates or roller skates.,Figure skating combines musical grace with demanding athletic jumps.,/ˈskeɪtɪŋ/,A2,ice skating | rollerblading,,መንሸራተት (በበረዶ ወይም በጎማ ጫማ የመንሸራተት እንቅስቃሴ),sports | recreation
ski,noun,"Each of a pair of long, narrow pieces of hard, flexible material fastened to the feet for gliding over snow.",He waxed his downhill skis before taking the mountain chairlift.,/ˈski/,A2,snow glider | runner,,የበረዶ መንሸራተቻ ረጅም እንጨት (በረዶ ላይ ለመጓዝ ከጫማ ስር የሚታሰር ረጅም ሰሌዳ),everyday | core
skiing,noun,"The action of traveling over snow on skis, especially as a sport or recreation.",Alpine skiing is a popular winter vacation activity in Switzerland.,/ˈskiɪŋ/,A2,snow sports | alpine skiing,,የበረዶ ላይ ስኪ ስፖርት (በረዶ በተሸፈነ ተራራ ላይ የመንሸራተት ስፖርት),food | dining
skill,noun,"The ability to do something well, usually gained through training and practice.",Effective computer programming requires patience and problem-solving skill.,/ˈskɪɫ/,A2,expertise | proficiency | prowess | aptitude,,ክህሎት / ችሎታ (አንድን ስራ በጥራት ለመስራት የሚያስችል የተካነ ችሎታ),travel | transport
skin,noun,The thin layer of tissue forming the natural outer covering of the body.,Use sunscreen lotion to protect your skin from harmful sun rays.,/ˈskɪn/,A2,epidermis | hide | complexion,,ቆዳ (የሰውን ወይም የእንስሳትን ሰውነት የሸፈነ ውጫዊ አካል),health | medicine
skull,noun,A framework of bone or cartilage enclosing the brain of a vertebrate.,A sturdy bicycle helmet shields the skull from impact.,/ˈskəɫ/,A2,cranium | head bone,,የራስ ቅል (አንጎልን የሚጠብቅ ጠንካራ የጭንቅላት አጥንት),travel | transport
smile,noun,"A pleased, kind, or amused facial expression with upturned mouth corners.","She greeted every guest with a warm, friendly smile.",/ˈsmaɪɫ/,A2,grin | beam | smirk,,ፈገግታ (የደስታ ስሜትን የሚያሳይ የከንፈር ፈገግታ),communication
smoke detector,noun,A fire-protection device that automatically detects and warns of the presence of smoke.,Check the battery in your smoke detector every six months for home safety.,/ˈsmoʊk dɪˈtɛktɝ/,A2,smoke alarm | fire alarm,,የጭስ መቆጣጠሪያ ደወል (እሳት ሲነሳ ጭስ አይቶ የሚጮህ የማንቂያ መሳሪያ),technology | digital
snack,noun,A small amount of food eaten between meals.,An apple or a handful of nuts makes a wholesome afternoon snack.,/ˈsnæk/,A2,tidbit | bite | nibble | refreshment,,መክሰስ (በዋና ምግቦች መሀል የሚበላ ቀለል ያለ ምግብ),food | dining
sneeze,noun,A sudden involuntary expulsion of air from the nose and mouth caused by irritation of the nostrils.,"Dust floating in the attic prompted a loud, sudden sneeze.",/ˈsniz/,A2,sternutation | respiratory reflex,,ማስነጠስ (ከአፍንጫ አየር በኃይልና በድንገት መውጣት),everyday | core
snowboard,noun,"A board resembling a wide ski, ridden in a surfing position down a snow-covered slope.",He bought a durable wooden-core snowboard for winter mountain trips.,/ˈsnoʊˌbɔɹd/,A2,snow deck,,የበረዶ ላይ ሰሌዳ (በበረዶ ላይ ለመንሸራተት የሚያገለግል ሰፊ ሰሌዳ),everyday | core
snowboarding,noun,The sport of traveling down a snow-covered slope on a snowboard.,"Snowboarding requires excellent balance, leg strength, and agility.",/ˈsnoʊˌbɔːrdɪŋ/,A2,winter board sport,,በበረዶ ሰሌዳ መንሸራተት (በሰሌዳ ላይ ቆሞ በበረዶ የመንሸራተት ስፖርት),travel | transport
soldier,noun,A person who serves in an army.,The disciplined soldier stood guard at the military compound entrance.,/ˈsoʊɫdʒɝ/,A2,fighter | warrior | serviceman | trooper,,ወታደር (አገርን የሚከላከል የሰራዊት አባል),people | society
solid,noun,Firm and stable in shape; not liquid or fluid.,Ice is the solid crystalline state of frozen water.,/ˈsɑɫəd/,A2,dense matter | firm substance,,ጠጣር ነገር (እንደ ድንጋይ ወይም እንጨት ያለ ጠንካራ ቁስ),home | living
solution,noun,A means of solving a problem or dealing with a difficult situation; the answer to a math problem.,"After working through the steps, she found the correct solution.",/səˈɫuʃən/,A2,answer | resolution | result | key,,መፍትሄ (ለአንድ ችግር የተገኘ ትክክለኛ መፍትሄ),everyday | core
some,noun,An unspecified amount or number of.,She bought some fresh fruit and bakery bread at the farmers market.,/ˈsəm/,A2,a few | a portion of | several,,አንዳንድ (የተወሰነ መጠነኛ ቁጥር ወይም መጠን),everyday | core
someone,noun,An unknown or unspecified person; somebody.,Someone left a notebook and pen on the library study desk.,/ˈsəmˌwən/,A2,somebody | a person,,አንድ ሰው (ያልተጠቀሰ የተወሰነ ግለሰብ),health | medicine
someplace,noun,Somewhere; in or to an unspecified place.,We need to find someplace quiet where we can study without interruption.,/ˈsəmˌpɫeɪs/,A2,somewhere,,የሆነ ቦታ (ያልተወሰነ ስፍራ),everyday | core
something,noun,A thing that is unspecified or unknown.,There is something refreshing about breathing clean mountain air.,/ˈsəmθɪŋ/,A2,a thing,,አንድ ነገር (ያልተገለጸ ቁሳቁስ ወይም ጉዳይ),fashion | clothing
somewhere,noun,In or to an unspecified or unknown place.,Let us travel somewhere peaceful in the countryside this weekend.,/ˈsəmˌwɛɹ/,A2,someplace,,በአንድ ቦታ (ያልታወቀ ስፍራ),everyday | core
song,noun,A short poem or other set of words set to music or meant to be sung.,The choir sang a harmonious traditional song of thanksgiving.,/ˈsɔŋ/,A2,tune | ballad | track | melody,,ዘፈን / መዝሙር (በድምጽ የሚዘመር የሙዚቃ ስራ),nature | science
sophomore,noun,A second-year student at high school or college.,"During her sophomore year, she declared a major in environmental science.",/ˈsɑfˌmɔɹ/,A2,second-year student,,የሁለተኛ ዓመት ተማሪ (በኮሌጅ ወይም በሁለተኛ ደረጃ ትምህርት ቤት የሁለተኛ ዓመት ተማሪ),education | academic
sore throat,noun,A painful inflammation of the mucous membrane of the throat.,Gargling with warm salt water soothes a painful sore throat.,/ˈsɔɹ ˈθɹoʊt/,A2,pharyngitis | inflamed throat,,የጉሮሮ ህመም (በጉሮሮ ውስጥ የሚሰማ ህመም ወይም መከርከር),health | medicine
sound,noun,Vibrations that travel through the air or another medium and can be heard when they reach a person's or animal's.,The distant sound of ocean waves was peaceful and rhythmic.,/ˈsaʊnd/,A2,noise | audio | tone | vibration,silence,ድምጽ (በጆሮ የሚሰማ ማንኛውም አይነት ድምጽ),travel | transport
southeast,noun,The direction or point on the compass halfway between south and east.,The coastal town is situated in the southeast corner of the province.,/ˌsaʊˈθist/,A2,southeastern direction,,ደቡብ ምስራቅ (በደቡብና በምስራቅ መካከል ያለ አቅጣጫ),everyday | core
southwest,noun,The direction or point on the compass halfway between south and west.,Arid desert canyons span across the vast southwest region.,/ˌsaʊθˈwɛst/,A2,southwestern direction,,ደቡብ ምዕራብ (በደቡብና በምዕራብ መካከል ያለ አቅጣጫ),everyday | core
souvenir,noun,"A thing that is kept as a reminder of a person, place, or event.",He bought a handcrafted wooden sculpture as a souvenir of his travels.,/ˌsuːvəˈnɪər/,A2,memento | keepsake | token | relic,,የመታሰቢያ ስጦታ (ከጎበኙት ቦታ የተገዛ የመታሰቢያ ዕቃ),emotions | psychology
spider,noun,"An eight-legged predatory arachnid with unsegmented body and venomous fangs, spinning silk webs.",A garden spider spun an intricate circular web between two rose bushes.,/ˈspaɪdɝ/,A2,arachnid | web-spinner,,ሸረሪት (ስምንት እግሮች ያሏት ድር የምትሰራ ነፍሳት),health | medicine
spinach,noun,An edible flowering plant in the family Amaranthaceae with dark green succulent leaves.,Sauté fresh green spinach leaves with garlic and olive oil.,/ˈspɪnətʃ/,A2,leafy greens | greens,,ስፒናች / ቆስጣ (ለምግብ የሚውል አረንጓዴ ቅጠላማ አትክልት),nature | science
square,noun,A plane figure with four equal straight sides and four right angles.,The town square is surrounded by historic municipal buildings and cafes.,/ˈskwɛɹ/,A2,quadrilateral | block | plaza,,አደባባይ | አራት ማዕዘን (የከተማ አደባባይ፤ ወይም እኩል ጎኖች ያሉት አራት ማዕዘን),everyday | core
staff,noun,"All the people employed by a particular organization, company, or institution.",The hospital medical staff worked tirelessly during the emergency.,/ˈstæf/,A2,employees | workforce | personnel | crew,,ሰራተኞች (በአንድ ድርጅት ወይም መስሪያ ቤት ውስጥ የሚያገለግሉ ሰራተኞች),business | finance
stair,noun,Each of a set of steps leading from one level or floor of a building to another.,"He climbed the wooden stair carefully, holding the sturdy handrail.",/ˈstɛɹ/,A2,step | tread | riser,,ደረጃ (ወደ ላይ ለመውጣት የተሰሩ የደረጃ እርከኖች),home | living
statement,noun,A definite or clear expression of something in speech or writing.,The company issued an official statement regarding the new policy.,/ˈsteɪtmənt/,A2,declaration | announcement | proclamation | report,,መግለጫ (ይፋዊ ማስታወቂያ ወይም የባንክ ሂሳብ መግለጫ),society | law
steak,noun,A high-quality beef or salmon slice typically grilled or fried.,He ordered a medium-rare beef steak served with roasted potatoes.,/ˈsteɪk/,A2,beefsteak | fillet | cut,,የተጠበሰ ስጋ / ስቴክ (በመጥበሻ የተጠበሰ ወፍራም የበሬ ስጋ),everyday | core
stomachache,noun,Pain in a person's stomach or abdominal region.,Eating unripe fruit caused an uncomfortable afternoon stomachache.,/ˈstʌməkˌeɪk/,A2,bellyache | abdominal pain | colic,,የሆድ ህመም (በሆድ ውስጥ የሚሰማ ህመም),health | medicine
stone,noun,"Hard solid non-metallic mineral matter of which rock is made, used for building.",The historic castle walls were constructed from durable granite stone.,/ˈstoʊn/,A2,rock | pebble | boulder | masonry,,ድንጋይ (ጠንካራ የተፈጥሮ ማዕድን),home | living
store,noun,A retail establishment selling items to the public; a shop.,She bought fresh milk and warm bread at the corner grocery store.,/ˈstɔɹ/,A2,shop | boutique | market | outlet,,መደብር / ሱቅ (ዕቃዎች የሚሸጡበት ሱቅ),everyday | core
storm,noun,"A violent disturbance of the atmosphere with strong winds and usually rain, thunder, lightning, or snow.",The fishing fleet returned to harbor before the oceanic storm broke.,/ˈstɔɹm/,A2,tempest | squall | gale | gale force,,ኃይለኛ ማዕበል (ከባድ ዝናብ፣ ንፋስና ነጎድጓድ ያለበት አውሎ-ንፋስ),nature | science
story,noun,An account of imaginary or real people and events told for entertainment.,Grandmother told us an enchanting fairy tale story before bedtime.,/ˈstɔɹi/,A2,tale | narrative | chronicle | account,,ታሪክ / ተረት (የተከናወነ እውነተኛ ወይም ምናባዊ ታሪክ),people | society
strawberry,noun,"A sweet soft red fruit with a seed-studded surface, grown on low plants.","She topped her morning oatmeal with sweet, fresh strawberries.",/ˈstɹɔˌbɛɹi/,A2,berry | garden berry,,እንጆሪ (ቀይ ቀለም ያለው ጣፋጭ ፍራፍሬ),food | dining
subject,noun,"A branch of knowledge studied or taught in a school, college, or university.",Mathematics and geography are her two favorite academic subjects.,/ˈsəbdʒɪkt/,A2,discipline | field | topic | branch,,የትምህርት አይነት | ርዕሰ-ጉዳይ (ትምህርት፤ ወይም የውይይት ዋና ርዕስ),education | academic
substance,noun,A particular kind of matter with uniform properties.,The chemist examined an unknown white crystalline substance.,/ˈsəbstəns/,A2,compound | element | material | matter,,ንጥረ-ነገር (ቁስ አካል),arts | culture
suggestion,noun,An idea or plan put forward for consideration.,The teacher offered a helpful suggestion to improve his essay structure.,/səˈdʒɛstʃən/,A2,proposal | recommendation | hint | tip,,የምክር ሀሳብ (አንድን ነገር ለማሻሻል የቀረበ ሀሳብ),everyday | core
suitcase,noun,"A case with a handle and a hinged lid, used for carrying clothes and other personal possessions.",She packed her tailored clothes and footwear neatly into her leather suitcase.,/ˈsutˌkeɪs/,A2,bag | luggage case | valise,,ሻንጣ (ልብሶችን ለጉዞ ለመያዝ የሚያገለግል ጠንካራ ሻንጣ),travel | transport
sum,noun,"The total amount resulting from the addition of two or more numbers, amounts, or items.",The sum of eight and twelve equals twenty.,/ˈsəm/,A2,total | aggregate | tally | addition,,ድምር (በሂሳብ ተደምሮ የሚገኝ ጠቅላላ ውጤት),everyday | core
summary,noun,A brief statement or account of the main points of something.,Write a one-paragraph summary of the short story you read.,/ˈsəmɝi/,A2,synopsis | abstract | overview | recap,,ማጠቃለያ (ረጅም ጽሁፍን በአጭሩ የሚያሳይ ማጠቃለያ),society | law
sunflower,noun,A tall plant with a very large golden-yellow flower head that produces edible oil-rich seeds.,Rows of bright sunflowers turned their golden heads toward the sun.,/ˈsənˌfɫaʊɝ/,A2,helianthus | golden flower,,የሱፍ አበባ (ትልቅ ቢጫ አበባ ያለው ተክል),nature | science
sunglasses,noun,Glasses with tinted lenses designed to protect the eyes from bright sunlight.,Wear UV-blocking sunglasses when relaxing on the bright ocean beach.,/ˈsənˌɡɫæsɪz/,A2,shades | dark glasses,,የፀሐይ መነጽር (አይንን ከደማቅ የፀሐይ ብርሃን የሚከላከል ጥቁር መነጽር),nature | science
surface,noun,The outside part or uppermost layer of something.,The surface of the lake was glassy and completely motionless at dawn.,/ˈsɝfəs/,A2,exterior | face | top | plane,,የላይኛው ገጽታ (የአንድ ነገር ውጫዊ ገጽ),arts | culture
surfboard,noun,"A long, narrow board used in surfing on waves.",He waxed the fiberglass surface of his surfboard before paddling out.,/ˈsɝfˌbɔɹd/,A2,surf deck | wave board,,የማዕበል መንሸራተቻ ሰሌዳ (በባህር ማዕበል ላይ ለመንሸራተት የሚያገለግል ሰሌዳ),everyday | core
surfing,noun,The sport or pastime of riding a wave toward the shore while standing or lying on a surfboard.,Surfing on towering Pacific waves requires courage and physical agility.,/ˈsɝfɪŋ/,A2,wave riding | board surfing,,በባህር ማዕበል ላይ መንሸራተት (በባህር ሞገድ ላይ በሰሌዳ የመንሸራተት ስፖርት),sports | recreation
surname,noun,"A hereditary name common to all members of a family, as distinct from a given name.",Please write your surname in capital letters at the top of the form.,/ˈsɝˌneɪm/,A2,last name | family name,,የአባት ስም (የቤተሰብ ወይም የአባት መጠሪያ ስም),people | society
surprise,noun,"An unexpected or astonishing event, fact, or thing, or the feeling it causes.",Her unexpected arrival at the party was a delightful surprise.,/səˈpɹaɪz/,A2,astonishment | wonder | shock | revelation,,ድንገተኛ ክስተት / መገረም (ያልተጠበቀ አስደሳች ክስተት),emotions | psychology
sweden,noun,"A Scandinavian nation with thousands of coastal islands and inland lakes, along with vast boreal forests.",Stockholm is the scenic island-strewn capital of Sweden.,/ˈswidən/,A2,Kingdom of Sweden,,ስዊድን (በሰሜን አውሮፓ የምትገኝ ሀገር),nature | science
switch,noun,A device for making and breaking the connection in an electric circuit.,Flip the wall switch to turn on the living room overhead lights.,/ˈswɪtʃ/,A2,light switch | circuit breaker,,ማብሪያና ማጥፊያ (የኤሌክትሪክ መብራትን ለማብራትና ለማጥፋት የሚጫን ቁልፍ),technology | digital
switzerland,noun,"A mountainous central European country known for lakes, villages, and high alpine peaks.",Switzerland is celebrated worldwide for alpine skiing and precision craftsmanship.,/ˈswɪtsɝɫənd/,A2,Swiss Confederation,,ስዊዘርላንድ (በአልፕስ ተራሮች የምትገኝ ውብ የአውሮፓ ሀገር),everyday | core
symbol,noun,"A mark or character used as a conventional representation of an object, function, or process.",The Greek letter pi is an essential geometric mathematical symbol.,/ˈsɪmbəɫ/,A2,glyph | emblem | sign | representation,,ምልክት (አንድን ትልቅ ሀሳብ ወይም ትርጉም የሚወክል ምልክት),everyday | core
sympathy,noun,Feelings of pity and sorrow for someone else's misfortune.,Neighbors expressed heartfelt sympathy to the grieving family.,/ˈsɪmpəθi/,A2,compassion | condolence | empathy | pity,,አዘኔታ | አጋርነት (ለተቸገረ ሰው የሚሰማ የልብ ሀዘኔታ),emotions | psychology
system,noun,A set of connected things or parts forming a complex whole.,The new central heating system keeps the entire library warm.,/ˈsɪstəm/,A2,network | structure | apparatus | setup,,ስርዓት / አሰራር (በተቀናጀ መንገድ የሚሰራ የአሰራር ወይም የቴክኖሎጂ መዋቅር),arts | culture
table tennis,noun,A game in which two or four players hit a lightweight ball back and forth across a table using small.,"They played an exciting, fast-paced match of table tennis in the game room.",/ˈteɪbəɫ ˈtɛnəs/,A2,ping-pong | whiff-whaff,,ጠረጴዛ ቴኒስ / ፒንግፖንግ (በጠረጴዛ ላይ በትንሽ ራኬትና ኳስ የሚጫወቱት ስፖርት),home | living
tail,noun,"The rear part of an animal's body, especially when such part forms a distinct, flexible appendage.",The excited dog wagged its fluffy tail vigorously upon seeing its owner.,/ˈteɪɫ/,A2,appendage | brush | dock,head,ጭራ (የእንስሳት የኋላ ረጅም ጭራ),health | medicine
talent,noun,Natural aptitude or skill in a particular activity.,She has a natural talent for playing classical melodies on the piano.,/ˈtæɫənt/,A2,gift | aptitude | flair | ability,,ተሰጥኦ (የተፈጥሮ ልዩ የስነ-ጥበብ ወይም የስፖርት ችሎታ),arts | culture
taste,noun,The sensation of flavor perceived in the mouth and throat on contact with a substance.,The homemade soup had a delightfully savory and rich taste.,/ˈteɪst/,A2,flavor | savor | palate | tang,,ጣዕም (ምግብ በአፍ ውስጥ ሲገባ የሚሰጠው ጣዕም),food | dining
team,noun,A group of players forming one side in a competitive game or sport.,The national volleyball team trained rigorously for the summer tournament.,/ˈtim/,A2,squad | side | lineup | crew,,ቡድን (ለአንድ የጋራ አላማ አብሮ የሚሰራ የሰዎች ስብስብ),sports | recreation
technology,noun,"The application of scientific knowledge for practical purposes, especially in industry.",Advances in digital technology enable instant global communication.,/tɛkˈnɑɫədʒi/,A2,applied science | engineering | tech,,ቴክኖሎጂ (ሳይንሳዊ እውቀትን ለተግባራዊ ስራ ማዋል),business | finance
telephone,noun,A system or device for transmitting voices over a distance using wire or radio signals.,The receptionist answered the ringing office telephone politely.,/ˈtɛɫəˌfoʊn/,A2,phone | handset | landline,,ስልክ (ከሩቅ ሰዎች ጋር ለመነጋገር የሚያገለግል መሳሪያ),technology | digital
temple,noun,"A building devoted to the worship, or regarded as the dwelling place, of a god or gods or other objects.",Pilgrims climbed the stone mountain steps to visit the ancient Buddhist temple.,/ˈtɛmpəɫ/,A2,sanctuary | shrine | pagoda,,ቤተ-መቅደስ (የአምልኮና የጸሎት ህንፃ),society | law
tenant,noun,A person who occupies land or property rented from a landlord.,The new tenant signed a twelve-month residential apartment lease.,/ˈtɛnənt/,A2,renter | occupant | resident | lessee,,ተከራይ (ቤትን በክራይ ተከራይቶ የሚኖር ሰው),people | society
tent,noun,A portable shelter made of cloth or nylon supported by one or more poles and stretched tight by cords.,They staked their waterproof nylon tent securely before the rain started.,/ˈtɛnt/,A2,shelter | tepee | pavilion | marquee,,ድንኳን (ከጨርቅ ተሰርቶ በሜዳ ላይ የሚተከል ጊዜያዊ መጠለያ),home | living
test,noun,"A procedure intended to establish the quality, performance, or reliability of something, or test knowledge.",The teacher gave a short quiz and vocabulary test on Friday.,/ˈtɛst/,A2,quiz | assessment | check | trial,,ፈተና | ምርመራ (የትምህርት ፈተና፤ ወይም የላቦራቶሪ ምርመራ),education | academic
theater,noun,A building or outdoor area in which plays and other dramatic performances are given.,The national theater staged an impressive classical drama.,/ˈθiətɝ/,A2,playhouse | auditorium | stage,,ቲያትር ቤት (ተውኔቶችና ድራማዎች ለመድረክ የሚቀርቡበት አዳራሽ),food | dining
thigh,noun,The part of the human leg between the hip and the knee.,Squats and cycling strengthen the front thigh muscles.,/ˈθaɪ/,A2,upper leg | femur region,,ጭን (ከዳሌ እስከ ጉልበት ያለው የእግር የላይኛው ክፍል),arts | culture
thousand,noun,"The number equivalent to the product of a hundred and ten; 1,000.",Over one thousand athletes participated in the city road race.,/ˈθaʊzən/,A2,k | 1000,,"ሺህ (የቁጥር 1,000 መጠሪያ)",everyday | core
throat,noun,The passage which leads from the back of the mouth of a person to the stomach and lungs.,"Warm honey tea soothes an irritated, sore throat.",/ˈθɹoʊt/,A2,pharynx | gullet | esophagus,,ጉሮሮ (ምግብ የሚዋጥበትና ድምጽ የሚወጣበት የአንገት ውስጠኛ ክፍል),people | society
thunderstorm,noun,A storm with thunder and lightning and typically also heavy rain or hail.,The children watched lightning flash across the horizon during the thunderstorm.,/ˈθəndɝˌstɔɹm/,A2,lightning storm | tempest | downpour,,ነጎድጓዳማ ዝናብ (መብረቅና ነጎድጓድ የተቀላቀለበት ኃይለኛ ዝናብ),nature | science
tiger,noun,"A very large solitary cat with a yellow-brown coat striped with black, native to Asia.",The Siberian tiger stalked silently through the snowy forest.,/ˈtaɪɡɝ/,A2,big cat | pantherine,,ነብር (መስመሮች ያሉት ግዙፍ አዳኝ አውሬ),travel | transport
tip,noun,A sum of money given to someone as a reward for their services.,He left a generous cash tip on the table for the attentive waiter.,/ˈtɪp/,A2,gratuity | reward,,ጉርሻ | ጠቃሚ ምክር (ለአስተናጋጅ የሚሰጥ ተጨማሪ ገንዘብ፤ ወይም አጭር ምክር),business | finance
tissue,noun,"A piece of soft, absorbent disposable paper used as a handkerchief.",She offered him a clean paper tissue when he sneezed.,/ˈtɪsˌju/,A2,paper handkerchief | wipe | kleenex,,ሶፍት / የፊት መጥረጊያ ወረቀት (ለስላሳ የሚጣል የወረቀት መጥረጊያ),everyday | core
title,noun,"A name that describes someone's position, job, or status in an organization.",Her corporate job title is Senior Software Development Engineer.,/ˈtaɪtəɫ/,A2,designation | position | office | rank,,ማዕረግ | የመጽሐፍ ርዕስ (የስራ ማዕረግ፤ ወይም የመጽሐፍ ስም),fashion | clothing
toast,noun,Sliced bread browned on both sides by exposure to radiant heat.,He spread strawberry jam over warm whole-wheat toast.,/ˈtoʊst/,A2,toasted bread | rusk,,የተጠበሰ ዳቦ (በሙቀት የተጠበሰ ደረቅ ዳቦ),food | dining
toaster oven,noun,A small electric countertop appliance functioning as both an oven and a bread toaster.,She warmed her lunchtime sandwich inside the compact toaster oven.,/ˈtoʊstɝ ˈəvən/,A2,countertop oven,,የዳቦ መጥበሻ ምድጃ (ዳቦን የሚጠብስ አነስተኛ የኤሌክትሪክ ምድጃ),technology | digital
toilet,noun,A fixed receptacle consisting of a bowl and water flushing apparatus for bodily waste disposal.,"The restaurant maintains clean, modern customer toilet facilities.",/ˈtɔɪɫət/,A2,lavatory | restroom | water closet | commode,,መጸዳጃ ቤት (የሽንት ቤት እቃ),technology | digital
tool,noun,"A device or implement, especially one held in the hand, used to carry out a particular function.",A hammer and a screwdriver are basic mechanical tools for home repair.,/ˈtuɫ/,A2,implement | instrument | utensil | device,,መሳሪያ (ስራ ለመስራት ወይም ለመጠገን የሚያገለግል እቃ፤ ለምሳሌ መዶሻ),travel | transport
toothache,noun,"Pain in or around a tooth, typically caused by tooth decay or gum disease.",He made an emergency dental appointment to treat his severe toothache.,/ˈtuːθˌeɪk/,A2,dental pain | odontalgia,,የጥርስ ህመም (በጥርስ ውስጥ የሚሰማ ከባድ ህመም),health | medicine
toothpaste,noun,A paste used with a toothbrush to clean and maintain the health of the teeth.,Brush thoroughly using fluoride toothpaste twice every day.,/ˈtuθˌpeɪst/,A2,dentifrice | tooth gel,,የጥርስ ሳሙና (ጥርስን ለማጽዳት የሚያገለግል ሳሙና),health | medicine
tornado,noun,"A mobile, destructive vortex of violently rotating winds having the appearance of a funnel-shaped cloud.","The destructive tornado ripped through farmland, flattening wooden barns.",/tɔɹˈneɪˌdoʊ/,A2,twister | whirlwind | cyclone,,ኃይለኛ አውሎ ንፋስ (እንደ ዋሻ የሚሽከረከር አደገኛ አውሎ-ንፋስ),nature | science
total,noun,"The whole number or amount of something, including all parts.",Add the items together to determine the total price of your order.,/ˈtoʊtəɫ/,A2,sum | grand total | aggregate | entirety,,ጠቅላላ ድምር (የሁሉም ነገሮች አጠቃላይ ድምር),arts | culture
tour,noun,"A journey for pleasure in which several different places are visited, or a series of performances by musicians.",The vocal choir embarked on a three-week summer tour across Europe.,/ˈtʊɹ/,A2,circuit | voyage | journey | excursion,,ጉብኝት (የተለያዩ ቦታዎችን ዞሮ የመጎብኘት ጉዞ),travel | transport
tourism,noun,The commercial organization and operation of vacations and visits to places of interest.,Coastal communities rely on eco-friendly tourism for economic vitality.,/ˈtʊˌɹɪzəm/,A2,travel industry | hospitality sector,,ቱሪዝም (የቱሪስቶች ጉዞና የእንግዳ ተቀባይነት ኢንዱስትሪ),everyday | core
tourist,noun,A person who is traveling or visiting a place for pleasure.,Thousands of international tourists visit the historic rock-hewn churches.,/ˈtʊɹəst/,A2,visitor | traveler | sightseer | holidaymaker,,ጎብኚ / ቱሪስት (አገርንና ባህልን ለማየት የሚጓዝ መንገደኛ),travel | transport
towel,noun,A piece of thick absorbent cloth or paper used for drying oneself or wiping things.,He dried his hair with a plush cotton bath towel.,/ˈtaʊəɫ/,A2,bath towel | hand towel | dishcloth,,ፎጣ (ከገላ መታጠብ በኋላ ሰውነትን ለማድረቅ የሚያገለግል ወፍራም ጨርቅ),everyday | core
tower,noun,"A tall, narrow building, either freestanding or forming part of a building such as a church or castle.",The historic stone clock tower overlooks the municipal town square.,/ˈtaʊɝ/,A2,spire | steeple | turret | column,,ማማ / ረጅም ግንብ (ወደ ላይ እጅግ ከፍ ብሎ የተሰራ ህንፃ),arts | culture
toy,noun,"An object for a child to play with, typically a model or miniature replica of something.",The toddler hugged his soft plush teddy bear toy while sleeping.,/ˈtɔɪ/,A2,plaything | novelty | miniature,,የልጆች መጫወቻ (ህጻናት የሚጫወቱበት አሻንጉሊት ወይም መኪና),people | society
traffic,noun,Vehicles moving on a road or public highway.,Commuters listened to the radio to check morning vehicular traffic.,/ˈtɹæfɪk/,A2,vehicles | transport flow | transit,,የትራፊክ እንቅስቃሴ (በመንገድ ላይ የሚጓዙ መኪኖች እንቅስቃሴ),travel | transport
traffic jam,noun,A line or mass of vehicles unable to move easily because the road is blocked or congested.,An accident on the bridge caused a two-hour highway traffic jam.,/ˈtɹæfɪk ˈdʒæm/,A2,gridlock | congestion | tailback | bottleneck,,የትራፊክ መጨናነቅ (በመኪናዎች መብዛት ምክንያት መንገድ መዘጋት),travel | transport
training,noun,The action of undertaking a course of exercise and diet in preparation for a sporting event.,Rigorous marathon training requires running thirty miles per week.,/ˈtɹeɪnɪŋ/,A2,workout | coaching | practice | drill,,ስልጠና (አዲስ እውቀትና ክህሎት ለማግኘት የሚሰጥ ትምህርት),travel | transport
traveler,noun,A person who is traveling or who often travels.,The weary traveler found rest and warm food at a roadside inn.,/ˈtɹævəɫɝ/,A2,voyager | journeyer | tourist | wanderer,,ተጓዥ / መንገደኛ (ከአገር ወደ አገር የሚጓዝ ሰው),travel | transport
trip,noun,"A journey or excursion, especially for pleasure or business.",We took a memorable day trip to the ancient royal castle.,/ˈtɹɪp/,A2,excursion | jaunt | tour | outing,,ጉዞ (ለዕረፍት ወይም ለስራ የሚደረግ አጭር ጉዞ),business | finance
trust,noun,"Firm belief in the reliability, truth, ability, or strength of someone or something.",Mutual trust is the foundational cornerstone of any close friendship.,/ˈtɹəst/,A2,confidence | faith | reliance | credence,distrust,መተማመን (በአንድ ሰው ታማኝነት ላይ ያለ ጽኑ እምነት),everyday | core
tuna,noun,"A large predatory oceanic fish of the mackerel family, extensively fished for food.","She made a healthy sandwich of flaked tuna, lettuce, and cucumber.",/ˈtuːnə/,A2,tunny | pelagic fish,,ቱና ዓሳ (ለትልቅ የምግብ አቅርቦት የሚውል የባህር ዓሳ),food | dining
turkey,noun,"A country located mainly on the Anatolian peninsula in Western Asia, with a portion in Southeast Europe.",Istanbul is an iconic city in Turkey spanning two distinct continents.,/ˈtɝki/,A2,Republic of Turkey | Turkiye,,የቱርክ ዶሮ | ቱርክ (ትልቅ የቤት አዕዋፍ፤ ወይም የቱርክ አገር),everyday | core
twin,noun,One of two children or animals born at the same birth.,She has an identical twin sister who also studies medical science.,/ˈtwɪn/,A2,sibling pair | duplicate,,መንታ (በአንድ ቀን የተወለዱ ሁለት ልጆች),nature | science
twin bed,noun,One of a pair of single beds in a room designed for two individuals.,They booked a room with twin beds for their weekend city trip.,/ˈtwɪn ˈbɛd/,A2,single bed pair,,መንታ አልጋ (በሆቴል ክፍል ውስጥ ያሉ ሁለት ነጠላ አልጋዎች),home | living
type,noun,A category of people or things having common characteristics.,This sanctuary protects several rare types of migratory waterbirds.,/ˈtaɪp/,A2,kind | sort | variety | category,antitype,አይነት (የአንድ ነገር ክፍል ወይም ዝርያ),people | society
umbrella,noun,A collapsible circular canopy used as protection against rain or sun.,Always keep a compact folding umbrella in your backpack on rainy days.,/ˈəmˌbɹɛɫə/,A2,parasol | brolly | rainshade,,ጃንጥላ (ከዝናብና ከፀሐይ የሚከላከል መጋረጃ),nature | science
underpass,noun,A road or pedestrian tunnel passing under another road or a railway.,Pedestrians used the illuminated underpass to cross the busy expressway.,/ˈəndɝˌpæs/,A2,subway | pedestrian tunnel | culvert,,የመሬት ስር መተላለፊያ መንገድ (ከዋና መንገድ በታች የተሰራ ዋሻ መንገድ),travel | transport
uniform,noun,Distinctive clothing worn by members of the same organization or school.,Police officers wear an official dark blue uniform on patrol.,/ˈjunəˌfɔɹm/,A2,livery | regalia | outfit,,ዩኒፎርም (የትምህርት ቤት ወይም የስራ መለያ ወጥ ልብስ),education | academic
unit,noun,"An individual thing or person regarded as single and complete, or a standard measure.",The meter is the basic international unit of length measurement.,/ˈjunət/,A2,standard | measure | component | module,,ክፍል / መለኪያ (የአንድ ድርጅት ንዑስ ክፍል፤ ወይም የሳይንስ መለኪያ),people | society
username,noun,"An identification used by a person with access to a computer, network, or online service.",Enter your unique username and password to access the student portal.,/ˈjuzɝˌneɪm/,A2,login | user ID | handle,,የተጠቃሚ ስም (ወደ ኮምፒውተር ወይም ድረ-ገጽ ለመግባት የሚያገለግል ልዩ ስም),technology | digital
utility,noun,"A public service such as electricity, water, or gas supply.","Monthly household expenses include water, internet, and electricity utilities.",/juˈtɪɫəti/,A2,public service | infrastructure service,inutility | uselessness,የፍጆታ አገልግሎቶች (የውሃ፣ የመብራትና የጋዝ መሰረታዊ አገልግሎቶች),everyday | core
vacation,noun,"An extended period of recreation, especially one spent away from home or traveling.",They took a two-week seaside vacation to relax and swim in the ocean.,/veɪˈkeɪʃən/,A2,holiday | break | trip | leave,,የዕረፍት ጊዜ (ከስራ ወይም ከትምህርት ነጻ የሚኮንበት የመዝናኛ ወቅት),food | dining
vacuum cleaner,noun,An electrical apparatus that cleans floors and carpets by suction.,Use the vacuum cleaner to remove dust and crumbs from the carpet.,/ˈvækjum ˈkɫinɝ/,A2,hoover | suction cleaner,,የቫኪዩም ጽዳት ማሽን (አቧራን በመምጠጥ ወለልን የሚያጸዳ የኤሌክትሪክ ማሽን),travel | transport
valley,noun,"A low area of land between hills or mountains, typically with a river flowing through it.",A tranquil village nestled deeply inside the fertile river valley.,/ˈvæɫi/,A2,vale | glen | canyon | basin,,ሸለቆ (በተራሮች መካከል ያለ ዝቅተኛ ለም መሬት),nature | science
vegan,noun,A person who does not eat or use animal products of any kind.,"Vegans avoid consuming meat, dairy, eggs, and natural honey.",/ˈvɛɡən/,A2,strict vegetarian,,ቪጋን (የእንስሳት ተዋጽኦን በሙሉ የማይመገብ ሰው),food | dining
vegetarian,noun,"A person who does not eat meat, and sometimes other animal products.",She has been a healthy vegetarian for over ten years.,/ˌvɛdʒəˈtɛˌɹiən/,A2,plant-eater | herbivore,,አትክልት ተመጋቢ (ስጋ የማይበላ አትክልቶችን ብቻ የሚመገብ ሰው),food | dining
verb,noun,"A word used to describe an action, state, or occurrence, forming the main predicate of a sentence.","In English sentences, the main verb typically follows the subject.",/ˈvɝb/,A2,action word | predicate,,ግስ (ድርጊትን ወይም ሁኔታን የሚገልጽ ቃል),society | law
video,noun,"The recording, reproducing, or broadcasting of moving visual images.",The instructor shared an educational video on cellular biology.,/ˈvɪdioʊ/,A2,recording | film | footage | clip,,ቪዲዮ (ተንቀሳቃሽ ምስልና ድምጽ ቅጂ),travel | transport
vietnam,noun,"A Southeast Asian country on the South China Sea known for its beaches, rivers, and bustling cities.",Hanoi and Ho Chi Minh City are major vibrant cities in Vietnam.,/viˌɛtˈnɑm/,A2,Socialist Republic of Vietnam,,ቪየትናም (በደቡብ ምስራቅ እስያ የምትገኝ ሀገር),nature | science
view,noun,"The sight or prospect, typically of attractive natural scenery, from a particular place.",Our hotel balcony offered a panoramic view of the sunset over the sea.,/ˈvju/,A2,vista | perspective | outlook | panorama,,እይታ / ገጽታ (ከአንድ ከፍታ ቦታ የሚታይ ውብ የተፈጥሮ እይታ),arts | culture
village,noun,"A group of houses and associated buildings, larger than a hamlet and smaller than a town, situated in a rural.",The charming hillside village features stone cottages and winding lanes.,/ˈvɪɫədʒ/,A2,hamlet | rural settlement,,መንደር (በገጠር ያለ አነስተኛ የቤቶችና የህዝብ ስብስብ),home | living
virus,noun,"An infective agent that typically consists of a nucleic acid molecule in a protein coat, multiplying within living cells.",Hand washing prevents the spread of the common cold virus.,/ˈvaɪɹəs/,A2,pathogen | microbe | infective agent,,ቫይረስ (በሽታ አምጪ ጥቃቅን ተህዋስ፤ ወይም የኮምፒውተር አጥፊ ፕሮግራም),fashion | clothing
visa,noun,"An endorsement on a passport indicating that the holder is allowed to enter, leave, or stay in a country.",International travelers must secure an entry visa before arrival.,/ˈvizə/,A2,travel permit | entry endorsement,,ቪዛ (ወደ ውጭ አገር ለመግባት ፓስፖርት ላይ የሚደረግ ህጋዊ ፈቃድ),fashion | clothing
vocabulary,noun,The body of words used in a particular language or known to an individual person.,Reading diverse literature significantly expands your vocabulary.,/voʊˈkæbjəˌɫɛɹi/,A2,lexicon | word stock | wordlist,,ቃላት / የቃላት ዝርዝር (በአንድ ቋንቋ ውስጥ ያሉ ቃላት ስብስብ),health | medicine
voice,noun,"The sound produced in a person's larynx and uttered through the mouth, as speech or song.",The opera singer possessed a remarkably clear and resonant singing voice.,/ˈvɔɪs/,A2,vocal tone | speech | song,,ድምጽ (የሰው ልጅ በጉሮሮው የሚያሰማው የተፈጥሮ ድምጽ),arts | culture
wallet,noun,"A small, flat folding pocketbook used for holding paper money and bank cards.",He checked his leather wallet to make sure he had his driver's license.,/ˈwɔɫət/,A2,billfold | pocketbook | purse,,የኪስ ቦርሳ (ገንዘብና መታወቂያ ካርዶችን ለመያዝ የሚያገለግል ትንሽ ቆዳ),business | finance
walnut,noun,A nut with a wrinkled edible kernel enclosed in a hard brown two-part shell.,She chopped raw walnuts to sprinkle over the breakfast oatmeal.,/ˈwɔːlnʌt/,A2,tree nut | juglans,,ዋልነት / ለውዝ (እንደ አንጎል ቅርጽ ያለው ጣፋጭና ጠቃሚ የለውዝ ፍሬ),arts | culture
washing machine,noun,An electric machine used for washing clothes and household linens automatically.,She put the laundry detergent and soiled bed sheets into the washing machine.,/ˈwɑʃɪŋ məˈʃin/,A2,washer | clothes washer,,የልብስ ማጠቢያ ማሽን (ልብሶችን በራስ-ሰር የሚያጥብ የኤሌክትሪክ ማሽን),home | living
water park,noun,"An amusement park that features water play areas such as swimming pools, water slides, and splash pads.",Children spent an exhilarating Saturday riding the slides at the water park.,/ˈwɔtɝ ˈpɑɹk/,A2,aquapark | water theme park,,የውሃ መናፈሻ ፓርክ (የውሃ መንሸራተቻዎችና መዋኛዎች ያሉበት መናፈሻ),food | dining
watermelon,noun,A large fruit with a thick green striped rind and sweet watery red pulp containing seeds.,Chilled slices of juicy watermelon are refreshing on a hot summer day.,/ˈwɔtɝˌmɛɫən/,A2,melon | citrullus,,ሐብሐብ (ቀይና ጣፋጭ ጭማቂ ያለው ትልቅ ፍራፍሬ),food | dining
wave,noun,A long body of water curling into an arched form and breaking on the shore.,Surfers caught a towering ocean wave and rode it smoothly to the beach.,/ˈweɪv/,A2,breaker | swell | surge | ripple,,ሞገድ (በባህር ላይ የሚነሳ የውሃ ሞገድ፤ ወይም የእጅ ሰላምታ),health | medicine
way,noun,"A method, style, or manner of doing something; a road, track, or path for traveling.",Can you please tell me the best way to walk to the national library?,/ˈweɪ/,A2,path | direction | route | course,,መንገድ / ዘዴ (ወደ አንድ ቦታ የሚወስድ መንገድ፤ ወይም የስራ ዘዴ),travel | transport
web,noun,A network of fine threads constructed by a spider from fluid secreted by its spinnerets.,Dewdrops glistened upon the delicate spider web in the morning light.,/ˈwɛb/,A2,cobweb | snare | net,,ድሩ / ኢንተርኔት (የሸረሪት ድር፤ ወይም የዓለም አቀፍ ድረ-ገጾች መረብ),technology | digital
web page,noun,A hypertext document on the World Wide Web.,Bookmark the course syllabus web page for quick reference during study.,/ˈwɛb ˈpeɪdʒ/,A2,web document | page | URL,,ድረ-ገጽ (በኢንተርኔት የሚታይ አንድ የመረጃ ገጽ),everyday | core
website,noun,A set of related web pages located under a single domain name.,The university launched a helpful new website for international applicants.,/ˈwɛbˌsaɪt/,A2,site | web page | portal,,ዌብሳይት / ድረ-ገጽ (ተያያዥ ገጾችን የያዘ የኢንተርኔት አድራሻ),everyday | core
wedding,noun,"A marriage ceremony, especially considered as including the associated celebrations.",Guests gathered in the garden to celebrate the couple's joyous wedding.,/ˈwɛdɪŋ/,A2,marriage ceremony | nuptials | matrimony,,ሰርግ (የጋብቻ ስነ-ስርዓትና የደስታ በዓል),everyday | core
weight,noun,A body's relative mass or the quantity of matter contained by it.,The weight of the shipping package was three kilograms.,/ˈweɪt/,A2,heaviness | mass | burden | load,,ክብደት (የአንድ ሰው ወይም እቃ የክብደት መጠን),health | medicine
whale,noun,"A very large marine mammal with a streamlined hairless body, a horizontal tail fin, and a blowhole on top of.",A massive blue whale breached gracefully in the open ocean waters.,/ˈhweɪɫ/,A2,cetacean | marine mammal | leviathan,,ዓሳ ነባሪ (በውቅያኖስ ውስጥ የሚኖር እጅግ ግዙፍ አጥቢ እንስሳ),health | medicine
which,noun,Asking for information specifying one or more people or things from a definite set.,Which of the two courses would you prefer to take this semester?,/ˈhwɪtʃ/,A2,what one | whichever,,የትኛው? (ከተወሰኑ አማራጮች መካከል ለመምረጥ የሚያገለግል),people | society
whiteboard,noun,A wipeable board with a white surface used for teaching or presentations.,The instructor drew a neat diagram across the classroom whiteboard.,/ˈwaɪtˌbɔːrd/,A2,dry-erase board | marker board,,ነጭ ሰሌዳ (በማርከር የሚጻፍበት ለስላሳ ነጭ ሰሌዳ),education | academic
whose,noun,Belonging to or associated with which person.,Whose textbook was left behind on the library table?,/ˈhuz/,A2,of whom | of which,,የማን? (የባለቤትነትን ማንነት ለመጠየቅ የሚያገለግል),people | society
width,noun,The measurement or extent of something from side to side.,Measure the width of the hallway before moving in the large sofa.,/ˈwɪdθ/,A2,breadth | span | broadness,,ወርድ (የአንድ ነገር ከጎን ወደ ጎን ያለው ስፋት),everyday | core
wind,noun,"The perceptible natural movement of the air, especially in the form of a current of air blowing.",A gentle spring wind rustled the leaves of the blooming cherry trees.,/ˈwaɪnd/,A2,breeze | gale | draft | airflow,,ንፋስ (በከባቢ አየር ውስጥ የሚንቀሳቀስ ፈጣን አየር),travel | transport
winner,noun,"A person or team that wins a game, competition, or contest.",The tournament winner received a trophy and an athletic scholarship.,/ˈwɪnɝ/,A2,champion | victor | conqueror | titleholder,loser,አሸናፊ (በውድድር ድል የተቀዳጀ ሰው),people | society
wood,noun,"A collection of trees growing closely together, or the hard fibrous material of a tree.",We gathered dry pieces of pine wood to fuel our evening campfire.,/ˈwʊd/,A2,timber | forest | lumber | grove,,እንጨት (ከዛፍ ግንድ የሚገኝ ለግንባታና ለቤት እቃ የሚውል እንጨት),nature | science
wool,noun,"The fine, soft curly or wavy hair forming the coat of a sheep, goat, or similar animal.",Farmers shear warm sheep wool every spring to produce textile yarn.,/ˈwʊɫ/,A2,fleece | yarn | fiber,,ሱፍ (ከበግ ፀጉር የሚዘጋጅ ለልብስ የሚሆን ለስላሳ ክር),nature | science
word,noun,A single distinct meaningful element of speech or writing.,Look up the unfamiliar word in your learner's dictionary.,/ˈwɝd/,A2,term | vocable | headword,,ቃል (በንግግር ወይም በጽሁፍ ትርጉም የሚሰጥ የፊደላት ስብስብ),everyday | core
world,noun,"The earth, together with all of its countries, peoples, and natural features.",She dreams of traveling around the world to study biodiversity.,/ˈwɝɫd/,A2,earth | globe | planet | cosmos,,ዓለም (እኛ የምንኖርባት ምድርና የሰው ልጆች በሙሉ),food | dining
wrist,noun,The joint connecting the hand with the forearm.,She wore a leather wristwatch around her left wrist.,/ˈɹɪst/,A2,carpus | wrist joint,,የእጅ አንጓ (እጅን ከክንድ ጋር የሚያገናኝ የመገጣጠሚያ አካል),everyday | core
writer,noun,"A person who has written a particular text, or a person who writes books or stories as an occupation.",The acclaimed fiction writer published her third mystery novel this autumn.,/ˈɹaɪtɝ/,A2,author | novelist | essayist | scribe,,ጸሐፊ / ደራሲ (መጻሕፍትንና ጽሁፎችን የሚጽፍ ባለሙያ),arts | culture
yoga,noun,"A Hindu spiritual and ascetic discipline, including breath control and specific bodily postures for health and relaxation.",Practicing gentle morning yoga improves bodily flexibility and mental calm.,/ˈjoʊɡə/,A2,meditation exercise | asana practice,,ዮጋ (አእምሮንና አካልን ለማረጋጋት የሚሰራ የአካል ብቃት እንቅስቃሴ),health | medicine
zoo,noun,"An establishment which maintains a collection of wild animals, typically in a park or gardens, for study, conservation, or display.",Families enjoy visiting the metropolitan zoo to observe exotic animals.,/ˈzu/,A2,zoological garden | menagerie | safari park,,የእንስሳት መካነ-አራዊት / መካነ-እንስሳት (የተለያዩ የዱር እንስሳት የሚጠበቁበትና የሚጎበኙበት ፓርክ),education | academic
absent,adjective,"Not present in a place, at an occasion, or as part of something.",He was absent from class yesterday due to a sudden fever.,/ˈæbsənt/,A2,away | missing | truant | off,present,የቀረ | ያልተገኘ (በትምህርት ወይም በስራ ገበታው ላይ ያልተገኘ),arts | culture
active,adjective,Engaging or ready to engage in physically energetic pursuits.,"Daily swimming and cycling keep children energetic, healthy, and active.",/ˈæktɪv/,A2,energetic | dynamic | lively | vigorous,inactive | passive | quiet,ንቁ | ተንቀሳቃሽ (በስራና በእንቅስቃሴ የተሞላ፤ የማይሰንፍ),health | medicine
afghan,adjective,"Relating to Afghanistan, its people, or its culture.",Handwoven Afghan carpets are celebrated for intricate geometric patterns.,/ˈæfˌɡæn/,A2,from Afghanistan,,አፍጋናዊ (ከአፍጋኒስታን አገር፣ ህዝብ ወይም ባህል ጋር የተያያዘ),arts | culture
afraid,adjective,Feeling fear or anxiety; frightened.,The young child was afraid of loud thunder during the storm.,/əˈfɹeɪd/,A2,frightened | scared | terrified | fearful,unafraid,የፈራ (በፍርሃት ስሜት ውስጥ ያለ),emotions | psychology
alive,adjective,Living; not dead; full of energy and active vitality.,Researchers were delighted to discover that the rare tortoise was still alive.,/əˈɫaɪv/,A2,living | animate | surviving | breathing,dead | unanimated,በህይወት ያለ (ህያው የሆነ፤ ያልሞተ),description | character
amazing,adjective,Causing great surprise or wonder; astonishing.,The skilled pianist gave an amazing performance on the grand piano.,/əˈmeɪzɪŋ/,A2,astonishing | astounding | incredible | stupendous,unsurprising | unimpressive,አስደናቂ | ድንቅ (እጅግ በጣም የሚያስደንቅና የሚያስደስት),food | dining
attractive,adjective,Appealing to look at; pleasing in appearance.,The modern apartment has an attractive balcony overlooking the garden.,/əˈtɹæktɪv/,A2,appealing | good-looking | handsome | charming,unattractive | repulsive,ማራኪ | ቆንጆ (ለአይን የሚስብ፤ ተወዳጅ),technology | digital
australian,adjective,"Relating to Australia, its people, or its fauna.",The Australian coral reef system attracts scuba divers from all continents.,/ɔˈstɹeɪɫjən/,A2,Aussie | from Australia,,አውስትራሊያዊ (ከአውስትራሊያ አገር ወይም ህዝብ ጋር የተገናኘ),people | society
austrian,adjective,"Relating to Austria, its people, or its classical musical heritage.",Mozart was a renowned Austrian composer of classical symphonies.,/ˈɔstɹiən/,A2,from Austria,,ኦስትሪያዊ (ከኦስትሪያ አገር ወይም ህዝብ ጋር የተገናኘ),arts | culture
available,adjective,Able to be used or obtained; at someone's disposal.,Freshly baked artisan bread is available every morning at the bakery.,/əˈveɪɫəbəɫ/,A2,accessible | obtainable | in stock,unavailable,የሚገኝ | ዝግጁ (ለአገልግሎት ወይም ለግዢ ዝግጁ ሆኖ ያለ),description | character
awesome,adjective,"Extremely impressive, daunting, or inspiring great admiration.",Standing beneath the towering waterfall was an awesome experience.,/ˈɔːsəm/,A2,breathtaking | magnificent | stupendous,unimpressive | mediocre | ordinary | awful,እጅግ ድንቅ | ግሩም (በጣም አስደናቂና ከፍተኛ አድናቆትን የሚስብ),food | dining
awful,adjective,Very bad or unpleasant; terrible in quality.,The passengers canceled their outing due to the awful weather conditions.,/ˈɑfəɫ/,A2,terrible | dreadful | abysmal | foul,nice,እጅግ መጥፎ | አስከፊ (በጣም የሚያስጠላ ወይም የሚያሳዝን),description | character
bald,adjective,Having little or no hair on the head.,He decided to shave his head completely when he started going bald.,/ˈbɔɫd/,A2,hairless | smooth-headed,covert | hairy | covered,ራሰ በራ (በጭንቅላቱ ላይ ፀጉር የሌለው),description | character
better,adjective,Partly or fully recovered from illness or injury.,"After three days of bed rest, he felt much better.",/ˈbɛtɝ/,A2,recovered | improved | healed,worse | bad | evil,የተሻለ (ከሌላው የበለጠ ጥሩ ደረጃ ላይ ያለ),health | medicine
bitter,adjective,"Having a sharp, pungent, or disagreeable taste; not sweet.",Unsweetened black coffee has a naturally bitter and earthy profile.,/ˈbɪtɝ/,A2,sharp | acrid | tart | harsh,unresentful | tolerable | pleasant,መራራ (የመርገፍ ጣዕም ያለው፤ ወይም በመራራ ስሜት የተሞላ),food | dining
blond,adjective,"Having fair, golden, or pale yellow hair.",The child has bright blue eyes and blond hair.,/ˈbɫɑnd/,A2,fair | golden | flaxen,brunet,ቢጫ ፀጉር ያለው (ፈዛዛ ቢጫ ወይም ወርቃማ ፀጉር),description | character
bored,adjective,Feeling weary and restless through lack of interest or occupation.,The children grew bored while waiting inside during the afternoon downpour.,/ˈbɔɹd/,A2,uninterested | weary | listless | jaded,rested | interested,የሰለቸው (የሚያደርገው ነገር አጥቶ ወይም በድግግሞሽ የተሰላቸ),emotions | psychology
boring,adjective,Not interesting; tedious and unexciting.,A repetitive lecture with no examples can feel quite boring.,/ˈbɔɹɪŋ/,A2,tedious | dull | monotonous | uninspired,interesting,አሰልቺ (ምንም ደስታ የማይሰጥ፤ የሚያታክት),description | character
bright,adjective,Giving out or reflecting a lot of light; shining; of vivid color.,"The living room was warm, welcoming, and delightfully bright with morning sun.",/ˈbɹaɪt/,A2,luminous | radiant | vivid | brilliant,dull | dimmed,ብሩህ | አብሪ (በብርሃን የተሞላ፤ ወይም በጣም ብልህ),description | character
brilliant,adjective,Exceptionally clever or talented; outstanding.,The professor delivered a brilliant lecture on evolutionary biology.,/ˈbɹɪɫjənt/,A2,genius | intelligent | radiant | masterful,inferior | unintelligent | unimpressive,ድንቅ | በጣም ብልህ (የላቀ የማሰብ ችሎታ ያለው፤ ወይም ደማቅ ብርሃን),description | character
broken,adjective,"Damaged, fractured, or no longer functioning correctly.",We need to call a technician to repair the broken washing machine.,/ˈbɹoʊkən/,A2,damaged | faulty | defective | out of order,unbroken,የተሰበረ | የተበላሸ (ክፍተቶች ያሉት፤ ስራ ያቆመ),description | character
busy,adjective,Having a great deal to do; keeping oneself occupied with tasks.,The downtown avenue was busy with commuters and delivery vans.,/ˈbɪzi/,A2,occupied | engaged | active | bustling,idle,ስራ የበዛበት (በብዙ ስራ የተጠመደ),food | dining
calm,adjective,"Not showing or feeling nervousness, anger, or other strong emotions.",Her calm demeanor reassured the passengers during the turbulent flight.,/ˈkɑɫm/,A2,serene | peaceful | placid | composed,stormy,መረጋጋት ያለበት | ጸጥተኛ (ጭንቀት ወይም ንዴት የሌለበት ሰላማዊ),emotions | psychology
careful,adjective,"Making sure of avoiding potential danger, mishap, or harm; attentive.",Be very careful when cutting vegetables with that sharp knife.,/ˈkɛɹfəɫ/,A2,cautious | attentive | prudent | mindful,careless,ጥንቃቄ የሚያደርግ (ስህተት እንዳይፈጠር በጥንቃቄ የሚሰራ),emotions | psychology
careless,adjective,Not giving sufficient attention or thought to avoiding harm or errors.,A careless calculation caused an error in the final engineering report.,/ˈkɛɹɫəs/,A2,negligent | sloppy | thoughtless | reckless,careful,ግድየለሽ (ጥንቃቄ የሌለው፤ ለስህተት የማይጨነቅ),emotions | psychology
certain,adjective,Known for sure; established beyond doubt.,I am certain that our train departs from platform three.,/ˈsɝtən/,A2,sure | confident | positive | convinced,uncertain | unsure | unsealed,እርግጠኛ (ያለ ምንም ጥርጥር የሚያምን),description | character
chemical,adjective,Relating to chemistry or the interactions of substances as studied in chemistry.,The laboratory tested the chemical properties of the water sample.,/ˈkɛməkəɫ/,A2,molecular | atomic | synthetic,,ኬሚካላዊ (ከኬሚስትሪ ወይም ከንጥረ-ነገሮች ጋር የተያያዘ),description | character
chilly,adjective,Unpleasantly cold; causing shivering.,Autumn mornings in the highlands are noticeably brisk and chilly.,/ˈtʃɪɫi/,A2,cool | cold | nippy | brisk,emotional | hot | friendly,ቀዝቃዛማ (የብርድ ስሜት ያለው አየር),description | character
classical,adjective,Relating to serious music following established European traditions of the 18th and 19th centuries.,He listens to classical orchestral symphony music while studying.,/ˈkɫæsɪkəɫ/,A2,traditional | symphonic | academic,nonclassical,ክላሲካል | ጥንታዊ ባህላዊ (የቀደመ ባህላዊ የሙዚቃ ወይም የኪነ-ጥበብ ዘይቤ),arts | culture
clear,adjective,"Unclouded; free from mist, fog, or darkness.","Twinkling stars illuminated the pristine, clear night sky.",/ˈkɫɪɹ/,A2,unclouded | cloudless | bright | fair,unclear | opaque | ill-defined,ግልጽ | የጠራ (በቀላሉ የሚታይ ወይም የሚገባ፤ ንጹህ),description | character
colored,adjective,Having a particular color or different colors rather than black or white.,Use colored pencils to shade different regions on the geographic map.,/ˈkəɫɝd/,A2,tinted | dyed | painted,uncolored,ባለቀለም (የተለያዩ ቀለሞች ያሉት),arts | culture
colorful,adjective,Having much or varied color; bright and visually striking.,The carnival dancers wore colorful feathered costumes and sparkling beads.,/ˈkəɫɝfəɫ/,A2,vibrant | vivid | multicolored | radiant,colorless | colourless | uncolored,ቀለማማ | ደማቅ (በብዙ ደማቅ ቀለሞች ያሸበረቀ),description | character
comfortable,adjective,Providing physical ease and relaxation; free from stress.,"The living room sofa was soft, warm, and remarkably comfortable.",/ˈkəmfɝtəbəɫ/,A2,cozy | snug | restful | pleasant,uncomfortable,ምቹ (ለአካልና ለአእምሮ ምቾት የሚሰጥ),health | medicine
common,adjective,"Occurring, found, or done often; prevalent.",Robins and sparrows are common birds in urban gardens.,/ˈkɑmən/,A2,frequent | customary | standard | familiar,individual | uncommon,የተለመደ | የጋራ (በብዙ ቦታ የሚገኝ፤ ወይም ለሁሉም የሚሆን),description | character
complete,adjective,Having all the necessary or appropriate parts; entire.,The kit comes with a complete set of repair tools and instructions.,/kəmˈpɫit/,A2,entire | whole | comprehensive | total,incomplete,ሙሉ | የተሟላ (ምንም ያልጎደለው፤ የተጠናቀቀ),arts | culture
confident,adjective,Feeling or showing confidence in oneself or one's abilities; self-assured.,"She delivered her research presentation in a confident, clear voice.",/ˈkɑnfədənt/,A2,self-assured | poised | assertive | secure,diffident,በራስ የሚተማመን (በችሎታውና በእውቀቱ የሚተማመን),emotions | psychology
cool,adjective,"Of or at a fairly low temperature, typically in a way that is pleasant or refreshing.",A cool mountain breeze swept through the open bedroom window.,/ˈkuɫ/,A2,chilly | refreshing | brisk | briskly cold,warm,ቀዝቀዝ ያለ | ዘመናዊ (ደስ የሚል መጠነኛ ቅዝቃዜ ያለው፤ ወይም አሪፍ ዘመናዊ),fashion | clothing
cozy,adjective,"Giving a feeling of comfort, warmth, and relaxation; snug and pleasant.","The small stone cottage was remarkably warm, welcoming, and cozy.",/ˈkoʊzi/,A2,comfortable | snug | warm | homey,uncomfortable | unfriendly | distant,ሞቅ ያለና ምቹ (ትንሽና እጅግ ምቹ የሆነ ሞቅ ያለ ስፍራ),emotions | psychology
crazy,adjective,Extremely foolish or unreasonable; mad.,It would be crazy to attempt mountain climbing in a blizzard.,/ˈkɹeɪzi/,A2,insane | mad | foolish | lunatic,sane | practical | unexcited,እብድ | አስገራሚ (አእምሮው የተዛባ፤ ወይም ያልተለመደ አስገራሚ ነገር),description | character
creative,adjective,Relating to or involving the imagination or original ideas.,She wrote a creative fairy tale story filled with talking animals.,/kɹiˈeɪtɪv/,A2,imaginative | inventive | original | artistic,uncreative,ፈጣሪ (አዳዲስና ድንቅ ሀሳቦችን የሚያመነጭ),food | dining
curly,adjective,Having curls or a spiral-like shape.,She has naturally curly dark hair that frames her face.,/ˈkɝɫi/,A2,wavy | coiled | spiraled,straight,የተጠቀለለ ፀጉር (የተጨማደደ ወይም የተጠማዘዘ ፀጉር),description | character
cute,adjective,"Attractive in a sweet, endearing, or amusing way.",The puppy has cute floppy ears and playful eyes.,/kjuːt/,A2,adorable | sweet | charming,ugly | unattractive | repulsive,ተወዳጅ | ቆንጆ (ለማየት የሚያስደስት አነስተኛ ህጻን ወይም እንስሳ),description | character
dangerous,adjective,"Able or likely to cause harm, injury, or catastrophe.",Walking along steep icy cliffs without equipment is exceptionally dangerous.,/ˈdeɪndʒɝəs/,A2,hazardous | perilous | unsafe | risky,safe,አደገኛ (ጉዳት ወይም ጥፋት ሊያደርስ የሚችል),emotions | psychology
dead,adjective,No longer alive; having died.,The autumn frost left the annual garden flowers completely dead.,/ˈdɛd/,A2,lifeless | deceased | departed | expired,alive | live,የሞተ (ህይወት የሌለው),description | character
deep,adjective,Extending far down from the top or surface; profound.,The river is dangerously deep and swift near the waterfall.,/ˈdip/,A2,profound | bottomless | cavernous,shallow,ጥልቅ (ከፍተኛ ጥልቀት ያለው፤ ወይም ጥልቅ ሀሳብ),description | character
delicious,adjective,Highly pleasant to the taste or smell; appetizing.,The chef prepared a delicious feast of roasted chicken and vegetables.,/dɪˈɫɪʃəs/,A2,tasty | delectable | appetizing | flavorful,displeasing | tasteless,በጣም ጣፋጭ (እጅግ የሚጣፍጥ ምግብ),food | dining
delightful,adjective,"Causing great pleasure, joy, or charm.",The garden was filled with fragrant herbs and delightful pink flowers.,/dɪˈɫaɪtfəɫ/,A2,charming | enchanting | lovely | captivating,displeasing,አስደሳች (በጣም የሚያረካና ደስታ የሚሰጥ),food | dining
digital,adjective,"Expressed in numerical digits, especially using electronic signals or computer technology.",She bought a digital wrist watch that tracks steps and heart rate.,/ˈdɪdʒətəɫ/,A2,electronic | computerized | automated,analogue,ዲጂታል (በኮምፒውተርና በኤሌክትሮኒክስ የሚሰራ),technology | digital
direct,adjective,Extending or moving from one place to another by the shortest way without changing direction.,The airline offers a direct flight connecting Addis Ababa and London.,/daɪˈɹɛkt/,A2,straight | nonstop | unswerving | unguided,indirect | collateral | retrograde,ቀጥተኛ (ያለ ማዞሪያ በቀጥታ የሚሄድ ወይም የሚነገር),description | character
dry,adjective,Free from moisture or liquid; not wet or moist; lacking rainfall.,The savannah grass turned golden brown during the long dry season.,/ˈdɹaɪ/,A2,arid | parched | waterless | moistureless,wet | sweet | phlegmy,ደረቅ (ውሃ ወይም እርጥበት የሌለው),nature | science
dumb,adjective,Temporarily or permanently unable to speak; foolish or stupid in informal use.,Shock rendered the frightened witness temporarily dumb.,/ˈdəm/,A2,mute | speechless | foolish,smart | articulate,ዲዳ | ሞኝ (መናገር የማይችል፤ ወይም የማያስተውል),communication
dutch,adjective,"Relating to the Netherlands, its people, or its language.",Dutch windmills and vibrant tulip gardens attract international tourists.,/ˈdətʃ/,A2,from the Netherlands | Netherlandic,,ደች | የሆላንድ (ከኔዘርላንድስ/ሆላንድ አገር ወይም ህዝብ ጋር የተያያዘ),communication
egyptian,adjective,"Relating to Egypt, its people, or its ancient archaeological history.",Ancient Egyptian scribes recorded royal annals using hieroglyphics.,/ɪˈdʒɪpʃən/,A2,from Egypt | Nilotic,,ግብጻዊ (ከግብጽ አገር፣ ህዝብ ወይም ታሪክ ጋር የተገናኘ),people | society
electric,adjective,"Of, worked by, or producing electricity.",Electric vehicles reduce fossil fuel consumption and emissions.,/ɪˈɫɛktɹɪk/,A2,electrical | powered | electrified,relaxed | unexciting,የኤሌክትሪክ (በኤሌክትሪክ ኃይል የሚሰራ),description | character
empty,adjective,Containing nothing; not filled or occupied.,The water bottle was empty after the long mountain hike.,/ˈɛmpti/,A2,vacant | bare | hollow | unoccupied,full,ባዶ (ውስጡ ምንም ነገር የሌለው),description | character
enjoyable,adjective,Giving pleasure or delight; pleasant.,We had an exceptionally enjoyable evening listening to live acoustic music.,/ˌɛnˈdʒɔɪəbəɫ/,A2,pleasant | delightful | pleasurable | fun,unpleasant,አስደሳች (ለመዝናናትና ለደስታ ምቹ የሆነ),description | character
excellent,adjective,Extremely good; outstanding of its kind.,She received an excellent grade for her thorough research report.,/ˈɛksəɫənt/,A2,outstanding | superb | first-class | stellar,inferior,እጅግ በጣም ጥሩ / ምርጥ (ከፍተኛ ጥራት ያለው),description | character
exciting,adjective,Causing great enthusiasm and eagerness; thrilling.,Watching the soccer final was an intensely exciting experience.,/ɪkˈsaɪtɪŋ/,A2,thrilling | exhilarating | stirring | animated,unexciting,አጓጊ | የሚያነሳሳ (ከፍተኛ ደስታንና ጉጉትን የሚፈጥር),food | dining
fair,adjective,Treating people equally without favoritism or discrimination; just.,A principled judge strives to make fair and impartial rulings.,/ˈfɛɹ/,A2,just | equitable | impartial | unbiased,unfair | foul,ፍትሃዊ | ተገቢ (ያለ አድልዎ እኩል የሚያይ፤ ወይም መጠነኛ),food | dining
famous,adjective,Known about by many people; renowned.,The ancient rock-hewn churches of Lalibela are world-famous landmarks.,/ˈfeɪməs/,A2,renowned | celebrated | prominent | famed,unknown,ታዋቂ (በብዙ ሰዎች ዘንድ የሚታወቅ),people | society
favorite,adjective,Preferred before all others of the same kind.,Historical fiction is her favorite genre of literature to read.,/ˈfeɪvɝɪt/,A2,preferred | chosen | dearest | beloved,unpopular | unloved,ተወዳጅ (ከሁሉም በላይ የሚመረጥ),description | character
female,adjective,Relating to women or the sex that produces ova.,Female athletes competed in the regional championship.,/ˈfiˌmeɪɫ/,A2,feminine | woman,androgynous | male,ሴት (የሴት ጾታ ያላት),fashion | clothing
first,adjective,"Coming before all others in time, order, or importance.",January is the first month of the calendar year.,/ˈfɝst/,A2,initial | primary | premier | opening,last | second,የመጀመሪያ (በቅደም ተከተል ቀዳሚ የሆነ),time | calendar
flat,adjective,Having a level surface; without raised areas or indentations.,The coastal plain is completely flat and ideal for farming wheat.,/ˈfɫæt/,A2,level | even | plane | horizontal,contrasty | natural | sharp,ጠፍጣፋ (ኮረብታ የሌለው ሜዳማ ገጽታ),description | character
foggy,adjective,Full of or accompanied by fog; reducing visibility.,"Motorists drove with extra caution along the dark, foggy coastal roads.",/ˈfɑɡi/,A2,misty | hazy | overcast | murky,energetic | distinct | clear,ጭጋጋማ (በጭጋግ የተሸፈነ አየር),description | character
foolish,adjective,Lacking good sense or judgment; unwise.,It was foolish to hike without warm clothing in unpredictable weather.,/ˈfuɫɪʃ/,A2,unwise | silly | senseless | brainless,wise,ሞኝ | ቂል (የማመዛዘን ችሎታ የጎደለው),description | character
foreign,adjective,"Of, from, in, or characteristic of a country or language other than one's own.",She enjoys studying foreign languages and learning about world cultures.,/ˈfɑɹən/,A2,international | overseas | external | alien,domestic | native,የውጭ አገር (የሌላ አገር ዜጋ ወይም ንብረት የሆነ),communication
formal,adjective,Done in accordance with rules of convention or etiquette; suitable for official events.,Guests wore formal evening attire to the diplomatic reception.,/ˈfɔɹməɫ/,A2,official | ceremonial | solemn | dressy,informal,መደበኛ (ህጋዊ ስርዓትንና ደንብን የተከተለ),arts | culture
free,adjective,Available without charge; costing nothing.,The municipal art gallery offers free admission on the first Sunday of each month.,/ˈfɹi/,A2,complimentary | gratis | costless,unfree | bound,ነጻ | ክፍያ አልባ (ያለ ክፍያ የሚገኝ፤ ወይም ከእስር ነጻ የሆነ),business | finance
freezing,adjective,Below the freezing point of water; extremely and harshly cold.,Bundle up in your heaviest woolen coat because it is freezing outside.,/ˈfɹizɪŋ/,A2,glacial | arctic | icy | frostbound,,እጅግ በጣም ቀዝቃዛ (በረዶ የሚያደርግ ከፍተኛ ቅዝቃዜ),description | character
fresh,adjective,"Recently made, harvested, or gathered; not stale or canned.",She bought fresh vegetables and crisp lettuce at the farmers market.,/ˈfɹɛʃ/,A2,crisp | natural | newly picked,stale | preserved | salty,ትኩስ | አዲስ (በቅርብ የተዘጋጀ ያልቆየ ምግብ፤ ወይም ንጹህ አየር),description | character
friendly,adjective,Kind and pleasant; showing cordial goodwill toward others.,Our new neighbors are exceptionally friendly and helpful.,/ˈfɹɛndɫi/,A2,cordial | amiable | welcoming | genial,unfriendly | hostile,ወዳጃዊ (ለሰዎች ፍቅርና እንክብካቤ የሚያሳይ),people | society
full,adjective,Containing or holding as much or as many as possible; not empty.,The auditorium was completely full of excited concert spectators.,/ˈfʊɫ/,A2,brimming | packed | loaded | replete,empty | thin,ሙሉ (የሞላ፤ ባዶ ያልሆነ),description | character
full-time,adjective,"Occupying or using the whole of someone's available working time, typically forty hours per week.",She transitioned from a temporary internship to a permanent full-time position.,/ˈfʊɫˌtaɪm/,A2,standard hours | regular employment,part-time,ሙሉ ቀን (ሙሉ የስራ ሰዓት የሚሰራ),time | calendar
funny,adjective,Causing laughter or amusement; humorous.,The comedian told a funny story that made the entire audience laugh.,/ˈfəni/,A2,humorous | comical | amusing | hilarious,humorless | familiar | unquestionable,አስቂኝ (ሰውን የሚያስቅ),description | character
gold,adjective,Made of or having the brilliant rich color of the precious metal gold.,She wore an antique gold necklace passed down from her grandmother.,/ˈɡoʊɫd/,A2,golden | gilded | precious,nonmetallic | achromatic,የወርቅ (ከወርቅ ማዕድን የተሰራ),description | character
golden,adjective,Having the deep yellow color or bright sheen of polished gold.,The sunset cast a warm golden glow across the wheat fields.,/ˈɡoʊɫdən/,A2,gilded | amber | yellow-gold | flaxen,achromatic | unhappy | nonmetallic,ወርቃማ (የወርቅ ቀለም ያለው፤ ወይም ወርቃማ እድል),description | character
good-looking,adjective,Having an attractive physical appearance.,The actor is famously good-looking and charismatic.,/ˈɡʊdˌɫʊkɪŋ/,A2,handsome | attractive | pretty,ugly,መልከ-መልካም (ቆንጆ ፊትና ቁመና ያለው),health | medicine
great,adjective,"Of an extent, amount, or intensity considerably above the normal or average.",The community achieved great progress in building the new school.,/ˈɡɹeɪt/,A2,immense | considerable | substantial | vast,small | little | unimportant,ታላቅ | እጅግ በጣም ጥሩ (በጣም ትልቅ፤ ወይም ድንቅ የሆነ),food | dining
greek,adjective,"Relating to Greece, its people, or its ancient classical philosophy.",Ancient Greek philosophy laid foundations for Western scientific inquiry.,/ˈɡɹik/,A2,Hellenic | Grecian,,ግሪካዊ (ከግሪክ አገር፣ ህዝብ ወይም ታሪክ ጋር የተያያዘ),people | society
handsome,adjective,"Of a man, good-looking and well-proportioned.",He wore a sharp suit and looked very handsome.,/ˈhænsəm/,A2,good-looking | dashing | attractive,ugly | stingy,መልከ-መልካም ወንድ (ቆንጆ ገጽታ ያለው ወንድ),description | character
hard,adjective,"Solid, firm, and rigid; not easily broken, bent, or pierced.",The shell of a coconut is extremely hard and requires a tool to open.,/ˈhɑɹd/,A2,firm | solid | rigid | tough,easy | soft | voiced,ጠንካራ | አስቸጋሪ (ለመስበር የማይመች፤ ወይም ለመስራት ከባድ),description | character
hardworking,adjective,Tending to work with energy and commitment; diligent.,The hardworking farmer tends his crops from sunrise to dusk.,/ˈhɑɹdˌwɝkɪŋ/,A2,diligent | industrious | dedicated | tireless,negligent,ታታሪ (ስራን በትጋትና ያለ ድካም የሚሰራ),description | character
healthy,adjective,In a good physical or mental condition; in good health.,A healthy balanced diet keeps you energized throughout the day.,/ˈhɛɫθi/,A2,well | fit | robust | sound,unhealthy,ጤናማ (ከበሽታ ነጻ የሆነ፤ ለጤና ጠቃሚ),emotions | psychology
helpful,adjective,Giving or ready to give help; useful.,The librarian was exceptionally helpful in locating the archives.,/ˈhɛɫpfəɫ/,A2,supportive | useful | obliging | cooperative,unhelpful,አጋዥ | ጠቃሚ (ለሌሎች እርዳታ ለመስጠት ፈቃደኛ የሆነ),description | character
impolite,adjective,Not having or showing good manners; rude.,It is considered impolite to interrupt someone while they are speaking.,/ˌɪmpəˈɫaɪt/,A2,rude | discourteous | insolent | bad-mannered,polite,ባለጌ | ጨዋ ያልሆነ (አክብሮት የሌለው),description | character
important,adjective,Of great significance or value; likely to have a profound effect.,Preserving freshwater resources is vital and important for humanity.,/ˌɪmˈpɔɹtənt/,A2,significant | crucial | vital | essential,unimportant | insignificant | noncrucial,አስፈላጊ | ትልቅ (ዋጋ ያለው፤ ትኩረት የሚሻ),food | dining
impossible,adjective,"Not able to occur, exist, or be done; completely out of the question.",It is physically impossible to travel faster than the speed of light.,/ˌɪmˈpɑsəbəɫ/,A2,unachievable | unattainable | infeasible,possible,የማይቻል (ፈጽሞ ሊከናወን የማይችል),description | character
incomplete,adjective,Not having all the necessary or appropriate parts; unfinished.,The assignment was graded as incomplete because two essays were missing.,/ˌɪnkəmˈpɫit/,A2,unfinished | partial | deficient,complete,ያልተሟላ (የጎደለው፤ ያልተጠናቀቀ),arts | culture
indirect,adjective,Not direct; deviating from a straight course or line; circuitous.,The country bus followed an indirect route stopping at every village.,/ˌɪndɝˈɛkt/,A2,circuitous | roundabout | meandering | winding,direct | lineal,ቀጥተኛ ያልሆነ (በዙሪያ ጥምጥም የቀረበ),description | character
individual,adjective,Single; separate; considered separately from a group.,The instructor gave individual attention to each student needing help.,/ˌɪndəˈvɪdʒəwəɫ/,A2,single | separate | discrete | personal,common,የግል | ነጠላ (ለአንድ ግለሰብ ብቻ የሚመለከት),description | character
informal,adjective,"Having a relaxed, friendly, or unofficial style, manner, or nature.",We gathered for an informal picnic in the park wearing casual clothes.,/ˌɪnˈfɔɹməɫ/,A2,casual | relaxed | unofficial | friendly,formal,መደበኛ ያልሆነ (ቀለል ባለ መንገድ ያለ ስርዓት የተከናወነ),nature | science
intelligent,adjective,"Having or showing intelligence, especially of a high level; clever.",She is an intelligent student who quickly grasps complex scientific concepts.,/ˌɪnˈtɛɫədʒənt/,A2,smart | clever | bright | brilliant,unintelligent,ብልህ | አስተዋይ (ፈጣን የማስተዋልና የመረዳት ችሎታ ያለው),description | character
interesting,adjective,Arousing curiosity or interest; holding or catching the attention.,The documentary presented an interesting analysis of ocean ecosystems.,/ˈɪntɝəstɪŋ/,A2,fascinating | engaging | captivating | intriguing,uninteresting,ሳቢ | አስደሳች (ትኩረትን የሚስብ፤ የማይሰለች),description | character
international,adjective,"Existing, occurring, or carried on between two or more nations.",The capital city airport handles hundreds of international flights daily.,/ˌɪnɝˈnæʃənəɫ/,A2,global | worldwide | cross-border | transnational,national,ዓለም አቀፍ (ከብዙ አገሮች ጋር የተገናኘ),travel | transport
israeli,adjective,"Relating to Israel, its citizens, or its institutions.",The research institute developed advanced Israeli irrigation technologies.,/ˌɪzˈɹeɪɫi/,A2,from Israel,,እስራኤላዊ (ከእስራኤል አገር ወይም ህዝብ ጋር የተገናኘ),society | law
jealous,adjective,Feeling or showing envy of someone or their achievements and advantages.,A true friend is supportive and never jealous of your success.,/ˈdʒɛɫəs/,A2,envious | covetous | resentful,undesirous | trustful,ቀናተኛ (በሌሎች መልካም ነገር የሚቀና),emotions | psychology
large,adjective,"Of considerable or relatively great size, extent, or capacity.",The hotel has a large dining room capable of seating two hundred guests.,/ˈɫɑɹdʒ/,A2,big | grand | substantial | spacious,small | little,ትልቅ (በመጠን ወይም በስፋት ሰፊ የሆነ),food | dining
lazy,adjective,Unwilling to work or use energy; inactive and indolent.,The lazy cat stretched in the afternoon sunshine and fell asleep.,/ˈɫeɪzi/,A2,indolent | idle | slothful | sluggish,fast | busy,ሰነፍ (ስራ መስራት የማይፈልግ),description | character
local,adjective,"Belonging or relating to a particular area or neighborhood, typically the area one lives in.",The restaurant buys organic vegetables from local farming cooperatives.,/ˈɫoʊkəɫ/,A2,neighborhood | community | regional | native,national | general,የአካባቢ (በአንድ የተወሰነ ሰፈር ወይም አካባቢ ያለ),arts | culture
long,adjective,Measuring a great distance from end to end; lasting for a large amount of time.,They embarked on a long train journey across the continent.,/ˈɫɔŋ/,A2,lengthy | prolonged | extended,short | unretentive,ረጅም (በርዝመት ወይም በጊዜ የረዘመ),food | dining
loose,adjective,Not fitting tightly or closely; allowing freedom of physical movement.,He prefers wearing loose cotton shirts during hot summer days.,/ˈɫus/,A2,baggy | roomy | relaxed | oversized,compact | tight | affixed,ላላ ያለ (ያልጠበቀ፤ ሰፊ ልብስ),health | medicine
loud,adjective,Producing or capable of producing much noise; easily heard.,The thunder was so loud that it startled everyone in the room.,/ˈɫaʊd/,A2,noisy | deafening | booming | blaring,soft | piano,ከፍተኛ ድምጽ ያለው (ጆሮ የሚያደነቁር ጩኸት),description | character
lucky,adjective,"Having, bringing, or resulting from good luck; fortunate.",He felt remarkably lucky to find his lost wallet untouched on the bench.,/ˈɫəki/,A2,fortunate | blessed | favored,unlucky,እድለኛ (መልካም እድል የገጠመው),description | character
male,adjective,Relating to men or the sex that produces sperm.,The school has both male and female sports teams.,/ˈmeɪɫ/,A2,masculine | man,female | androgynous,ወንድ (የወንድ ጾታ ያለው),fashion | clothing
maximum,adjective,"As great, high, or intense as possible or permitted.",The maximum speed limit along this suburban avenue is forty miles per hour.,/ˈmæksəməm/,A2,highest | greatest | utmost | top,minimal | minimum,ከፍተኛው መጠን (ከሁሉም በላይ የሆነው የመጨረሻ ገደብ),food | dining
medium,adjective,"Of cooked meat, having the center warm and lightly pink.",The chef grilled the tender beefsteak to a perfect medium.,/ˈmidiəm/,A2,moderately cooked,immoderate | raw,መካከለኛ (በመጠኑ መካከል ያለ),food | dining
mental,adjective,Relating to the mind; involving the process of thinking.,Solving complex crossword puzzles supports lifelong mental agility.,/ˈmɛntəɫ/,A2,cognitive | cerebral | intellectual | psychological,physical,አእምሯዊ (ከአእምሮ አስተሳሰብ ጋር የተያያዘ),emotions | psychology
mild,adjective,"Of weather, moderately warm, not cold, and not harsh or severe.",The coastal town experiences pleasantly mild winters with little snow.,/ˈmaɪɫd/,A2,balmy | clement | temperate | gentle,intense,ቀለል ያለ | መጠነኛ (ኃይለኛ ያልሆነ፤ ለስላሳ),food | dining
minimum,adjective,"The least or smallest amount or quantity possible, achievable, or allowed.",Employees must be compensated at least the legal minimum wage.,/ˈmɪnəməm/,A2,lowest | smallest | least | bottom,maximal | maximum,ዝቅተኛው መጠን (ከሁሉም በታች የሆነው አነስተኛ ገደብ),description | character
modern,adjective,Relating to the present or recent times as opposed to the remote past.,The hospital features modern diagnostic machinery and digital systems.,/ˈmɑdɝn/,A2,contemporary | present-day | up-to-date,nonmodern,ዘመናዊ (በአሁኑ ዘመን የተሰራ ወይም የተፈጠረ),time | calendar
musical,adjective,Relating to music; set to or accompanied by music; having a pleasant sound.,The young girl showed remarkable musical talent from early childhood.,/ˈmjuzɪkəɫ/,A2,melodious | tuneful | harmonious,unmusical | unmelodious,የሙዚቃ (ከሙዚቃ መሳሪያዎች ወይም ከዜማ ጋር የተያያዘ),arts | culture
narrow,adjective,Of small width in relation to length; not wide.,The delivery van could not navigate the narrow medieval street.,/ˈnæɹoʊ/,A2,slender | constricted | tight,wide | broad-minded,ጠባብ (ወርዱ አነስተኛ የሆነ መንገድ ወይም በር),description | character
natural,adjective,Existing in or caused by nature; not made or caused by humankind.,Honey and lemon are effective natural remedies for soothing a cold.,/ˈnætʃɝəɫ/,A2,organic | native | unrefined,unnatural | artificial | supernatural,ተፈጥሯዊ (በሰው ያልተሰራ በተፈጥሮ ያለ),nature | science
necessary,adjective,"Required to be done, achieved, or present; needed; essential.",Clean water and shelter are necessary for human survival.,/ˈnɛsəˌsɛɹi/,A2,essential | required | vital | indispensable,unnecessary,አስፈላጊ (የግድ የሚያስፈልግ),description | character
negative,adjective,"Of a number or quantity, less than zero in value.",The weather forecast predicts negative five degrees Celsius tonight.,/ˈnɛɡətɪv/,A2,minus | sub-zero,neutral | positive | affirmative,አሉታዊ (መጥፎ ጎን ያለው፤ ወይም ተቃዋሚ),description | character
nervous,adjective,Easily agitated or alarmed; tending to be anxious.,He felt nervous before stepping onto the stage for his violin solo.,/ˈnɝvəs/,A2,anxious | edgy | jumpy | apprehensive,relaxed | untroubled | unexcited,የተረበሸ | የፈራ (በጭንቀትና በፍርሃት የሚርበደበድ),emotions | psychology
nice,adjective,Pleasant; agreeable; satisfactory; kind and polite.,It is very nice to meet you and welcome you to our community.,/ˈnaɪs/,A2,pleasant | agreeable | courteous | delightful,nasty,ደስ የሚል | ጥሩ (መልካም ጠባይ ያለው፤ የሚያስደስት),description | character
noisy,adjective,Making or given to making a lot of noise; clamorous.,"The downtown avenue was bustling, energetic, and exceptionally noisy.",/ˈnɔɪzi/,A2,loud | clamorous | boisterous | rowdy,quiet,ጫጫታ የበዛበት (ድምጽና ሁከት ያለበት),description | character
normal,adjective,"Conforming to a standard; usual, typical, or expected.",Her vital body temperature returned to a normal range after two days.,/ˈnɔɹməɫ/,A2,standard | typical | regular | natural,abnormal | paranormal,መደበኛ (የተለመደ፤ የተለየ ነገር የሌለው),description | character
norwegian,adjective,"Relating to Norway, its people, or its language.",The Norwegian coastal fishing fleet operates in pristine arctic waters.,/ˌnɔɹˈwidʒən/,A2,from Norway | Norse,,ኖርዌጂያዊ (ከኖርዌይ አገር ወይም ህዝብ ጋር የተያያዘ),communication
online,adjective,"Connected to, served by, or available through a system and especially a computer or telecommunications system.",Students registered for online classes through the university portal.,/ˈɔnˌɫaɪn/,A2,networked | connected | digital | web-based,off-line,ኦንላይን (በኢንተርኔት የተገናኘ),technology | digital
ordinary,adjective,With no special or distinctive features; normal; standard.,It began as an ordinary morning before the unexpected snowstorm arrived.,/ˈɔɹdəˌnɛɹi/,A2,normal | typical | average | common,extraordinary,ተራ | የተለመደ (ልዩ ባህሪ የሌለው መደበኛ),food | dining
other,adjective,Used to refer to a person or thing that is different or distinct.,She decided to wear her other pair of shoes.,/ˈəðɝ/,A2,different | alternate | additional,same,ሌላ (የተለየ ተጨማሪ ነገር ወይም ሰው),people | society
own,adjective,Belonging to oneself or itself and no other.,She dreams of opening her own independent floral design shop.,/ˈoʊn/,A2,personal | individual | private,impersonal,የራስ (የግል ይዞታ የሆነ),description | character
pale,adjective,Light in color or shade; containing little pigment.,His face looked visibly pale after recovering from a severe viral fever.,/ˈpeɪɫ/,A2,pallid | pasty | bleached | light,dark | strong | colorful,ፈዛዛ (ቀለሙ የደበዘዘ ወይም የነጣ ፊት),description | character
part-time,adjective,Employed for or involving only a portion of the standard working hours.,Many university students work part-time jobs during the academic semester.,/ˈpɑɹtˈtaɪm/,A2,fractional | half-time,full-time,የተወሰነ ሰዓት (ሙሉ ቀን ሳይሆን በትርፍ ሰዓት የሚሰራ),arts | culture
perfect,adjective,"Having all the required or desirable elements, qualities, or characteristics; flawless.",The clear blue morning presented perfect weather for a balloon ride.,/ˈpɝˌfɪkt/,A2,flawless | immaculate | ideal | faultless,imperfect,እንከን አልባ | ፍጹም (ምንም ጉድለት የሌለበት),society | law
physical,adjective,Relating to the body as opposed to the mind.,Regular physical activity improves both stamina and mood.,/ˈfɪzɪkəɫ/,A2,bodily | corporeal | somatic,mental,አካላዊ (ከሰውነት ወይም ከቁሳቁስ ጋር የተያያዘ),emotions | psychology
pleasant,adjective,Giving a sense of happy satisfaction or enjoyment; friendly and likable.,We enjoyed a pleasant afternoon stroll through the sunny botanical gardens.,/ˈpɫɛzənt/,A2,enjoyable | agreeable | delightful | charming,unpleasant,አስደሳች (ደስ የሚል ድባብ ወይም ጠባይ ያለው),emotions | psychology
pleased,adjective,Feeling or showing pleasure and satisfaction; contented.,The instructor was very pleased with the student's insightful essay.,/ˈpɫizd/,A2,content | satisfied | glad | delighted,displeased,የተደሰተ (በአንድ ነገር እርካታ ያገኘ),emotions | psychology
polish,adjective,"Relating to Poland, its people, or its language.",Chopin was an influential Polish pianist and romantic composer.,/ˈpɑɫɪʃ/,A2,from Poland,,ፖላንዳዊ (ከፖላንድ አገር ወይም ህዝብ ጋር የተገናኘ),communication
polite,adjective,Having or showing behavior that is respectful and considerate of other people.,The polite receptionist greeted every hotel visitor with a smile.,/pəˈɫaɪt/,A2,courteous | civil | well-mannered | respectful,impolite | uncivil,ጨዋ | ትሁት (ሰውን የሚያከብር መልካም ስነ-ምግባር ያለው),emotions | psychology
popular,adjective,"Liked, admired, or enjoyed by many people or by a particular person or group.",Soccer is the most popular sport across the African continent.,/ˈpɑpjəɫɝ/,A2,well-liked | favored | celebrated | famous,unpopular,ተወዳጅ | ዝነኛ (በብዙ ሰዎች ዘንድ ተቀባይነት ያለው),arts | culture
positive,adjective,"Of a number or quantity, greater than zero in value.",All integers entered into the formula must be positive numbers.,/ˈpɑzətɪv/,A2,plus | greater than zero,negative | neutral,አዎንታዊ (መልካም አስተሳሰብ ያለው፤ የሚያበረታታ),food | dining
possible,adjective,Able to be done or achieved; that may happen or exist.,"With diligent study, it is entirely possible to master a new language.",/ˈpɑsəbəɫ/,A2,feasible | achievable | viable | attainable,impossible | actual,ሊሆን የሚችል (የሚቻል፤ ተግባራዊ ሊሆን የሚችል),technology | digital
present,adjective,"Being in a particular place, especially at school or an event.",Every student was present when the teacher called morning attendance.,/ˈpɹɛzənt/,A2,attending | here | available,future | past | absent,ያለ | የአሁኑ (በአካል የተገኘ፤ ወይም የወቅቱ),education | academic
pretty,adjective,"Attractive in a delicate, graceful way.",She wore a pretty floral dress to the reception.,/ˈpɹɪti/,A2,lovely | attractive | charming,ugly | good,ቆንጆ (ማራኪና ውብ የሆነ),sports | recreation
quiet,adjective,Making little or no noise; peaceful and calm.,The library reading room is a delightfully quiet place to study.,/ˈkwaɪət/,A2,silent | peaceful | tranquil | hushed,unquiet | noisy | active,ጸጥተኛ (ጫጫታ የሌለው፤ ሰላማዊ),description | character
rare,adjective,"Of meat, cooked lightly so that the inside is still red and juicy.",He ordered his ribeye steak cooked rare with a side of greens.,/ˈɹɛɹ/,A2,underdone | lightly cooked,common | frequent | abundant,አልፎ አልፎ የሚገኝ | ብርቅ (በቀላሉ የማይገኝ ውድ ነገር),food | dining
real,adjective,Actually existing as a thing or occurring in fact; not imagined or supposed.,Ancient fossils provide real tangible evidence of prehistoric life.,/ˈɹiɫ/,A2,actual | genuine | authentic | factual,unreal | nominal | insubstantial,እውነተኛ (የተፈጠረ ሀሰት ያልሆነ፤ ህያው),description | character
relaxing,adjective,Helping one to rest and become less tense.,Listening to soft acoustic music is wonderfully relaxing.,/ɹiˈɫæksɪŋ/,A2,restful | calming | soothing | peaceful,restless,አእምሮን የሚያሳርፍ (የሚያረጋጋና ዘና የሚያደርግ),description | character
retired,adjective,Having left one's job and ceased to work through old age.,The retired university professor now spends his time writing memoirs.,/ɹiˈtaɪɝd/,A2,pensioned | superannuated,active,ጡረታ የወጣ (ስራውን በዕድሜ ምክንያት ያጠናቀቀ),description | character
round,adjective,Shaped like or approximately like a circle or cylinder.,She served breakfast on a large round wooden platter.,/ˈɹaʊnd/,A2,circular | spherical | curved | globular,square,ክብ (የኳስ ወይም የክብ ቅርጽ ያለው),technology | digital
rude,adjective,Offensively impolite or ill-mannered; discourteous.,It is rude to text on your cell phone while someone is speaking to you.,/ˈɹud/,A2,impolite | discourteous | insolent | uncivil,civil,ባለጌ (ያልተማረና አክብሮት የሌለው),society | law
rural,adjective,"In, relating to, or characteristic of the countryside rather than the town.",The government invested in rural road construction and clinic access.,/ˈɹʊɹəɫ/,A2,country | pastoral | rustic | agrarian,urban,የገጠር (ከከተማ ውጪ ያለ የእርሻ አካባቢ),description | character
safe,adjective,Protected from or not exposed to danger or risk; not causing harm.,It is safe to walk through our illuminated residential neighborhood at night.,/ˈseɪf/,A2,secure | protected | harmless | sound,dangerous | out,አስተማማኝ | ሰላማዊ (ከአደጋ ወይም ከጉዳት የጸዳ),emotions | psychology
salty,adjective,Tasting of or containing salt; seasoned with salt.,Pretzel snacks and potato chips are typically quite salty.,/ˈsɔɫti/,A2,brackish | briny | salted,fresh,ጨዋማ (የጨው ጣዕም የበዛበት),time | calendar
saudi,adjective,Relating to Saudi Arabia or its people.,The Saudi petroleum sector is an influential global energy exporter.,/ˈsaʊdi/,A2,from Saudi Arabia | Arabian,,ሳውዲያዊ (ከሳውዲ አረቢያ አገር ጋር የተያያዘ),people | society
scared,adjective,Fearful; frightened; full of alarm.,The little boy was scared of the loud howling wind outside.,/ˈskɛɹd/,A2,frightened | afraid | terrified | alarmed,unafraid,የፈራ (በፍርሃት የተሸበረ),emotions | psychology
scary,adjective,Frightening; causing fear or alarm.,"Walking through the dense, dark woods at night was rather scary.",/ˈskɛɹi/,A2,frightening | spooky | chilling | alarming,unalarming,አስፈሪ (ፍርሃት የሚፈጥር),emotions | psychology
serious,adjective,Demanding careful consideration; thoughtful and quiet in manner.,The students adopted a serious attitude when preparing for exams.,/ˈsɪɹiəs/,A2,solemn | grave | earnest | thoughtful,frivolous | playful,ቁምነገረኛ | ከባድ (ቀልድ የማያበዛ፤ ወይም አሳሳቢ ችግር),emotions | psychology
severe,adjective,"Of weather, conditions, or difficulties, very intense, harsh, or damaging.",Meteorologists warned farmers of an approaching severe winter blizzard.,/səˈvɪɹ/,A2,harsh | extreme | intense | fierce,mild | weak | fancy,ከባድ | ኃይለኛ (በጣም የበረታ ህመም ወይም ቅጣት),food | dining
shallow,adjective,Of little depth; not deep.,"Children can splash safely in the warm, shallow wading pool.",/ˈʃæɫoʊ/,A2,shoal | depthless | surface-level,deep,ጥልቀት የሌለው (ውሃው ጥልቀት የሌለው፤ ወይም ላዩን ብቻ የሚያይ),description | character
short,adjective,Measuring a small distance from end to end; lasting for a brief duration.,The teacher gave a short five-minute break between lectures.,/ˈʃɔɹt/,A2,brief | concise | fleeting,long | tall | retentive,አጭር (በቁመት ወይም በጊዜ ያጠረ),description | character
shy,adjective,Nervous or timid in the company of other people; bashful.,The shy little boy hid behind his mother when meeting new guests.,/ˈʃaɪ/,A2,timid | bashful | reserved | introverted,confident,አፋር (ከሰው ጋር ለመነጋገር የሚፈራ/የሚያፍር),business | finance
sick,adjective,Affected by physical or mental illness; unwell.,She stayed in bed drinking fluids because she was sick with the flu.,/ˈsɪk/,A2,ill | ailing | unwell,well,የታመመ (በህመም የሚሰቃይ),emotions | psychology
silver,adjective,"Made of or having the cool, shiny grayish-white luster of silver.",The moonlight reflected off the calm lake in shimmering silver ripples.,/ˈsɪɫvɝ/,A2,silvery | metallic | gray-white,nonmetallic | dull | chromatic,የብር (ከብር ማዕድን የተሰራ),description | character
similar,adjective,"Having a resemblance in appearance, character, or quantity, without being identical.",The two cars have a very similar design and color.,/ˈsɪməɫɝ/,A2,alike | comparable | resembling,dissimilar | unalike | unlike,ተመሳሳይ (ከሌላው ጋር የሚመሳሰል),technology | digital
simple,adjective,Easily understood or done; presenting no difficulty.,The recipe for vegetable salad is delightfully fresh and simple.,/ˈsɪmpəɫ/,A2,easy | straightforward | plain | uncomplicated,complex | compound,ቀላል (ውስብስብ ያልሆነ፤ ለመረዳት የማይከብድ),description | character
skinny,adjective,"Very thin, sometimes excessively so.",He was skinny as a teenager before he started lifting weights.,/ˈskɪni/,A2,thin | bony | scrawny,fat | plump | chubby | obese,በጣም ቀጭን (ስጋ የሌለው አጥንቱ የወጣ),time | calendar
slim,adjective,Gracefully thin; slender in build.,She maintains a healthy and slim figure through swimming.,/ˈsɫɪm/,A2,slender | trim | lean,fat | large | big,ቀጠን ያለ (የተስተካከለና ያማረ ቀጭን ቁመና ያለው),sports | recreation
social,adjective,Relating to society or its organization; needing companionship.,Humans are inherently social beings who thrive on mutual cooperation.,/ˈsoʊʃəɫ/,A2,communal | collective | civic | interpersonal,unsocial,ማህበራዊ (ከህዝብና ከማህበረሰብ ግንኙነት ጋር የተያያዘ),travel | transport
soft,adjective,"Easy to mold, cut, compress, or fold; not hard or firm to the touch.","The sofa was equipped with soft, plush velvet cushions.",/ˈsɑft/,A2,plush | tender | yielding | velvety,hard | loud | unvoiced,ለስላሳ (ለመንካት ምቹ የሆነ፤ ጠንካራ ያልሆነ),description | character
sour,adjective,Having an acid taste like lemon or vinegar; not sweet.,Unripe green apples have a noticeably sharp and sour flavor.,/ˈsaʊɝ/,A2,acidic | tart | bitter | tangy,sweet,ኮምጣጣ (እንደ ሎሚ የሚያኮመጥጥ),food | dining
special,adjective,"Better, greater, or otherwise different from what is usual; exceptional.",They prepared a special dinner menu for the graduation celebration.,/ˈspɛʃəɫ/,A2,exceptional | extraordinary | unique | distinctive,general | nonspecific | ordinary,ልዩ (ከተለመደው የተለየ ክብር ወይም ገጽታ ያለው),food | dining
spicy,adjective,"Flavored with or fragrant with spice; producing a hot, pungent sensation in the mouth.",Ethiopian stews seasoned with berbere pepper are deliciously spicy.,/ˈspaɪsi/,A2,peppery | hot | pungent | piquant,tasteless | unsexy,ቅመም የበዛበት (የሚያቃጥል በርበሬ ወይም ቅመም ያለው),food | dining
stormy,adjective,"Characterized by strong winds, heavy rain, or other severe weather.",The ferry was delayed due to stormy seas and gale-force gusts.,/ˈstɔɹmi/,A2,tempestuous | turbulent | squally | blustery,calm,አውሎ ንፋሳማ (ኃይለኛ ዝናብና ንፋስ ያለበት),food | dining
straight,adjective,Extending or moving uniformly in one direction only; without a curve or bend.,Drive in a straight line for two miles until you reach the highway.,/ˈstɹeɪt/,A2,direct | linear | unswerving,crooked | curly | coiled,ቀጥ ያለ (ያልተጣመመ ቀጥተኛ መስመር),description | character
strange,adjective,Unusual or surprising in a way that is unsettling or hard to understand.,A strange light flickered across the forest clearing at dusk.,/ˈstɹeɪndʒ/,A2,peculiar | odd | bizarre | eccentric,familiar | native,እንግዳ | ያልተለመደ (የማይታወቅና ግራ የሚያጋባ),fashion | clothing
stressful,adjective,"Causing mental or emotional stress, pressure, or anxiety.",Preparing for final semester exams can be intense and stressful.,/ˈstɹɛsfəɫ/,A2,taxing | demanding | nerve-wracking | anxious,agreeable,አስጨናቂ (ጭንቀትና ውጥረት የሚፈጥር),emotions | psychology
strong,adjective,Having the power to move heavy weights or perform other physically demanding tasks.,"Weightlifters develop strong arms, back, and leg muscles.",/ˈstɹɔŋ/,A2,powerful | muscular | robust | brawny,weak | impotent,ጠንካራ (ከፍተኛ ኃይል ወይም አቅም ያለው),health | medicine
successful,adjective,"Accomplishing an aim or purpose; having achieved popularity, profit, or distinction.",The startup became an exceptionally successful software business.,/səkˈsɛsfəɫ/,A2,prosperous | triumphant | flourishing | fruitful,unsuccessful,ስኬታማ (የታሰበውን ግብ ያሳካ),business | finance
surprised,adjective,Feeling or showing surprise; astonished.,She was pleasantly surprised to receive an award for her painting.,/səˈpɹaɪzd/,A2,astonished | amazed | startled | astounded,unsurprised,የተገረመ (ባልጠበቀው ክስተት የተደነቀ),emotions | psychology
surprising,adjective,Causing surprise; unexpected or astonishing.,It was surprising to see blooming roses in the middle of autumn.,/səˈpɹaɪzɪŋ/,A2,astonishing | unexpected | startling | remarkable,unsurprising,አስገራሚ (ያልተጠበቀ አስደናቂ ነገር),description | character
swedish,adjective,"Relating to Sweden, its people, or its language.",Swedish design is renowned for its minimalism and practical functionality.,/ˈswidɪʃ/,A2,from Sweden,,ስዊድናዊ (ከስዊድን አገር ወይም ህዝብ ጋር የተገናኘ),food | dining
sweet,adjective,Having the pleasant taste characteristic of sugar or honey.,Ripe summer strawberries are delightfully juicy and sweet.,/ˈswit/,A2,sugary | honeyed | syrupy,sour | dry | salty,ጣፋጭ (የስኳር ወይም የማር ጣዕም ያለው),food | dining
swiss,adjective,Relating to Switzerland or its people.,Traditional Swiss cheese is famous for its characteristic holes and rich taste.,/ˈswɪs/,A2,Helvetic | from Switzerland,,ስዊዘርላንዳዊ (ከስዊዘርላንድ አገር ጋር የተያያዘ),people | society
systematic,adjective,Done or acting according to a fixed plan or system; methodical.,Scientific research requires systematic observation and verified experiments.,/ˌsɪstəˈmætɪk/,A2,methodical | structured | orderly | organized,unsystematic,ስልታዊ (በስርዓትና በቅደም ተከተል የተደራጀ),description | character
talkative,adjective,Fond of or given to talking; communicative.,"He was a cheerful, talkative travel companion who shared great stories.",/ˈtɔkətɪv/,A2,chatty | loquacious | vocal | communicative,taciturn | discreet | uncommunicative,ወሬኛ (ብዙ ማውራት የሚወድ),communication
terrible,adjective,Extremely bad or serious; unpleasant.,The storm caused terrible damage to coastal houses and fishing boats.,/ˈtɛɹəbəɫ/,A2,dreadful | awful | horrific | catastrophic,unalarming | good | mild,አስከፊ | በጣም መጥፎ (እጅግ በጣም የሚያሳዝን ወይም የሚያስፈራ),description | character
thick,adjective,With opposite sides or surfaces that are a relatively great distance apart.,He put on a thick woolen sweater to protect against the bitter cold.,/ˈθɪk/,A2,chunky | heavy | dense | bulky,thin,ወፍራም (ውፍረቱ የበዛ),food | dining
third,adjective,Constituting number three in a sequence; coming after the second.,"She finished in third place, earning a bronze medal.",/ˈθɝd/,A2,tertiary,cardinal,ሶስተኛ (በደረጃ ሶስተኛ የሆነ),description | character
tight,adjective,Fitting closely or tightly around the body; not loose.,These new leather shoes are too tight across my toes.,/ˈtaɪt/,A2,snug | close-fitting | constricted,loose | leaky,የጠበቀ (በሰውነት ላይ አጥብቆ የያዘ ልብስ),health | medicine
tiny,adjective,Extremely small in size or amount.,A tiny bird rested upon the garden fence.,/ˈtaɪni/,A2,miniature | diminutive | petite,large | big,እጅግ በጣም ትንሽ (በመጠኑ በጣም አነስተኛ),description | character
tired,adjective,In need of sleep or rest; weary.,"After four intense quarters on the court, the players were visibly tired.",/ˈtaɪɝd/,A2,exhausted | fatigued | weary | worn out,rested,የደከመው (በስራ ወይም በእንቅስቃሴ የዛለ),fashion | clothing
tough,adjective,Strong enough to withstand adverse conditions or rough handling; resilient.,Hiking boots must be tough enough to handle rocky mountain trails.,/ˈtəf/,A2,resilient | durable | sturdy | hardy,tender,ጠንካራ | ከባድ (ለመስበር ወይም ለመስራት በጣም ከባድ የሆነ),description | character
turkish,adjective,"Relating to Turkey, its people, or its language.",Traditional Turkish black coffee is brewed slowly in a copper pot.,/ˈtɝkɪʃ/,A2,from Turkey | Ottoman,,ቱርካዊ (ከቱርክ አገር ወይም ህዝብ ጋር የተያያዘ),communication
uncomfortable,adjective,"Causing or feeling physical discomfort, awkwardness, or unease.",These stiff new dress shoes are uncomfortable to walk in.,/ənˈkəmfɝtəbəɫ/,A2,awkward | uneasy | cramped | painful,comfortable,ምቹ ያልሆነ (ለአካል ምቾት የማይሰጥ),emotions | psychology
uncommon,adjective,Out of the ordinary; unusual; rare.,It is uncommon to find snow in coastal desert regions.,/ənˈkɑmən/,A2,rare | unusual | scarce | extraordinary,common,ያልተለመደ (አልፎ አልፎ ብቻ የሚታይ),description | character
unfriendly,adjective,"Not friendly, polite, or welcoming; cold or hostile.","The clerk was cold, unfriendly, and reluctant to answer basic questions.",/ənˈfɹɛndɫi/,A2,hostile | cold | distant | aloof,friendly,ወዳጃዊ ያልሆነ (ፈገግታ የሌለው፤ ፊት የሚነሳ),people | society
unhappy,adjective,Not happy; feeling sorrowful or dissatisfied.,He was unhappy when his favorite team lost the soccer match.,/ənˈhæpi/,A2,sad | sorrowful | dejected | miserable,happy | euphoric,ደስተኛ ያልሆነ (በሀዘን ውስጥ ያለ),emotions | psychology
unhealthy,adjective,Harmful to health; not having or showing good health.,Eating deep-fried junk food daily is an unhealthy lifestyle choice.,/ənˈhɛɫθi/,A2,sickly | unwell | harmful | detrimental,healthy,ጤናማ ያልሆነ (ለጤና ጎጂ የሆነ),health | medicine
unimportant,adjective,"Lacking in significance, value, or importance; trivial.",Do not waste valuable time worrying about minor and unimportant details.,/ənɪmˈpɔɹtənt/,A2,trivial | minor | inconsequential | petty,important | significant,ጠቃሚ ያልሆነ (ዋጋ የሌለው፤ ተራ ነገር),description | character
unintelligent,adjective,Not showing or having much intelligence; foolish.,Making hasty assumptions without examining facts is an unintelligent approach.,/ˌʌnɪnˈtɛlɪdʒənt/,A2,foolish | senseless | dim,intelligent,አስተዋይ ያልሆነ (የማሰብ አቅሙ ደካማ የሆነ),description | character
unique,adjective,Being the only one of its kind; unlike anything else.,Each human fingerprint possesses an entirely unique pattern.,/juˈnik/,A2,distinctive | one-of-a-kind | singular | peerless,comparable | general | multiple,ልዩ | አቻ የሌለው (አንድ ብቻ የሆነ፤ ተመሳሳይ የሌለው),description | character
unknown,adjective,"Not known or familiar; not discovered, explored, or identified.",The identity of the anonymous poet remained completely unknown.,/ənˈnoʊn/,A2,obscure | unfamiliar | unidentified | secret,known,የማይታወቅ (ስሙ ወይም ማንነቱ ያልታወቀ),description | character
unlucky,adjective,"Having, bringing, or resulting from bad luck; unfortunate.",The team was unlucky to lose the match in the final minute.,/ənˈɫəki/,A2,unfortunate | ill-fated | hapless,lucky,እድለ-ቢስ (መጥፎ እድል የገጠመው),description | character
unnecessary,adjective,Not needed; more than is necessary; superfluous.,Avoid spending money on unnecessary luxury items while studying.,/ənˈnɛsəˌsɛɹi/,A2,superfluous | redundant | nonessential | needless,necessary,አላስፈላጊ (የማያስፈልግ ትርፍ ነገር),description | character
unpleasant,adjective,"Causing discomfort, unhappiness, or revulsion; disagreeable.","The damp basement had an unpleasant, musty odor.",/ənˈpɫɛzənt/,A2,disagreeable | nasty | offensive | foul,pleasant,የማያስደስት (የሚያስጠላ ወይም የሚያበሳጭ),technology | digital
unpopular,adjective,Not liked or popular; causing public dissatisfaction.,The government enacted an unpopular municipal tax on fuel.,/ˌənˈpɑpjəɫɝ/,A2,disliked | unloved | shunned,popular,ተወዳጅ ያልሆነ (በህዝብ ዘንድ ተቀባይነት ያጣ),description | character
unsafe,adjective,Not safe; dangerous or likely to cause harm or catastrophe.,The dilapidated wooden suspension bridge is structurally unsafe to cross.,/ənˈseɪf/,A2,dangerous | hazardous | perilous | risky,secure | safe,አደገኛ (አስተማማኝ ያልሆነ),emotions | psychology
unusual,adjective,Not habitually or commonly occurring or done; remarkable.,It was unusual to see heavy snowfall during late spring.,/ənˈjuˌʒuəɫ/,A2,rare | uncommon | extraordinary | strange,usual | familiar,ያልተለመደ (ከተለመደው ወጣ ያለ),communication
unwell,adjective,Ill; sick; not in good physical health.,She stayed home from school because she felt dizzy and unwell.,/ənˈwɛɫ/,A2,sick | ill | ailing | indisposed,well,የታመመ (ጤናው የተዛባ),health | medicine
up for sale,adjective,Available to be bought by a purchaser.,The charming countryside stone cottage is now officially up for sale.,/ˈəp ˈfɔɹ ˈseɪɫ/,A2,on the market | available | for sale,,ለሽያጭ የቀረበ (ሊሸጥ ገበያ ላይ የወጣ),description | character
urban,adjective,"In, relating to, or characteristic of a town or city.",Urban transit planning aims to minimize commuter traffic jams.,/ˈɝbən/,A2,metropolitan | city | civic | municipal,rural,የከተማ (ከከተማ ኑሮ ጋር የተገናኘ),description | character
usual,adjective,Habitually or typically occurring or done; customary.,She sat at her usual desk in the corner of the reading room.,/ˈjuʒəwəɫ/,A2,customary | typical | standard | normal,unusual,የተለመደ (ሁልጊዜ የሚሆን),description | character
vietnamese,adjective,"Relating to Vietnam, its people, or its language.","Vietnamese noodle soup, known as pho, is flavorful and aromatic.",/viˌɛtnɑˈmis/,A2,from Vietnam,,ቪየትናማዊ (ከቪየትናም አገር ወይም ህዝብ ጋር የተያያዘ),communication
warm,adjective,Of or at a fairly or comfortably high temperature; pleasantly hot.,A warm bowl of vegetable soup is comforting on a chilly evening.,/ˈwɔɹm/,A2,balmy | mild | pleasant | heated,cool,ሞቅ ያለ (ደስ የሚል ሙቀት ያለው),description | character
watery,adjective,Containing too much water; thin or pale in liquid taste.,The tomato soup was watery because it was diluted with too much broth.,/ˈwɔtɝi/,A2,diluted | runny | thin | insipid,dry | gaseous | undiluted,ውሃማ (የቀጠነ፤ ውሃ የበዛበት),food | dining
wavy,adjective,Having slight curls or waves; not straight.,His wavy brown hair looked neat and well-groomed.,/ˈweɪvi/,A2,undulating | curly | flowing,straight | even,ሞገዳማ (እንደ ባህር ሞገድ የተወዛወዘ ፀጉር),description | character
weak,adjective,Lacking the power to perform physically demanding tasks; lacking strength.,He felt tired and weak while recovering from the viral illness.,/ˈwik/,A2,frail | feeble | delicate | faint,strong,ደካማ (አቅም ወይም ጥንካሬ የሌለው),health | medicine
weird,adjective,Suggesting something supernatural; uncanny; strange and unusual.,We heard a weird tapping noise coming from the attic at midnight.,/ˈwɪɹd/,A2,strange | bizarre | peculiar | odd,natural | familiar,እንግዳ | ግራ የሚያጋባ (ከተለመደው ውጪ የሆነ እንግዳ ነገር),description | character
well,adjective,In good health; not ill.,"After taking the prescribed medicine and resting, he is completely well.",/ˈwɛɫ/,A2,healthy | fit | robust | sound,ill,ደህና | ጤነኛ (በጥሩ ጤና ላይ ያለ),health | medicine
well-done,adjective,"Of meat, cooked thoroughly throughout with no pinkness remaining.",She prefers her grilled burger patty cooked well-done.,/ˌwɛl ˈdʌn/,A2,thoroughly cooked,raw,በደንብ የበሰለ (ስጋው በደንብ ጠብሶ የበሰለ),food | dining
wet,adjective,Covered or saturated with water or another liquid; rainy.,Walk carefully across the wet stone steps after the downpour.,/ˈwɛt/,A2,rainy | soaked | damp | moist,dry,እርጥብ (በውሃ የራሰ),nature | science
whole,adjective,All of; entire; in an unbroken or undamaged state.,She read the whole book in a single quiet afternoon.,/ˈhoʊɫ/,A2,entire | complete | total | undivided,fractional | half,ሙሉ (ያልተከፈለ፤ ሙሉ ነገር),society | law
wide,adjective,Of great or more than average width; broad.,The avenue is wide enough to accommodate four traffic lanes.,/ˈwaɪd/,A2,broad | expansive | spacious,narrow,ሰፊ (ወርዱ ትልቅ የሆነ),food | dining
wild,adjective,Living or growing in the natural environment; not domesticated or cultivated.,Rangers track herds of wild buffalo across the expansive open savanna.,/ˈwaɪɫd/,A2,untamed | feral | native,tame,የዱር (በጫካ የሚኖር ያልተገራ እንስሳ),nature | science
windy,adjective,Characterized by a great deal of wind; breezy.,"It was a windy autumn afternoon, perfect for flying colorful paper kites.",/ˈwaɪndi/,A2,breezy | gusty | blowy | blustery,calm | dystopian | slow,ንፋሻማ (ኃይለኛ ንፋስ የሚነፍስበት),food | dining
wonderful,adjective,"Inspiring delight, pleasure, or admiration; extremely good; marvelous.",We spent a wonderful afternoon relaxing together in the sunshine.,/ˈwəndɝfəɫ/,A2,marvelous | magnificent | splendid | fantastic,ordinary,ድንቅ | አስደናቂ (እጅግ በጣም የሚያስደስት),description | character
worn-out,adjective,"Damaged, tattered, or thin through long and sustained use.",He discarded his worn-out running sneakers and bought a fresh pair.,/ˌwɔːrn ˈaʊt/,A2,tattered | threadbare | ragged | battered,new | rested,ያረጀ (በአገልግሎት ብዛት ያለቀ እቃ ወይም ልብስ),description | character
worried,adjective,Feeling anxious and troubled about actual or potential problems.,Parents grow worried when their children arrive home late from school.,/ˈwɝid/,A2,anxious | apprehensive | concerned | uneasy,untroubled | easy,የተጨነቀ (በስጋትና በጭንቀት ውስጥ ያለ),emotions | psychology
about,preposition,On the subject of; concerning.,We read an insightful article about ancient architecture.,/əˈbaʊt/,A2,concerning | regarding | on,,ስለ | በ... ዙሪያ (ስለ አንድ ጉዳይ የሚመለከት፤ ወይም በግምት),grammar | structure
against,preposition,In opposition to; in contact with.,He leaned his bicycle against the brick garden wall.,/əˈɡeɪnst/,A2,opposed to | counter to | adjoining,,በ... ላይ | ተቃራኒ (አንድን ነገር በመቃወም፤ ወይም ተደግፎ),grammar | structure
apart from,preposition,Except for; in addition to.,"Apart from a brief shower, the weekend weather was glorious.",/əˈpɑɹt ˈfɹəm/,A2,aside from | except for | besides,,ከ... ውጭ | በቀር (ከተጠቀሰው ነገር በስተቀር),arts | culture
around,preposition,Located or moving on every side of; surrounding.,The children sat in a circle around the campfire.,/ɝˈaʊn/,A2,surrounding | encircling | about,,በ... ዙሪያ | አካባቢ (በአንድ ነገር ዙሪያ፤ ወይም በግምት),grammar | structure
by,preposition,"Identifying the agent performing an action, or indicating proximity.",The classic portrait was painted by an accomplished artist.,/ˈbaɪ/,A2,via | through | beside | near,,በ... በኩል | አማካኝነት (አድራጊውን ወይም መንገዱን አመልካች),grammar | structure
during,preposition,Throughout the course or duration of a period of time.,She took diligent notes during the morning biology lecture.,/ˈdɝɪŋ/,A2,throughout | in the course of,,በ... ወቅት | ጊዜ (አንድ ክስተት በሚከናወንበት ጊዜ ውስጥ),time | calendar
except,preposition,Not including; other than.,The library is open every day except Sunday.,/ɪkˈsɛpt/,A2,apart from | but | excluding,,ከ... በስተቀር | ሳይጨምር (ከተጠቀሰው ውጪ ያለ),grammar | structure
for,preposition,"Having as an intended recipient, destination, or purpose.",She bought a colorful illustrated storybook for her niece.,/ˈfɔɹ/,A2,intended for | on behalf of,,ለ | ለ... ሲባል (አላማን፣ ተጠቃሚን ወይም ምክንያት አመልካች),travel | transport
from,preposition,Indicating the point in space or time at which a journey or action starts.,The bus runs from the airport directly to the city center.,/ˈfɹəm/,A2,starting at | out of,,ከ (መነሻ ቦታን፣ ጊዜን ወይም ሰውን አመልካች),travel | transport
inside,preposition,Situated or moving with bounds of an enclosure.,Keep the delicate books inside the protective cabinet.,/ˈɪnˌsaɪd/,A2,within | interior to,,ውስጥ (በአንድ ነገር ወይም ህንፃ ውስጠኛ ክፍል),grammar | structure
of,preposition,Expressing the relationship between a part and a whole.,She drank a cold glass of fresh water.,/ˈəv/,A2,belonging to | containing,,የ (ባለቤትነትን ወይም የአንድን ነገር ምንጭ አመልካች),travel | transport
than,preposition,Used in expressions introducing a comparison.,The mountain trail was steeper than we anticipated.,/ˈðæn/,A2,in comparison with,,ከ... ይልቅ (በንጽጽር ጊዜ የሚያገለግል ቃል),communication
through,preposition,Moving in one side and out of the other side of an opening or location.,The sunlight streamed through the bedroom window.,/ˈθɹu/,A2,across | traversing | via,,በ... ውስጥ አቋርጦ (በአንድ ነገር መሀል አቋርጦ ማለፍ),grammar | structure
until,preposition,Up to the point in time or that event mentioned.,We waited at the railway platform until the train arrived.,/ənˈtɪɫ/,A2,till | up to,,እስከ... ድረስ (የተወሰነ ጊዜ ወይም ክስተት እስኪደርስ ድረስ),fashion | clothing
although,conjunction,In spite of the fact that; even though.,"Although the climb was steep, they reached the summit safely.",/ˌɔɫˈðoʊ/,A2,even though | though | despite the fact that,,ምንም እንኳን | ቢሆንም (ተቃራኒ እውነታን ለማስገባት የሚያገለግል),fashion | clothing
and,conjunction,"Used to connect words of the same part of speech, clauses, or sentences.",We ordered soup and toasted bread for dinner.,/ˈænd/,A2,plus | along with | as well as,,እና (ሁለት ቃላትን ወይም አረፍተ-ነገሮችን የሚያያይዝ),arts | culture
as,conjunction,Used to indicate that something happens during the time when something else is taking place.,She waved to her friends as the train pulled away.,/ˈæz/,A2,while | when | since | because,,እንደ | በ... ጊዜ (ተመሳሳይነትን ወይም ጊዜን አመልካች),technology | digital
because,conjunction,For the reason that; since.,He wore a heavy overcoat because the winter wind was biting cold.,/bɪˈkɑz/,A2,since | as | seeing that,,ምክንያቱም (የአንድን ነገር ምክንያት ለማስረዳት),fashion | clothing
but,conjunction,Used to introduce a phrase or clause contrasting with what has already been mentioned.,"The test was difficult, but every student passed.",/ˈbət/,A2,yet | however | nevertheless,,ነገር ግን | ግን (ተቃራኒ ሀሳብን ለማቅረብ),fashion | clothing
either,conjunction,Used before the first of two (or more) alternatives that are being presented.,You can travel either by municipal bus or by subway.,/ˈaɪðɝ/,A2,one or the other,,ወይ ... ወይም (ከሁለት አማራጮች አንዱን ለመምረጥ),fashion | clothing
if,conjunction,Introducing a conditional clause on the condition that.,"If it rains tomorrow, we will study inside the library.",/ˈɪf/,A2,provided that | in case | supposing,,ከሆነ | ቢሆን (ሁኔታዊ ቅድመ-ሁኔታን አመልካች),fashion | clothing
nor,conjunction,Used before the second or further of two or more negative alternatives.,He neither complained nor showed any sign of fatigue.,/ˈnɔɹ/,A2,neither | and not,,ወይም (በአሉታዊ አረፍተ-ነገር ሌላውንም ለመካድ),grammar | structure
once,conjunction,As soon as; when.,"Once the rain stops, we will resume our soccer game.",/ˈwəns/,A2,as soon as | the moment that,,ልክ እንዳደረገ ወዲያውኑ (አንድ ነገር ከተፈጠረ በኋላ ወዲያውኑ),grammar | structure
or,conjunction,Used to link alternatives.,Would you prefer black coffee or fresh orange juice?,/ˈɔɹ/,A2,alternatively | either,,ወይም (አማራጭን ለማቅረብ የሚያገለግል),grammar | structure
since,conjunction,For the reason that; because; from a past time until now.,"Since the weather is sunny, let us walk through the park.",/ˈsɪns/,A2,because | as | seeing that,,ከ... ጀምሮ | ስለሆነ (የጊዜ መነሻን ወይም ምክንያትን አመልካች),fashion | clothing
so,conjunction,And for this reason; therefore.,"The rain was heavy, so we decided to stay indoors.",/ˈsoʊ/,A2,therefore | thus | consequently,,ስለዚህ | በመሆኑም (ውጤትን ለማሳወቅ የሚያገለግል),grammar | structure
though,conjunction,Despite the fact that; although.,"Though he was exhausted, he completed his homework.",/ˈðoʊ/,A2,although | even though,,ምንም እንኳን (ቢሆንም እንኳን),fashion | clothing
whenever,conjunction,At whatever time; on whatever occasion.,"Whenever you visit the capital, please come stay with us.",/hwɛˈnɛvɝ/,A2,at any time that | each time that,,በማንኛውም ጊዜ (አንድ ነገር በተከሰተ ቁጥር),fashion | clothing
whereas,conjunction,In contrast or comparison with the fact that.,"Her brother enjoys mathematics, whereas she prefers literature.",/hwɛˈɹæz/,A2,while | on the contrary,,በተቃራኒው ግን (የሁለት ነገሮችን ልዩነት ለማነጻጸር),fashion | clothing
whether,conjunction,Expressing a doubt or choice between alternatives.,He was unsure whether to travel by train or by bus.,/ˈhwɛðɝ/,A2,if,,ቢሆንም ባይሆንም (ሁለት አማራጮችን ለማመላከት),communication
yet,conjunction,But at the same time; but nevertheless.,"The morning was cold, yet the winter sky was cloudless.",/ˈjɛt/,A2,nevertheless | however | but,,ሆኖም ግን | ገና (እስካሁን ያልተፈጸመ፤ ወይም ይሁን እንጂ),time | calendar
a.m,adverb,In the period from midnight to noon (ante meridiem).,The university lecture commences promptly at nine a.m. every Monday.,/ˌeɪ ˈɛm/,A2,ante meridiem | in the morning,,ከእኩለ ሌሊት እስከ ቀትር (ጠዋት ያለውን ሰዓት አመልካች),time | calendar
abroad,adverb,In or to a foreign country or countries.,She spent an unforgettable academic semester studying abroad in France.,/əˈbɹɔd/,A2,overseas | in foreign lands | out of the country,,ወደ ውጭ አገር (ከአገር ውጪ ባሉ ሌሎች አገራት),travel | transport
actually,adverb,As the truth or facts of a situation; really.,He actually finished the entire book in a single day.,/ˈækˌtʃuəɫi/,A2,really | truly | in fact | genuinely,,በእውነቱ (ትክክለኛውን እውነታ ለማስረዳት),manner | context
ah,adverb,"Expressing a range of emotions including surprise, delight, or realization.","Ah, now I understand how this mathematical formula works.",/ˈɑ/,A2,aha | oh | indeed,,አሃ! (መገረምን ወይም መረዳትን መግለጫ ቃል),emotions | psychology
ahead,adverb,Further forward in space or time; in the lead.,The path continued through the woods straight ahead.,/əˈhɛd/,A2,forward | in front | in advance,back | backward,ወደ ፊት (በፊት ለፊት አቅጣጫ),time | calendar
all right,adverb,Satisfactory; in a satisfactory condition; used to express agreement.,"All right, let us pack our bags and head to the airport.",/ˈɔɫ ˈɹaɪt/,A2,okay | fine | agreed | satisfactory,,እሺ | ደህና (ስምምነትን ወይም ደህንነትን መግለጫ),communication
almost,adverb,Not quite; very nearly.,"The semester is almost over, and exams will begin soon.",/ˈɔɫˌmoʊst/,A2,nearly | practically | virtually | well-nigh,,ሊባል በሚችል ደረጃ | ሊጠናቀቅ ጥቂት የቀረው (በጣም የቀረበ),manner | context
alone,adverb,Having no one else present; on one's own.,He walked alone through the quiet botanical garden at dusk.,/əˈɫoʊn/,A2,solitary | solo | unaccompanied | by oneself,,ብቻውን (ያለ ማንም ሰው ብቻውን ያለ),manner | context
also,adverb,In addition; too; besides.,She speaks English and can also converse in Italian.,/ˈɔɫsoʊ/,A2,too | as well | additionally | besides,,እንዲሁም (በተጨማሪ ያለ ሌላ ነገር),manner | context
anytime,adverb,At any time whatsoever; whenever.,Feel free to call me anytime if you require assistance.,/ˈɛniˌtaɪm/,A2,whenever | at any hour,,በማንኛውም ጊዜ (የፈለጉበት ሰዓት),fashion | clothing
at last,adverb,"In the end, after much delay or difficulty; finally.",The winter storm subsided and at last the sun appeared.,/ˈæt ˈɫæs/,A2,finally | in the end | ultimately,,በስተመጨረሻ (ከብዙ ጥበቃ በኋላ),manner | context
at least,adverb,Not less than; at the minimum.,Adults should drink at least two liters of water daily.,/ˈæt ˈɫist/,A2,minimum | at the lowest estimate,,ቢያንስ (ዝቅተኛውን መጠን አመልካች),manner | context
calmly,adverb,"In a quiet, peaceful, and non-agitated manner.",She handled the difficult customer inquiry politely and calmly.,/ˈkɑɫmɫi/,A2,peacefully | serenely | placidly | coolly,,በመረጋጋት (ያለ ንዴት ወይም ድንጋጤ),manner | context
carefully,adverb,"In a way that deliberately avoids harm, errors, or mistakes; attentively.",Read the laboratory instructions carefully before mixing substances.,/ˈkɛɹfəɫi/,A2,attentively | cautiously | prudently | meticulously,incautiously | carelessly,በጥንቃቄ (ስህተት እንዳይፈጠር በጥንቃቄ),travel | transport
completely,adverb,Totally; utterly; to the fullest possible degree.,The river froze completely solid during the midwinter freeze.,/kəmˈpɫitɫi/,A2,totally | entirely | wholly | absolutely,partly,ሙሉ በሙሉ (ሳይጓደል በሙሉ),education | academic
daily,adverb,Every day; done or occurring once every day.,He practices English vocabulary and reading exercises daily.,/ˈdeɪɫi/,A2,every day | per day | day by day,,በየቀኑ (ዕለታዊ),time | calendar
early,adverb,Happening or done before the usual or expected time; near the beginning of a period.,She woke up early to watch the golden sunrise over the lake.,/ˈɝɫi/,A2,ahead of time | in advance | promptly,late,ማልዶ | ቀድሞ (ከተለመደው ሰዓት ቀድሞ),technology | digital
easily,adverb,Without difficulty or effort; effortlessly.,A fluent bilingual speaker can easily translate between languages.,/ˈizəɫi/,A2,effortlessly | smoothly | readily,,በቀላሉ (ያለ ምንም ችግር ወይም ድካም),manner | context
especially,adverb,"Used to single out one person, thing, or situation over all others; particularly.","She enjoys outdoor sports, especially volleyball and swimming.",/əˈspɛʃəɫi/,A2,particularly | notably | specifically,,በተለይ (ለአንድ ነገር ልዩ ትኩረት ሲሰጥ),arts | culture
exactly,adverb,Used to emphasize the accuracy of a figure or description; precisely.,The clock struck exactly twelve as the train arrived.,/ɪɡˈzæktɫi/,A2,precisely | accurately | correctly,imprecisely | inexactly,በትክክል (ልክ እንዳለ በትክክል),manner | context
extremely,adverb,To a very great degree; exceedingly.,Rock climbing without protective equipment is extremely hazardous.,/ɛkˈstɹimɫi/,A2,exceedingly | exceptionally | immensely | intensely,,እጅግ በጣም (በጣም ከፍተኛ በሆነ ደረጃ),education | academic
fairly,adverb,To a moderately high degree; quite.,The apartment is fairly quiet despite being close to the avenue.,/ˈfɛɹɫi/,A2,reasonably | moderately | tolerably | quite,unreasonably | immoderately | unfairly,በተወሰነ መልኩ | በፍትሃዊነት (መጠነኛ በሆነ ደረጃ),education | academic
finally,adverb,"After a long time, typically involving difficulty or delay; at last.","After three hours of hiking, they finally reached the cabin.",/ˈfaɪnəɫi/,A2,at last | in the end | ultimately | eventually,,በመጨረሻም (ከረጅም ጊዜ በኋላ),time | calendar
generally,adverb,In most cases; usually; as a general rule.,Summer mornings are generally mild and clear in this valley.,/ˈdʒɛnɝəɫi/,A2,usually | typically | normally | as a rule,specifically | narrowly,በአጠቃላይ (በአብዛኛው),manner | context
go to bed,adverb,To lie down in bed with the intention of going to sleep.,It is wise to go to bed at a regular hour every night.,/ˈɡoʊ ˈtu ˈbɛd/,A2,retire | hit the hay | turn in,,መተኛት (ወደ አልጋ ሄዶ ማረፍ),home | living
greatly,adverb,By a considerable amount; very much.,Reading widely will greatly improve your vocabulary skills.,/ˈɡɹeɪtɫi/,A2,immensely | substantially | considerably | hugely,,በከፍተኛ ደረጃ (በጣም በሰፊው),food | dining
hey,adverb,"Used to attract attention, to express surprise, interest, or as an informal greeting.","Hey, have you seen my notebook on the library desk?",/ˈheɪ/,A2,hello | hi | listen,,ሄይ! (የሰላምታ ወይም ትኩረት መሳቢያ ቃል),communication
immediately,adverb,At once; instantly; without any intervening time.,"When the fire alarm sounded, everyone evacuated the building immediately.",/ˌɪˈmiˌdiətɫi/,A2,at once | instantly | right away | promptly,,ወዲያውኑ (ያለ ምንም መዘግየት በቅጽበት),time | calendar
just,adverb,Exactly; only; a very short time ago.,The bus just departed from the station two minutes ago.,/ˈdʒəst/,A2,barely | recently | scarcely | purely,,ልክ አሁን | ብቻ (በቅርብ ቅጽበት፤ ወይም ያ ብቻ),time | calendar
last,adverb,On the most recent occasion; immediately before the present.,When did you last speak with your family in the countryside?,/ˈɫæs/,A2,most recently | previously,,የመጨረሻ (ከሁሉም በኋላ),manner | context
late,adverb,"Doing something or taking place after the expected, proper, or usual time.",The passenger train arrived fifteen minutes late due to heavy snow.,/ˈɫeɪt/,A2,belatedly | tardily | behind time,early,ዘግይቶ (ከተገቢው ሰዓት ዘግይቶ),time | calendar
later,adverb,At a time in the future or after a time already mentioned.,"I have class right now, but I will phone you back later.",/ˈɫeɪtɝ/,A2,subsequently | afterward | in time,,በኋላ (ከዚህ ሰዓት በኋላ),time | calendar
loudly,adverb,With a great deal of volume; in a way that produces much noise.,The audience cheered loudly as the performers took their final bows.,/ˈɫaʊdɫi/,A2,noisily | deafeningly | boisterously,softly | piano,በከፍተኛ ድምጽ (ድምጽን ከፍ አድርጎ በመጮህ),food | dining
maybe,adverb,Perhaps; possibly; used to indicate uncertainty.,Maybe we can visit the art museum on Saturday afternoon.,/ˈmeɪbi/,A2,perhaps | possibly | feasibly,,ምናልባት (እርግጠኛ ያልሆነ ግምት),manner | context
monthly,adverb,Once a month; occurring or published every calendar month.,Tenants pay their apartment rent and utility bills monthly.,/ˈmənθɫi/,A2,every month | per month,,በየወሩ (ወርሃዊ),time | calendar
oh,adverb,"Used to express a range of emotions such as surprise, disappointment, or understanding.","Oh, I did not realize you were waiting outside in the rain.",/ˈoʊ/,A2,oops | well,,ኦ! (መደነቅን ወይም ስሜትን መግለጫ ቃል),emotions | psychology
on time,adverb,Punctual; arriving or occurring at the officially scheduled time.,"Despite the snowy roads, the morning school bus arrived on time.",/ˈɑn ˈtaɪm/,A2,punctual | on schedule | prompt,,በሰዓቱ (ሳይረፍድ በትክክለኛው ሰዓት),time | calendar
only,adverb,No more than; merely; just.,Tickets for the evening concert cost only ten dollars.,/ˈoʊnɫi/,A2,merely | solely | just | simply,,ብቻ (ያ ብቻ የተወሰነ),manner | context
out,adverb,Away from home or one's usual place; outdoors.,The children went out to play in the sunny park.,/ˈaʊt/,A2,outdoors | outside | away,,ውጭ (ከቤት ወይም ከቦታ ውጭ),home | living
p.m,adverb,In the period from noon to midnight (post meridiem).,The public library doors close at seven p.m. on weekdays.,/ˌpiː ˈɛm/,A2,post meridiem | in the afternoon/evening,,ከሰዓት በኋላ (ከቀትር እስከ እኩለ ሌሊት ያለ ሰዓት),time | calendar
physically,adverb,In a manner relating to the body as opposed to the mind.,Athletes must be physically fit to complete a marathon.,/ˈfɪzɪkəɫi/,A2,bodily | corporeally,,በአካል (በአካል በመገኘት ወይም በአካላዊ ሁኔታ),emotions | psychology
probably,adverb,Almost certainly; as far as one knows or can tell.,The morning train will probably arrive five minutes early.,/ˈpɹɑbəˌbɫi/,A2,likely | in all likelihood | presumptively,incredibly,ምናልባት | ሳይሆን አይቀርም (ሊሆን የሚችልበት ዕድል ሰፊ የሆነ),manner | context
quite,adverb,To the utmost or most absolute extent or degree; completely; fairly.,The university library is quite peaceful and conducive to study.,/ˈkwaɪt/,A2,rather | fairly | considerably | completely,,በጣም | መጠነኛ (በደንብ የሚታይ ደረጃ ያለው),education | academic
rather,adverb,To a certain or significant extent or degree.,The library reading room was rather chilly in the early morning.,/ˈɹæðɝ/,A2,fairly | quite | somewhat | relatively,,ይልቁንም (ከአንዱ ይልቅ ሌላውን መምረጥ),education | academic
recently,adverb,At a recent time; not long ago.,She recently graduated with honors from the state university.,/ˈɹisənɫi/,A2,lately | of late | just now,,በቅርቡ (ብዙ ሳይቆይ በቅርብ ቀናት የተከናወነ),time | calendar
sadly,adverb,In a sorrowful or regretful manner; unfortunately.,"Sadly, the historic wooden library burned during the fire.",/ˈsædɫi/,A2,sorrowfully | regretfully | mournfully | unfortunately,happily,በሚያሳዝን ሁኔታ (ሀዘን በተሞላበት መንገድ),emotions | psychology
slowly,adverb,At a slow speed; not quickly.,The massive ferry moved slowly into the busy harbor.,/ˈsɫoʊɫi/,A2,unhurriedly | leisurely | sluggishly | gradually,quickly,ቀስ ብሎ (በዝግታ),manner | context
still,adverb,Up to and including the present or the time mentioned; even now.,The patient is still recovering under doctor's care in the hospital.,/ˈstɪɫ/,A2,yet | even now | nonetheless,no longer,አሁንም ድረስ (ሳይለወጥ የቀጠለ),time | calendar
suddenly,adverb,Quickly and unexpectedly; without warning.,The clear afternoon sky darkened suddenly as thunder echoed.,/ˈsədənɫi/,A2,abruptly | unexpectedly | all of a sudden,,በድንገት (ያልታሰበ ፈጣን ክስተት),manner | context
take care,adverb,Used as an expression of good wishes on parting; be cautious.,"Goodbye, have a safe journey, and take care of yourself.",/ˈteɪk ˈkɛɹ/,A2,be safe | look after oneself | farewell,,ደህና ሁን / ተጠንቀቅ (የመሰናበቻ ወይም የጥንቃቄ ምኞት),travel | transport
then,adverb,At that time; after that; next; in that case.,"Finish your homework first, and then you may watch television.",/ˈðɛn/,A2,next | afterward | subsequently | thereupon,,ያን ጊዜ | ከዚያ በኋላ (ያኔ፤ ወይም በመቀጠል),fashion | clothing
today,adverb,On or in the course of the present day.,We have a lively group discussion scheduled in class today.,/təˈdeɪ/,A2,this day | at present | nowadays,,ዛሬ (የአሁኑ ቀን),time | calendar
together,adverb,With or in proximity to another person or people; as a combined group.,The study group collaborated together on the history presentation.,/təˈɡɛðɝ/,A2,jointly | collectively | mutually,,በአንድነት | አብረው (ተባብረው),people | society
tomorrow,adverb,On the day after today.,The morning train will depart for the capital city tomorrow.,/təˈmɑˌɹoʊ/,A2,the next day | the following day,,ነገ (ከዛሬ ቀጥሎ ያለው ቀን),time | calendar
tonight,adverb,On the present night or during the evening of today.,The astronomy club meets on the hill to observe the stars tonight.,/təˈnaɪt/,A2,this evening | this night,,ዛሬ ማታ (የዛሬው ምሽት/ሌሊት),time | calendar
totally,adverb,Completely; absolutely; entirely.,I totally agree with your proposal to form a study group.,/ˈtoʊtəɫi/,A2,completely | entirely | wholly | utterly,partly,ሙሉ በሙሉ (በፍጹም ሙሉ በሆነ መልኩ),manner | context
twice,adverb,Two times; on two occasions or in double quantity.,Brush your teeth with fluoride toothpaste twice every day.,/ˈtwaɪs/,A2,two times | double,,ሁለት ጊዜ (የአንድ ነገር መደጋገም),time | calendar
unusually,adverb,"In an uncommon, exceptional, or remarkable manner.",The winter morning was unusually warm and sunny.,/ənˈjuˌʒuəɫi/,A2,exceptionally | remarkably | strangely | curiously,unremarkably,ባልተለመደ ሁኔታ (ከተለመደው ውጪ በሆነ መንገድ),communication
very,adverb,In a high degree; extremely; exceedingly.,The winter wind in the mountain pass was very cold.,/ˈvɛɹi/,A2,extremely | exceedingly | highly | truly,,በጣም (መጠኑን አጉልቶ የሚያሳይ),education | academic
weekly,adverb,Once a week; occurring or published every week.,The research team gathers weekly to review laboratory findings.,/ˈwikɫi/,A2,every week | per week,,በየሳምንቱ (ሳምንታዊ),time | calendar
wow,adverb,Expressing astonishment or admiration.,Wow! That sunset over the ocean is breathtaking.,/ˈwaʊ/,A2,gosh | amazing | marvelous,,ዋው! (ታላቅ አድናቆትንና መገረምን መግለጫ ቃል),communication
yeah,adverb,An informal variant of yes.,"Yeah, I would love to join your study group this weekend.",/ˈjæ/,A2,yes | yep | aye,,አዎ (ቀለል ያለ የአዎታ አነጋገር),manner | context
yearly,adverb,Once a year; annually.,The medical association holds its international scientific conference yearly.,/ˈjɪɹɫi/,A2,annually | per annum | once a year,,በየዓመቱ (ዓመታዊ),time | calendar
yesterday,adverb,On the day before today.,The library returned all books checked out by students yesterday.,/ˈjɛstɝˌdeɪ/,A2,the previous day | the day before,,ትናንት (ከዛሬ በፊት የነበረው ዕለት),time | calendar
