Rank,Word,Part_Of_Speech,CEFR_Level,Definition,Example_Sentence,Contextual_Meaning
1,advertise,verb,B1,To describe or draw attention to a product or service in a public medium.,The university will advertise the vacant lecturer position online.,promote | publicize | broadcast | announce
2,applaud,verb,B1,To show approval or praise by clapping.,Spectators stood up to applaud the courageous marathon athletes.,clap | cheer | hail | commend
3,arrest,verb,B1,To seize someone by legal authority and take them into custody.,Police officers arrived swiftly to arrest the burglary suspect.,apprehend | detain | capture | seize
4,assess,verb,B1,"To evaluate or estimate the nature, ability, or quality of.",Instructors assess student comprehension through essays and oral quizzes.,evaluate | judge | gauge | appraise
5,back up,verb,B1,"To make a spare copy of computer data, or provide support to someone.",Always back up your academic research files to an external drive.,copy | duplicate | support | reinforce
6,bleed,verb,B1,To lose blood from the body as a result of injury or illness.,Press a sterile gauze pad firmly on the cut so it will not bleed.,hemorrhage | lose blood
7,blend,verb,B1,To mix a substance with another substance so that they combine together thoroughly.,"Blend fresh ripe bananas, milk, and natural honey into a morning smoothie.",mix | combine | fuse | amalgamate
8,break down,verb,B1,"Of a machine or motor vehicle, to stop functioning due to mechanical failure.",The passenger bus did not break down despite driving over bumpy gravel roads.,fail | malfunction | stall | conk out
9,breed,verb,B1,"Of animals, to mate and produce offspring; rear animals.",Farmers breed hardy sheep adapted to cold mountain rainfall.,reproduce | rear | raise | cultivate
10,brew,verb,B1,"To make beer by infusion, boiling, and fermentation, or make tea by steeping.","Coffee shops brew fresh, aromatic Ethiopian highland beans every morning.",steep | infuse | ferment | boil
11,bring up,verb,B1,To look after and educate a child until they are the age of majority; mention a topic.,Grandparents helped bring up the children in a peaceful countryside village.,raise | nurture | rear | mention
12,browse,verb,B1,"To look through a book, store, or internet pages casually.",She logged on to browse scientific publications regarding solar energy.,surf | scan | explore | navigate
13,call off,verb,B1,To cancel an event or agreement that had been scheduled.,Organizers had to call off the outdoor music concert due to heavy rain.,cancel | abandon | scrap | annul
14,carry on,verb,B1,To continue an activity or task without stopping.,Carry on with your laboratory exercises while I consult with the assistant.,continue | persist | proceed | keep going
15,catch up,verb,B1,To succeed in reaching a person or standard that is ahead.,She studied extra hours in the library to catch up with her classmates.,reach | draw level | gain on
16,chant,verb,B1,To repeat a rhythmic phrase or shout slogans synchronously.,Supporters began to chant the club anthem from the stadium bleachers.,sing | intone | chorus | shout
17,charge,verb,B1,To store electrical energy in a battery or capacitor.,Remember to charge your mobile phone before setting out on the trail.,power up | energize | recharge
18,cheer,verb,B1,To shout for joy or in praise or encouragement.,Fans stood up to cheer enthusiastically as the home team scored a goal.,applaud | hail | root for | shout
19,cheer up,verb,B1,"To become or cause someone to become more cheerful, optimistic, or happy.",A bouquet of fresh flowers helped cheer up the hospitalized patient.,brighten | hearten | comfort | enliven
20,chop,verb,B1,To cut something into small pieces with repeated sharp blows of a knife.,Chop the yellow onions and fresh garlic finely on the wooden board.,dice | cube | mince | cut up
21,cite,verb,B1,"To quote a passage, book, or author as evidence for or justification of an argument.",Students must cite primary sources accurately to avoid academic errors.,quote | refer to | mention | invoke
22,collaborate,verb,B1,"To work jointly on an activity, especially to create or produce something.",Scientists from six universities collaborate on cancer therapeutics.,cooperate | partner | team up | join forces
23,come across,verb,B1,To find or encounter someone or something by chance.,"While researching in the archives, she came across an ancient manuscript.",encounter | find | run into | stumble upon
24,commute,verb,B1,To travel some distance to and from one's place of work on a regular basis.,Many employees commute forty minutes by bicycle each morning.,travel back and forth | journey
25,compose,verb,B1,"To write or create a work of art, especially music or poetry.",She sat at the grand piano to compose a tranquil acoustic melody.,write | create | draft | produce
26,comprehend,verb,B1,To grasp mentally; understand.,Reading contextual examples helps learners comprehend subtle idiomatic meanings.,understand | grasp | fathom | apprehend
27,concentrate,verb,B1,To focus one's attention or mental effort on a particular object or activity.,Turn off noisy mobile notifications so you can concentrate on your reading.,focus | apply oneself | direct attention
28,conclude,verb,B1,To arrive at a judgment or opinion by reasoning; bring to an end.,"Based on the evidence, researchers conclude that the hypothesis is sound.",deduce | determine | finish | wrap up
29,confuse,verb,B1,To make someone bewildered or perplexed; fail to distinguish between.,Similar grammatical spellings often confuse novice language learners.,perplex | baffle | bewilder | fluster
30,conserve,verb,B1,To protect something from harm or destruction; avoid waste.,"During dry summer months, households should conserve drinking water.",preserve | protect | save | husband
31,consume,verb,B1,"To use up a resource, or eat or drink food.",Modern appliances consume significantly less electric power.,use up | expend | deplete | ingest
32,cooperate,verb,B1,To act jointly; work toward the same end.,Community groups cooperate to clear trash from local rivers.,assist | collaborate | unite | pull together
33,count on,verb,B1,To rely on someone with confidence; trust.,You can always count on your true friends in times of hardship.,rely on | depend on | trust | bank on
34,cultivate,verb,B1,To prepare and use land for crops or gardening.,Generations of farmers cultivate fertile soil in the river basin.,farm | till | plow | plant
35,cut down on,verb,B1,"To reduce the size, amount, or quantity of something consumed.",Doctors advise patients to cut down on processed sugar and salt.,reduce | decrease | curtail | lessen
36,decorate,verb,B1,To make something look more attractive by adding extra items or color.,They hung framed landscape photographs to decorate the blank living room walls.,adorn | embellish | ornament | furnish
37,diagnose,verb,B1,To identify the nature of an illness or other problem by examination.,Specialists use blood panels and radiography to diagnose complex conditions.,identify | determine | pinpoint | detect
38,digest,verb,B1,To break down food in the stomach and alimentary canal.,The human body takes several hours to digest complex fibrous meals.,assimilate | metabolize | break down
39,disappoint,verb,B1,To fail to fulfill the hopes or expectations of someone.,Study hard so you do not disappoint your dedicated mentors.,let down | fail | disenchant | dishearten
40,disconnect,verb,B1,To break the connection of or detach.,Always disconnect power cords before cleaning electrical appliances.,unplug | detach | uncouple | sever
41,disprove,verb,B1,To prove that something is false or wrong.,Subsequent experiments served to disprove the previous scientific hypothesis.,refute | debunk | invalidate | contradict
42,do without,verb,B1,To manage without having something.,"When hiking in the backcountry, you must do without internet access.",manage without | forgo | dispense with
43,domesticate,verb,B1,To tame an animal and keep it as a pet or for farm produce.,Societies began to domesticate goats and cattle thousands of years ago.,tame | train | breed
44,dust,verb,B1,To wipe the dust from furniture.,Dust the wooden bookshelves and picture frames with a microfiber cloth.,wipe | clean | polish | brush
45,emit,verb,B1,"To discharge, radiate, or send forth gas, heat, or sound.",Industrial smokestacks emit sulfur particles into the surrounding air.,discharge | release | radiate | exhale
46,end up,verb,B1,To finally be in a particular place or situation after a course of events.,"If you do not plan your budget, you will end up in debt.",wind up | finish | land | result
47,enforce,verb,B1,"To compel observance of or compliance with a law, rule, or obligation.",Police officers enforce traffic speed limits along the highway.,apply | administer | implement | execute
48,enroll,verb,B1,To officially register as a student on a course or at a school.,New students must enroll in their required classes by Friday.,register | sign up | matriculate | enter
49,entertain,verb,B1,To provide someone with amusement or enjoyment.,Street performers sing ballads and juggle to entertain passing crowds.,amuse | delight | please | divert
50,erupt,verb,B1,"Of a volcano, to become active and eject lava, ash, and gases.",Volcanoes can erupt with immense force following subterranean pressure buildups.,explode | flare up | burst forth | discharge
51,evaluate,verb,B1,"To form an idea of the amount, number, or value of; assess.","Teachers evaluate students based on essays, tests, and participation.",assess | appraise | judge | grade
52,faint,verb,B1,To lose consciousness for a short time because of a temporarily insufficient supply of oxygen to the brain.,The heat in the crowded hall caused two spectators to faint.,pass out | black out | lose consciousness | swoon
53,ferment,verb,B1,"To undergo or cause to undergo fermentation, turning sugars into alcohol or acids.",Traditional bakers ferment sourdough dough overnight to develop rich flavor.,bubble | brew | leaven | culture
54,figure out,verb,B1,To solve or understand something through thought or calculation.,She worked through the algebra problem until she could figure out the solution.,solve | comprehend | decipher | work out
55,forbid,verb,B1,To refuse to allow something; order someone not to do something.,Library rules strictly forbid loud phone calls in the study areas.,prohibit | ban | bar | outlaw
56,get along,verb,B1,"To have a harmonious, friendly, or peaceful relationship with someone.",The roommates get along exceptionally well and share cooking chores.,harmonize | agree | coexist | be friends
57,get over,verb,B1,"To recover from an illness, loss, or unpleasant experience.",It took her several weeks to get over the severe chest cold.,recover from | bounce back | overcome | heal
58,give in,verb,B1,To cease fighting or arguing; admit defeat; submit.,"After a lengthy debate, the committee finally gave in to public requests.",surrender | yield | submit | capitulate
59,give up,verb,B1,To cease making an effort; admit defeat or stop doing something habitual.,Never give up when learning complex grammatical vocabulary.,surrender | quit | abandon | renounce
60,graduate,verb,B1,"To successfully complete an academic degree, course of training, or high school.",She expects to graduate from medical school next summer.,complete studies | finish school | qualify
61,grate,verb,B1,To reduce food to small shreds by rubbing it on a grater.,Grate fresh parmesan cheese over the warm tomato pasta bowl.,shred | rasp | scrape
62,grill,verb,B1,To cook food using a grill over direct radiant heat.,Grill the marinated chicken breasts over hot charcoal for a smoky flavor.,broil | barbecue | sear
63,hang out,verb,B1,To spend time relaxing or socializing with someone informally.,University students like to hang out at the campus coffee shop after classes.,socialize | relax | congregate | linger
64,heal,verb,B1,"Of a person or injury, to become sound or healthy again; cause to heal.",The deep cut will heal naturally if kept clean and protected.,mend | recover | cure | regenerate
65,hold on,verb,B1,To wait for a short time; keep a firm grip on something.,Please hold on for a moment while I transfer your call to the manager.,wait | hang on | grip | pause
66,inject,verb,B1,To introduce a drug or liquid into the body with a syringe.,Diabetic individuals often inject insulin after evening meals.,administer | shoot | vaccinate | inoculate
67,install,verb,B1,To set up software or machinery for use.,The technician arrived to install the high-speed optical fiber connection.,set up | put in | load | configure
68,insure,verb,B1,"To arrange for compensation in the event of damage to or loss of property, or injury.",Homeowners must insure their dwellings against storm damage.,underwrite | protect | cover | safeguard
69,intend,verb,B1,To have a course of action as one's purpose or intention; plan.,They intend to build an eco-friendly stone cottage in the countryside.,plan | aim | propose | mean
70,invest,verb,B1,To expend money with the expectation of achieving a profit.,The cooperative decided to invest in modern irrigation machinery.,commit funds | put money into | back
71,investigate,verb,B1,To carry out a systematic or formal inquiry to discover facts.,Inspectors will investigate the mechanical failure of the subway signal.,probe | examine | explore | look into
72,irrigate,verb,B1,"To supply water to land or crops to help growth, typically by means of channels.",Canals divert river water to irrigate drought-prone valley maize fields.,water | moisten | flood | hydrate
73,irritate,verb,B1,"To make someone annoyed, impatient, or angry.",Loud telephone ringtones during formal lectures irritate instructors.,annoy | vex | bother | provoke
74,keep on,verb,B1,To continue doing something; persist.,"If you keep on practicing every day, your language fluency will flourish.",continue | persist | carry on | proceed
75,keep up,verb,B1,To move or progress at the same rate as someone or something else.,Walk at a steady pace so the younger children can keep up.,maintain pace | stay abreast | keep pace
76,let down,verb,B1,To fail to support or help someone as they had hoped; disappoint.,"I promised to assist with the move, and I will not let you down.",disappoint | fail | abandon | betray
77,look after,verb,B1,To take care of someone or something; attend to.,Neighbors agreed to look after our garden plants while we were on vacation.,care for | tend | nurse | mind
78,look forward to,verb,B1,To await something eagerly with pleasure.,Students look forward to their upcoming summer beach vacation.,anticipate | await eagerly | relish
79,look into,verb,B1,To investigate or inquire into something; examine.,City authorities promised to look into the drinking water complaints.,investigate | examine | explore | probe
80,maintain,verb,B1,To cause or enable a condition or state of affairs to continue; keep in repair.,City workers maintain the botanical gardens in pristine condition.,preserve | keep up | sustain | service
81,make up,verb,B1,"To invent a story, reconcile after a quarrel, or constitute a whole.",The novelist likes to make up creative bedtime stories for his children.,invent | fabricate | compose | reconcile
82,manage,verb,B1,"To be in charge of; administer, run, or supervise.",He was hired to manage a busy international shipping terminal.,supervise | run | direct | oversee
83,manufacture,verb,B1,To make something on a large scale using machinery.,The new industrial plant will manufacture durable medical supplies.,produce | fabricate | construct | build
84,marinate,verb,B1,"To soak food, especially meat, in a spiced marinade before cooking.","Marinate the beef slices in lemon juice, garlic, and herbs for two hours.",soak | steep | season | infuse
85,memorize,verb,B1,To commit something to memory; learn by heart.,Use flashcards to memorize fifty new medical terms each week.,learn by heart | retain | commit to memory
86,migrate,verb,B1,"Of an animal, to move from one region or habitat to another according to the seasons.",Flocks of birds migrate southwards across continents before winter arrives.,relocate | journey | trek | wander
87,motivate,verb,B1,To provide someone with a reason for doing something; inspire.,Inspiring mentors motivate young researchers to pursue scientific inquiry.,inspire | encourage | stimulate | drive
88,navigate,verb,B1,"To plan and direct the course of a ship, aircraft, or other form of transport.",Rangers used compasses and topographic charts to navigate the dense forest.,steer | pilot | direct | guide
89,negotiate,verb,B1,To obtain or bring about by discussion.,Diplomats worked to negotiate a bilateral trade and transit accord.,bargain | broker | settle | deliberate
90,operate,verb,B1,To perform a surgical operation on someone.,Surgeons will operate early tomorrow morning to repair the fractured bone.,perform surgery | cut into
91,pass away,verb,B1,To die (used as a gentle euphemism).,Her beloved grandmother passed away peacefully at the age of ninety-four.,die | expire | depart | succumb
92,pay back,verb,B1,"To return borrowed money to someone, or take revenge.",He promised to pay back the loan as soon as he received his salary.,repay | reimburse | settle | refund
93,peel,verb,B1,To remove the outer covering or skin from a fruit or vegetable.,Peel the potatoes before boiling them in lightly salted water.,skin | strip | pare | hull
94,perceive,verb,B1,To become aware or conscious of something; come to realize or understand.,Animals perceive subtle acoustic seismic vibrations long before earthquakes.,detect | notice | observe | discern
95,point out,verb,B1,To direct attention to someone or something by gesturing or speaking.,The professor paused to point out a common grammatical error in the essay.,indicate | highlight | identify | draw attention to
96,pollute,verb,B1,"To contaminate water, the air, or land with harmful or poisonous substances.",Industrial factories must not pollute local freshwater rivers.,contaminate | foul | poison | taint
97,postpone,verb,B1,To cause or arrange for something to take place at a time later than that first scheduled.,The committee decided to postpone the vote until all members arrived.,defer | delay | put off | shelve
98,prioritize,verb,B1,To designate or treat something as more important than other things.,Doctors prioritize critical emergency patients over routine checkups.,rank | order | highlight | put first
99,prohibit,verb,B1,"Formally forbid something by law, rule, or other authority.",Municipal laws prohibit smoking in all public transit vehicles.,ban | bar | forbid | veto
100,promote,verb,B1,To raise someone to a higher position or rank; encourage.,The director decided to promote her to regional manager.,advance | elevate | upgrade | endorse
101,prove,verb,B1,To demonstrate the truth or existence of something by evidence or argument.,Clinical trials prove that the new medication reduces blood pressure.,demonstrate | verify | establish | substantiate
102,publish,verb,B1,"To prepare and issue a book, journal, or piece of music for public sale or readership.",The university press will publish her historical manuscript in spring.,issue | print | release | broadcast
103,punish,verb,B1,To inflict a penalty or sanction on someone as retribution for an offense.,Courts punish reckless driving with hefty fines and license revocation.,penalize | discipline | sanction | castigate
104,put off,verb,B1,To postpone an event or arrangement; delay doing something.,Do not put off studying until the night before the examination.,postpone | delay | defer | shelve
105,reap,verb,B1,"To cut or gather a crop, especially a grain crop like wheat.",Those who sow with patience will reap an abundant harvest.,harvest | gather | cut | glean
106,recover,verb,B1,"To return to a normal state of health, mind, or strength after illness or injury.",Patients usually recover from seasonal influenza within ten days.,recuperate | heal | mend | rally
107,recuperate,verb,B1,To recover from illness or exertion.,She took two weeks of quiet countryside leave to recuperate from the flu.,recover | convalesce | mend | regain health
108,regulate,verb,B1,To control or maintain the rate or speed of a machine or process; govern.,Government agencies regulate telecommunications pricing to protect consumers.,control | govern | oversee | supervise
109,rehearse,verb,B1,"To practice a play, piece of music, or other work for later public performance.",Musicians rehearse together three afternoons a week to ensure precise harmony.,practice | run through | drill | polish
110,relieve,verb,B1,"To cause pain, distress, or difficulty to become less severe or serious.",A warm compress can relieve throbbing head and muscle aches.,alleviate | soothe | ease | lessen
111,renovate,verb,B1,"To restore something old, especially a building, to a good state of repair.",They plan to renovate the nineteenth-century farmhouse with modern insulation.,restore | refurbish | modernize | overhaul
112,reschedule,verb,B1,To change the time of a planned event.,The professor had to reschedule the afternoon lecture due to illness.,postpone | move | defer | adjust
113,rescue,verb,B1,To save someone from a dangerous or distressing situation.,Helicopter crews worked tirelessly to rescue stranded flood victims.,save | deliver | salvage | extricate
114,reside,verb,B1,To have one's permanent home in a particular place.,They reside in a comfortable stone cottage nestled in the valley.,dwell | live | inhabit | occupy
115,revise,verb,B1,To reread work done previously to improve one's knowledge for an examination.,She went to the library to revise her history lecture notes.,review | study | go over | recap
116,rinse,verb,B1,"To wash something with clean water only, without soap, to remove soap, dirt, or impurities.",Rinse the soapy dishes thoroughly beneath running warm tap water.,wash off | flush | cleanse | soak
117,roast,verb,B1,"To cook food, especially meat, by prolonged exposure to heat in an oven or over a fire.","Roast the seasonal root vegetables with olive oil, salt, and rosemary.",bake | broil | grill | brown
118,run into,verb,B1,To meet someone unexpectedly.,I was surprised to run into my primary school teacher at the supermarket.,bump into | meet by chance | encounter
119,run out of,verb,B1,To exhaust the supply of something so that none remains.,Hurry to the grocery store before we run out of fresh milk.,exhaust | deplete | use up
120,satisfy,verb,B1,"To meet the expectations, needs, or desires of someone.",Fresh drinking water and fruit satisfy natural thirst and hunger.,please | fulfill | content | sate
121,scrub,verb,B1,"To rub someone or something hard so as to clean them, typically with a brush and water.",Scrub the ceramic bathroom floor tiles with disinfectant soap.,scour | clean | polish | rub
122,set off,verb,B1,To begin a journey or expedition.,Hikers set off early at sunrise to reach the mountain cabin before dark.,depart | embark | start out | head out
123,set up,verb,B1,"To establish a business, institution, or system; arrange.",She saved enough capital to set up an independent graphic design studio.,establish | found | launch | organize
124,shave,verb,B1,To cut off hair very close to the skin with a razor.,He likes to shave every morning before putting on his work uniform.,trim | clip | pare | crop
125,show up,verb,B1,"To arrive at a place, especially when late or unexpected.",He did not show up for the morning lecture until thirty minutes late.,arrive | appear | turn up | surface
126,simmer,verb,B1,To stay just below the boiling point while bubbling gently.,Allow the lentil stew to simmer over low heat for forty-five minutes.,stew | bubble gently | boil gently
127,slice,verb,B1,"To cut something into thin, broad slices.",Slice the crusty loaf of bread and serve it alongside the vegetable soup.,cut | carve | shave | partition
128,sort out,verb,B1,To resolve a problem or organize items neatly.,Take time this weekend to sort out your cluttered filing cabinet.,resolve | organize | arrange | straighten out
129,sow,verb,B1,To plant seed by scattering it on or in the earth.,Farmers sow teff and wheat seeds early in the main rainy season.,seed | plant | scatter | broadcast
130,sprinkle,verb,B1,To scatter small drops or particles of a substance over an object or surface.,Sprinkle finely chopped parsley over the roasted potatoes before serving.,scatter | dust | dredge | spray
131,stand out,verb,B1,To be clearly noticeable or distinctive; be much better than others.,Her insightful research essay really stood out among all submissions.,distinguish oneself | shine | be conspicuous
132,steam,verb,B1,To cook food by heating it in the steam from boiling water.,Steam the broccoli florets gently so they retain their crisp green texture.,cook in steam | vaporize
133,stir,verb,B1,To move a spoon or other implement around in a liquid in order to mix it thoroughly.,Stir the simmering sauce continuously so it does not scorch on the bottom.,mix | agitate | blend | whisk
134,sue,verb,B1,To institute legal proceedings against a person or institution.,The consumer decided to sue the manufacturer for breach of warranty.,take to court | litigate | indict
135,summarize,verb,B1,To give a brief statement of the main points of something.,Please summarize the core findings of your laboratory experiment.,outline | recap | condense | abstract
136,supervise,verb,B1,"To observe and direct the execution of a task, project, or activity.",Experienced senior engineers supervise the apprentice technicians.,oversee | monitor | inspect | direct
137,survive,verb,B1,"To continue to live or exist, especially in spite of danger or hardship.",Desert vegetation possesses specialized root systems to survive prolonged drought.,endure | live on | hold out | weather
138,sweep,verb,B1,To clean an area by brushing away dirt or litter with a broom.,Sweep the dry fallen leaves off the front stone porch.,brush | clean | dust
139,swell,verb,B1,"Especially of a part of the body, to become larger or rounder in size.",An ice pack prevents an injured ankle joint from beginning to swell.,expand | puff up | distend | bloat
140,take over,verb,B1,"To assume control of something, such as a company or leadership position.",The young director will take over management of the regional branch.,assume control | succeed | inherit | commandeer
141,take up,verb,B1,"To adopt a hobby, activity, or study; occupy space.",She decided to take up watercolor painting during her weekend leisure.,start | begin | adopt | pursue
142,transfer,verb,B1,"To move from one station, vehicle, or flight to another during a journey.",Passengers traveling north must transfer to the local commuter rail at junction three.,change | switch | shift | move
143,transmit,verb,B1,To broadcast or send out an electrical signal or program.,Satellites transmit meteorological weather images to earth stations.,broadcast | send out | convey | relay
144,treat,verb,B1,To give medical care or attention to a patient; deal with a disease.,Pediatricians treat childhood fevers with appropriate hydration and rest.,nurse | care for | attend to | heal
145,update,verb,B1,To make something more modern or up to date; incorporate the latest facts.,Be sure to update your antivirus definitions every week.,modernize | revise | upgrade | refresh
146,vaccinate,verb,B1,To administer a vaccine to someone to produce immunity against an infection.,Healthcare workers travel to rural villages to vaccinate infants.,immunize | inoculate | protect
147,warm up,verb,B1,To prepare for physical exertion by exercising gently.,Always warm up with light stretching before sprinting on the track.,stretch | condition | limber up
148,work out,verb,B1,"To engage in physical exercise, or solve a problem successfully.",Athletes work out five mornings a week in the university gym.,exercise | train | resolve | calculate
149,write down,verb,B1,To record information on paper or on a digital device.,Write down the address and telephone number in your notebook.,record | note | jot down | log
150,academy,noun,B1,A place of study or training in a special field.,He enrolled in the national military academy to train as a pilot.,institute | school | college | seminary
151,accommodation,noun,B1,"A room, group of rooms, or building in which someone may live, stay, or lodge.",We booked hotel accommodation close to the city center before traveling.,lodging | housing | quarters | residence
152,additive,noun,B1,A substance added to something in small quantities to improve or preserve it.,The bakery avoids artificial chemical additives and synthetic colorings.,preservative | supplement | enhancer
153,advantage,noun,B1,A condition or circumstance that puts one in a favorable or superior position.,Fluency in two languages is an immense career advantage in business.,benefit | asset | perk | edge
154,advertising,noun,B1,The activity or profession of producing advertisements for products.,Creative digital advertising increases brand awareness worldwide.,promotion | marketing | publicity
155,advocate,noun,B1,A person who publicly supports or recommends a particular cause or policy; a legal pleader.,She is a passionate advocate for universal childhood education.,champion | defender | promoter | lawyer
156,agreement,noun,B1,Harmony or accordance in opinion or feeling; a negotiated arrangement.,The union and employers reached a fair employment wage agreement.,accord | compact | contract | settlement
157,agriculture,noun,B1,"The science or practice of farming, including cultivation of the soil and rearing animals.",Sustainable agriculture sustains rural communities and protects soil health.,farming | cultivation | husbandry | agribusiness
158,aisle,noun,B1,"A passage between rows of seats in a building, plane, or bus.",He preferred an aisle seat so he could stand up easily during the long flight.,passageway | corridor | lane | walkway
159,album,noun,B1,"A collection of audio recordings issued as a single item on CD, vinyl, or digital distribution.",The recording artist released a critically acclaimed acoustic folk album.,record | LP | collection | release
160,allergy,noun,B1,"A damaging immune response by the body to a substance, especially pollen, fur, or particular food.",He developed an acute food allergy to roasted peanuts.,hypersensitivity | allergic reaction | sensitivity
161,altitude,noun,B1,The height of an object or point in relation to sea level or ground level.,The commercial jet cruised smoothly at an altitude of ten thousand meters.,height | elevation | ceiling
162,ambition,noun,B1,A strong desire to do or to achieve something.,Her childhood ambition was to design sustainable urban architecture.,aspiration | goal | aim | dream
163,ambulance,noun,B1,"A vehicle equipped for taking sick or injured people to and from hospital, especially in emergencies.",The sirens wailed as the emergency ambulance sped to the hospital.,emergency vehicle | rescue vehicle
164,amenity,noun,B1,A desirable or useful feature or facility of a building or place.,"Apartment amenities include a fitness gym, laundry room, and parking.",facility | convenience | service | comfort
165,analysis,noun,B1,Detailed examination of the elements or structure of something.,Statistical analysis revealed a strong correlation between literacy and health.,examination | investigation | breakdown | study
166,angle,noun,B1,The space between two intersecting lines or surfaces at or close to the point where they meet.,A right angle measures exactly ninety geometric degrees.,corner | bend | intersection | gradient
167,angler,noun,B1,A person who fishes with a rod and line.,Patient anglers stood along the wooden pier waiting for a bite.,fisherman | fisher
168,anxiety,noun,B1,"A feeling of worry, nervousness, or unease, typically about an imminent event or uncertain outcome.",Meditation techniques help students manage examination anxiety.,worry | apprehension | nervousness | angst
169,app,noun,B1,"An application, especially as downloaded by a user to a mobile device.",The mobile banking app allows instant funds transfer between accounts.,application | mobile program
170,apparatus,noun,B1,The technical equipment or machinery needed for a particular activity or purpose.,The chemistry teacher demonstrated the water filtration apparatus.,equipment | machinery | gear | mechanism
171,appetite,noun,B1,"A natural desire to satisfy a bodily need, especially for food.",A brisk morning walk in cold fresh air sharpens a person's appetite.,hunger | craving | relish | zest
172,applause,noun,B1,Approval or praise expressed by clapping.,A deafening roar of applause echoed throughout the concert hall.,clapping | cheering | ovation | acclaim
173,appliance,noun,B1,"A device or piece of equipment designed to perform a specific task, typically a domestic one.",Modern household appliances use smart sensors to reduce power consumption.,device | machine | instrument | gadget
174,applicant,noun,B1,"A person who makes a formal application for something, especially a job.",Each job applicant submitted a detailed resume and cover letter.,candidate | jobseeker | aspirant
175,application,noun,B1,A program or piece of software designed and written to fulfill a particular purpose of the user.,She downloaded a language application to practice vocabulary daily.,app | software program | software tool
176,apprenticeship,noun,B1,The position or period of being an apprentice.,He finished a three-year electrical apprenticeship with top marks.,training program | traineeship
177,architect,noun,B1,A person who designs buildings and in many cases also supervises their construction.,The skilled architect designed an eco-friendly solar-powered school.,designer | planner | builder | draftsperson
178,architecture,noun,B1,The art or practice of designing and constructing buildings.,Gothic and modern architecture blend harmoniously in the historic capital.,building design | construction | structural design
179,arena,noun,B1,"A level area surrounded by seats for spectators, in which sports, entertainments, and other events are held.",The basketball championship final was hosted in an indoor sports arena.,stadium | coliseum | auditorium | ring
180,arrogance,noun,B1,The quality of being arrogant.,Intellectual arrogance prevents people from learning new facts from others.,conceit | hubris | haughtiness | pomposity
181,artificial intelligence,noun,B1,The theory and development of computer systems able to perform tasks normally requiring human intelligence.,Artificial intelligence assists radiologists in detecting subtle medical anomalies.,AI | machine intelligence | computing intelligence
182,assessment,noun,B1,"The evaluation or estimation of the nature, quality, or ability of someone or something.",Continuous assessment encourages regular study habits throughout the term.,evaluation | appraisal | analysis | testing
183,assignment,noun,B1,A task or piece of work allocated to someone as part of a job or course of study.,Students must submit their biology assignment before Friday.,task | homework | coursework | project
184,athletics,noun,B1,"Physical sports and games of any kind, especially track and field events.",Ethiopia has a celebrated world heritage in long-distance track athletics.,track and field | sports | gymnastics
185,atmosphere,noun,B1,The envelope of gases surrounding the earth or another planet.,The ozone layer within the upper atmosphere shields the Earth from ultraviolet rays.,air | aerospace | sky | biosphere
186,attempt,noun,B1,An act of trying to achieve something.,She made a determined attempt to break the national running record.,effort | endeavor | try | bid
187,attic,noun,B1,A space or room just below the roof of a building.,They stored old family photograph albums in the wooden attic.,loft | garret | roof space
188,attitude,noun,B1,A settled way of thinking or feeling about someone or something.,Maintaining a positive attitude helps overcome academic hurdles.,outlook | mindset | disposition | perspective
189,attraction,noun,B1,A thing or place that draws visitors by providing something of interest or pleasure.,The national wildlife park is the region's premier tourist attraction.,draw | magnet | highlight | feature
190,audience,noun,B1,"The assembled spectators or listeners at a public event such as a play, movie, concert, or meeting.",The enthusiastic audience applauded warmly at the end of the concert.,spectators | listeners | viewers | crowd
191,audition,noun,B1,"An interview for an actor, singer, or dancer, consisting of a practical demonstration of skill.",Dozens of hopeful actors attended the open theater drama audition.,tryout | screen test | trial | casting
192,automobile,noun,B1,"A road vehicle, typically with four wheels, powered by an internal combustion engine or motor.",He parked his modern electric automobile beside the charging station.,car | motorcar | auto
193,awareness,noun,B1,Knowledge or perception of a situation or fact.,Public health campaigns raise community awareness regarding clean water.,consciousness | recognition | understanding | insight
194,backpack,noun,B1,A bag with shoulder straps that allow it to be carried on someone's back.,"Hikers carried drinking water, snacks, and a first-aid kit in their backpacks.",knapsack | rucksack | pack
195,badminton,noun,B1,A game with rackets in which a shuttlecock is hit back and forth across a high net.,They played a quick game of recreational badminton in the backyard.,shuttlecock game | court game
196,balcony,noun,B1,"A platform enclosing a railing, projecting from the wall of a building.",They sat on the apartment balcony watching the golden sunset over the bay.,terrace | veranda | porch | deck
197,bandage,noun,B1,A strip of woven material used to bind up or protect a wound or injury.,The nurse wrapped a sterile cotton bandage securely around his sprained ankle.,dressing | wrap | gauze | plaster
198,bankruptcy,noun,B1,The state of being bankrupt.,Filing for legal bankruptcy allows corporations to restructure debts.,insolvency | financial ruin | failure
199,banquet,noun,B1,"An elaborate and formal evening meal for many people, often celebrating an event.",Diplomats attended an ornate state banquet honoring the visiting delegates.,feast | dinner party | gala | symposium
200,bargain,noun,B1,A thing bought or offered for sale more cheaply than is usual.,"At half price, this quality winter coat is an extraordinary bargain.",good buy | discount | steal | markdown
201,barley,noun,B1,"A hardy cereal that has coarse bristles extending from the ears, cultivated for beer and food.",Highland farmers cultivate drought-hardy barley for bread and porridge.,cereal grain | grain
202,basement,noun,B1,The floor of a building which is partly or entirely below ground level.,The historic house features a dry stone basement for wine storage.,cellar | subterranean level | vault
203,basin,noun,B1,"A bowl for washing, typically attached to a wall and having taps and a drain; washbasin.",Wash your hands thoroughly with antibacterial soap at the bathroom basin.,sink | washbasin | bowl | lavatory
204,battery,noun,B1,"A container consisting of one or more cells, in which chemical energy is converted into electricity.",The laptop battery lasts eight hours on a single full charge.,cell | power cell | accumulator
205,benefit,noun,B1,An advantage or profit gained from something.,Daily cardiovascular exercise delivers substantial long-term heart health benefits.,advantage | gain | perk | asset
206,beverage,noun,B1,"A drink, especially one other than water.",Hot spiced tea and fruit juice are popular breakfast beverages.,drink | refreshment | liquid | potation
207,biodiversity,noun,B1,The variety of life in the world or in a particular habitat or ecosystem.,Tropical cloud forests support an astonishing richness of biodiversity.,biological diversity | ecological variety
208,blanket,noun,B1,A large piece of woolen or other fabric used as a warm bed covering.,Wrap yourself in a warm woolen blanket on chilly autumn evenings.,coverlet | quilt | throw | duvet
209,bleeding,noun,B1,The loss of blood from an injury.,Prompt direct pressure controls arterial bleeding effectively.,hemorrhage | blood loss
210,blender,noun,B1,"An electric mixing machine used in food preparation for liquefying, chopping, or pureeing.","Whir fresh mango, ice, and yogurt in the high-speed electric blender.",liquidizer | food processor | mixer
211,border,noun,B1,"A line separating two countries, states, or geographic areas.",Pass through customs and show your passport at the national border.,frontier | boundary | perimeter | borderline
212,boxing,noun,B1,"The sport or practice of fighting with the fists, especially with padded gloves.",Professional boxing requires intense cardiovascular endurance and quick footwork.,pugilism | prizefighting | ring combat
213,branch,noun,B1,"A division or office of a large business, bank, or organization.",She opened a savings account at the local neighborhood bank branch.,office | division | agency | outpost
214,brand,noun,B1,A type of product manufactured by a particular company under a particular name.,The company established a trusted brand known for organic ingredients.,label | trademark | make | marque
215,bravery,noun,B1,Courageous behavior or character.,The soldier was decorated for extraordinary bravery on the battlefield.,courage | valor | heroism | fortitude
216,broadcast,noun,B1,A radio or television program or transmission.,Tune into the evening news broadcast for weather radar updates.,program | transmission | telecast | show
217,brochure,noun,B1,A small book or magazine containing pictures and information about a product or service.,Pick up a colorful travel brochure from the municipal tourist office.,pamphlet | booklet | leaflet | flyer
218,browser,noun,B1,A computer program with a graphical user interface for displaying and navigating web pages.,Install a secure web browser to protect your personal privacy online.,web browser | navigator
219,bruise,noun,B1,An injury appearing as an area of discolored skin on the body.,She had a purple bruise on her knee after colliding with the goalpost.,contusion | black mark | blemish
220,budget,noun,B1,An estimate of income and expenditure for a set period of time.,The municipal council approved the annual infrastructure budget.,financial plan | allocation | allowance
221,cabin crew,noun,B1,The staff of an aircraft who attend to the safety and comfort of passengers.,The professional cabin crew served meals and demonstrated emergency procedures.,flight attendants | stewards | air crew
222,calorie,noun,B1,"A unit of energy, often used to express the nutritional energy value of foods.",A balanced adult meal provides roughly six hundred food calories.,energy unit | nutritional measure
223,campfire,noun,B1,"An open-air fire in a camp, used for cooking and as a focal point for social activity.",Hikers sat around the warm crackling campfire roasting marshmallows.,bonfire | open fire | wood fire
224,campus,noun,B1,The grounds and buildings of a university or college.,Students often study on the quiet grassy lawns of the campus.,grounds | college site | university precinct
225,canal,noun,B1,An artificial waterway constructed to allow the passage of boats or to convey water for irrigation.,An irrigation canal runs along the edge of the terraced farm plots.,waterway | water channel | duct | ditch
226,candidate,noun,B1,A person who applies for a job or is nominated for election.,The hiring committee interviewed five promising candidates today.,applicant | nominee | contender
227,carbon footprint,noun,B1,The amount of carbon dioxide and other carbon compounds emitted due to the consumption of fossil fuels by a person.,Commuting by bicycle significantly reduces an individual's carbon footprint.,carbon emission | greenhouse impact
228,career,noun,B1,An occupation undertaken for a significant period of a person's life with opportunities for progress.,She pursued a successful lifelong career in public health education.,profession | vocation | life work | calling
229,carnivore,noun,B1,An animal that feeds on flesh.,Lions and hyenas are savannah carnivores with powerful jaws and claws.,meat-eater | predator
230,carpenter,noun,B1,A person who makes and repairs wooden objects and structures.,The artisan carpenter built a sturdy mahogany dining table.,woodworker | joiner | cabinetmaker
231,carpentry,noun,B1,The activity or occupation of making or repairing things in wood.,He studied traditional wood joinery and carpentry at the technical trade institute.,woodworking | joinery
232,catastrophe,noun,B1,An event causing great and often sudden damage or suffering; a disaster.,International aid agencies rushed emergency supplies to the catastrophe zone.,disaster | calamity | cataclysm | ruin
233,cattle,noun,B1,"Large ruminant animals with horns and cloven hoofs, domesticated for meat or milk.",Herds of dairy cattle grazed peacefully across lush green pastures.,cows | bovines | livestock | oxen
234,cavity,noun,B1,A decayed part of a tooth; a hole in a hollow space.,Fluoride toothpaste helps shield teeth enamel from developing a cavity.,caries | decay | tooth hole
235,celebration,noun,B1,The action of marking one's pleasure at an important event or occasion by engaging in enjoyable activity.,The victory parade turned into a jubilant citywide celebration.,festivity | jubilee | party | commemoration
236,ceremony,noun,B1,"A formal religious or public occasion, typically one celebrating a particular event or anniversary.",The ambassador attended the dignified diplomatic opening ceremony.,ritual | rite | observance | service
237,certificate,noun,B1,"An official document attesting a fact, especially status or qualification.",She earned a professional certificate in network administration.,credential | diploma | accreditation | testimonial
238,champion,noun,B1,A person who has defeated or surpassed all rivals in a competition.,The world boxing champion defended his title in twelve intense rounds.,winner | victor | titleholder | conqueror
239,championship,noun,B1,A contest for the position of champion in a sport or game.,The basketball team won their third national championship title.,title match | tournament | cup final
240,charm,noun,B1,The power or quality of giving serious delight or admiration.,Her natural warmth and humor are part of her personal charm.,appeal | charisma | attractiveness | enchantment
241,chef,noun,B1,"A professional cook, typically the chief cook in a restaurant or hotel.",The head executive chef inspected every dinner plate before it was served.,cook | culinary master | head cook
242,chess,noun,B1,"A board game of strategic skill for two players, played on a checkered board on which each playing piece is.",Grandmasters study classic chess openings to develop analytical foresight.,checkered board game | strategy game
243,chimney,noun,B1,A vertical channel or pipe which conducts smoke and combustion gases up from a fire.,White smoke rose steadily into the winter air from the stone chimney.,flue | smokestack | funnel | vent
244,choir,noun,B1,"An organized group of singers, typically one that takes part in church services or performs in public.",The cathedral youth choir rehearsed sacred hymns for the festival.,chorus | choral society | vocal group
245,circumference,noun,B1,"The enclosing boundary of a curved geometric figure, especially a circle.",Multiply the circle's diameter by pi to determine its circumference.,perimeter | perimeter of circle | girth
246,citation,noun,B1,"A quotation from or reference to a book, paper, or author.",Every factual claim in a scholarly essay requires a valid citation.,reference | quote | quotation | attribution
247,citizen,noun,B1,A legally recognized subject or national of a state or commonwealth.,Every law-abiding citizen has the constitutional right to vote in elections.,national | subject | resident | townsman
248,citizenship,noun,B1,The position or status of being a citizen of a particular country.,She completed the residency requirements to obtain dual citizenship.,nationality | legal status | civic identity
249,civilization,noun,B1,The stage of human social and cultural development and organization considered most advanced.,Ancient Ethiopian civilization built the monumental stone obelisks of Axum.,culture | society | nation | empire
250,client,noun,B1,A person or organization using the services of a lawyer or other professional.,The legal advocate met with her client to discuss the courtroom strategy.,patron | customer | buyer | user
251,clinic,noun,B1,An establishment or hospital department where outpatients are given medical treatment or advice.,The community health clinic provides free pediatric vaccinations.,health center | dispensary | surgery
252,clutter,noun,B1,A collection of things lying about in an untidy mass.,Declutter your workspace by removing unnecessary paperwork from the desk.,mess | jumble | disorder | litter
253,code,noun,B1,Program instructions in a programming language.,Clear comments throughout computer code help other developers maintain it.,source code | programming | script
254,collaboration,noun,B1,The action of working with someone to produce or create something.,The book was the result of a creative collaboration between two poets.,partnership | teamwork | cooperation | alliance
255,colleague,noun,B1,A person with whom one works in a profession or business.,She discussed the project proposal with her senior colleague.,coworker | associate | partner | teammate
256,cologne,noun,B1,"A scented toilet water, typically lighter than perfume.",He splashed refreshing citrus cologne on his face after shaving.,fragrance | eau de cologne | aftershave
257,comb,noun,B1,"A strip of plastic, metal, or wood with a row of narrow teeth, used for untangling or arranging hair.",Keep a pocket comb in your travel kit to arrange your hair.,hairbrush | detangler
258,commerce,noun,B1,"The activity of buying and selling, especially on a large scale.",Digital commerce enables artisan weavers to reach international buyers.,trade | business | dealings | merchandising
259,community,noun,B1,A group of people living in the same place or having a particular characteristic in common.,The rural community collaborated to build an irrigation reservoir.,neighborhood | collective | society | populace
260,commuter,noun,B1,A person who travels some distance to work on a regular basis.,Thousands of daily commuters ride the electric metro train into downtown.,daily traveler | passenger
261,compassion,noun,B1,Sympathetic pity and concern for the sufferings or misfortunes of others.,She treated the homeless family with genuine compassion and dignity.,sympathy | empathy | pity | kindness
262,competitor,noun,B1,A person who takes part in a sporting contest or competition.,Each marathon competitor wore an electronic timing chip on their shoe.,contestant | participant | rival | challenger
263,complexion,noun,B1,"The natural color, texture, and appearance of a person's skin, especially of the face.",Drinking fresh water and eating vegetables promotes a clear skin complexion.,skin tone | coloring | hue
264,composer,noun,B1,"A person who writes music, especially as a professional occupation.",Saint Yared was a renowned sixth-century Ethiopian sacred music composer.,songwriter | musician | melodist | arranger
265,composition,noun,B1,"A work of music, literature, or art; the way in which something is made up.",The pianist played an original musical composition at the concert.,creation | work | piece | arrangement
266,comprehension,noun,B1,The action or capability of understanding something.,Listening to audio dialogues strengthens foreign language comprehension.,understanding | grasp | apprehension | perception
267,concentration,noun,B1,The action or power of focusing one's attention or mental effort.,Solving complex geometry equations demands intense mental concentration.,focus | attentiveness | absorption | diligence
268,conclusion,noun,B1,The end or finish of an event or process; a judgment reached by reasoning.,The essay's conclusion summarized the three primary arguments.,deduction | verdict | ending | closing
269,conditioner,noun,B1,"A hair care product used to improve the feel, appearance, and manageability of hair.",Apply hair conditioner after shampooing to keep strands silky and soft.,hair rinse | balm | moisturizer
270,confidence,noun,B1,A feeling of self-assurance arising from one's appreciation of one's own abilities.,Frequent oral practice builds speaking confidence in language learners.,self-assurance | poise | certainty | faith
271,connection,noun,B1,A link between two or more things; an internet link.,A stable broadband connection is essential for remote video lectures.,link | linkup | hookup | bond
272,consciousness,noun,B1,The state of being awake and aware of one's surroundings.,The boxer regained full consciousness shortly after the match ended.,awareness | alertness | wakefulness
273,consequence,noun,B1,A result or effect of an action or condition.,Deforestation carries severe ecological consequences for regional weather.,result | outcome | effect | repercussion
274,conservation,noun,B1,"The protection of plants, animals, natural resources, and historic buildings.",Wildlife conservation sanctuaries safeguard endangered mountain gorillas.,preservation | protection | stewardship
275,consumer,noun,B1,A person who purchases goods and services for personal use.,Consumer demand for organic and local produce has surged.,buyer | customer | shopper | purchaser
276,consumption,noun,B1,The using up of a resource; the eating or drinking of something.,Doctors advise reducing daily sugar consumption to safeguard health.,utilization | expenditure | intake
277,contract,noun,B1,A written or spoken agreement intended to be enforceable by law.,Review all legal clauses carefully before signing the employment contract.,agreement | accord | lease | compact
278,cooperation,noun,B1,The process of working together to the same end.,Cross-border environmental cooperation preserves wildlife migratory routes.,collaboration | mutual assistance | harmony
279,corn,noun,B1,"A North American cereal plant that yields large grains, or maize.",Rows of tall green sweet corn grew rapidly during the summer rains.,maize | sweetcorn | grain
280,corridor,noun,B1,A long passage in a building from which doors lead into rooms.,Walk quietly down the hospital corridor so recovering patients can sleep.,hallway | passage | aisle | hallway
281,costume,noun,B1,"A set of clothes in a style typical of a particular country or period, worn by actors.",Wardrobe assistants tailored authentic historical medieval costumes for the cast.,outfit | attire | garb | wardrobe
282,courage,noun,B1,The ability to do something that frightens one; bravery.,It takes real moral courage to stand up against unfair social prejudice.,bravery | valor | fortitude | nerve
283,court,noun,B1,"A tribunal presided over by a judge, judges, or a magistrate in civil and criminal cases.",The key witness appeared before the district court to deliver testimony.,courtroom | tribunal | bench | bar
284,courtroom,noun,B1,The room in which a court of law meets.,Silence fell over the courtroom as the presiding judge entered.,court chamber | tribunal hall
285,creature,noun,B1,"An animal, as distinct from a human being, or a fictional being.",The deep marine trench is home to extraordinary bioluminescent creatures.,animal | organism | living thing | beast
286,crime,noun,B1,An action or omission that constitutes an offense that may be prosecuted by the state.,Community neighborhood patrols help reduce street crime.,offense | felony | transgression | lawbreaking
287,criminal,noun,B1,A person who has committed a crime.,Police apprehended the dangerous criminal at the border terminal.,offender | culprit | felon | lawbreaker
288,crisis,noun,B1,"A time of intense difficulty, trouble, or danger.",The regional water shortage developed into a serious public health crisis.,emergency | catastrophe | turning point | predicament
289,crop,noun,B1,"A cultivated plant that is grown as food, especially a grain, fruit, or vegetable.",Wheat and barley are essential staple cereal crops in the highlands.,yield | harvest | produce | grain
290,cube,noun,B1,"A symmetrical three-dimensional shape, either solid or hollow, contained by six equal squares.",He rolled a wooden numbered dice cube on the table.,block | square prism
291,cuisine,noun,B1,"A style or method of cooking, especially as characteristic of a particular country or region.",Ethiopian cuisine is renowned worldwide for savory injera and spicy stews.,cooking | cookery | dishes | fare
292,cultivation,noun,B1,"The action of cultivating land, or the state of being cultivated.",Terraced hillside cultivation prevents topsoil runoff during seasonal downpours.,farming | tillage | husbandry | agronomy
293,curiosity,noun,B1,A strong desire to know or learn something.,Scientific curiosity drives astronomers to explore deep space phenomena.,inquisitiveness | interest | wonder
294,currency,noun,B1,A system of money in general use in a particular country.,The Ethiopian birr is the official legal currency of Ethiopia.,money | legal tender | coinage | banknotes
295,curriculum,noun,B1,The subjects comprising a course of study in a school or college.,The national science curriculum emphasizes environmental conservation.,syllabus | educational program | course of study
296,custom,noun,B1,A traditional and widely accepted way of behaving or doing something.,It is a customary local custom to remove shoes before entering a dwelling.,tradition | practice | convention | ritual
297,cycling,noun,B1,The sport or activity of riding a bicycle.,Cycling to work promotes physical cardiovascular health and cuts emissions.,biking | bicycling
298,cyclist,noun,B1,A person who rides a bicycle.,The lead cyclist accelerated up the steep mountain road during the tour.,biker | bicycle rider | pedalist
299,cyclone,noun,B1,A system of winds rotating inward to an area of low atmospheric pressure.,Meteorologists tracked the tropical cyclone as it approached coastal bays.,hurricane | typhoon | tempest | gale
300,cylinder,noun,B1,A solid geometrical figure with straight parallel sides and a circular or oval cross section.,Gasoline is stored in a heavy steel pressurized cylinder.,tube | column | barrel | roll
301,dairy,noun,B1,"A building or room for the processing, storage, and distribution of milk and its products.","The local agricultural dairy produces fresh pasteurized milk, yogurt, and butter.",creamery | milk plant
302,dam,noun,B1,"A barrier constructed to hold back water and raise its level, forming a reservoir used to generate electricity.",The massive concrete hydroelectric dam generates power for millions of citizens.,barrage | weir | dyke | embankment
303,database,noun,B1,"A structured set of data held in a computer, especially one that is accessible in various ways.",The hospital library maintains a digital database of medical journals.,data repository | bank | registry | archive
304,deadline,noun,B1,The latest time or date by which something should be completed.,Ensure your research paper is submitted before the Friday midnight deadline.,due date | time limit | cutoff
305,deal,noun,B1,An agreement entered into by two or more parties for mutual benefit.,The cooperative struck a favorable trade deal with regional exporters.,agreement | pact | contract | transaction
306,debt,noun,B1,"Something, typically money, that is owed or due.",He paid off all his student loan debt within five years of graduating.,liability | arrears | dues | obligation
307,decay,noun,B1,The state or process of rotting or decomposing; structural rot.,Sugar promotes tooth decay by feeding bacteria on the enamel surface.,decomposition | rot | corrosion | breakdown
308,decimal,noun,B1,Relating to or denoting a system of numbers and arithmetic based on the number ten.,Express the mathematical fraction three-quarters as the decimal point seven five.,decimal fraction | decimal number
309,decoration,noun,B1,The process or art of decorating or adorning something; things that decorate.,Festive colorful decorations adorned the community hall for the New Year banquet.,ornamentation | embellishment | adornment | trim
310,defeat,noun,B1,"An instance of being defeated in a battle, contest, or game.",The team analyzed their unexpected match defeat to improve team tactics.,loss | beating | failure | overthrow
311,deforestation,noun,B1,"The clearing of trees, transforming a forest into cleared land.",Deforestation in tropical basins destroys native wildlife biodiversity.,logging | clear-cutting | forest clearance
312,delay,noun,B1,A period of time by which something is late or postponed.,Blizzard winds caused a two-hour flight delay at the airport.,hold-up | postponement | wait | deferral
313,demand,noun,B1,"An insistent and peremptory request, or consumer desire for a good.",There is growing consumer demand for energy-efficient solar panels.,request | requirement | need | appetite
314,density,noun,B1,The degree of compactness of a substance; mass per unit volume.,Lead possesses a substantially higher physical density than aluminum.,compactness | solidity | massiveness
315,destination,noun,B1,The place to which someone or something is going or being sent.,Paris remains one of the most popular holiday destinations worldwide.,stop | goal | terminal | objective
316,detergent,noun,B1,A water-soluble cleansing substance which combines with impurities and dirt to make them more soluble.,Add a capful of eco-friendly liquid detergent to the washing machine drum.,washing powder | cleanser | soap powder
317,determination,noun,B1,Firmness of purpose; resoluteness.,"Through sheer personal determination, she mastered conversational English.",resolve | willpower | tenacity | perseverance
318,diagnosis,noun,B1,The identification of the nature of an illness or other problem by examination.,An ultrasound scan helped the physician confirm an accurate diagnosis.,identification | determination | evaluation
319,diagram,noun,B1,"A simplified drawing showing the appearance, structure, or workings of something.",The textbook includes a clear diagram illustrating the human circulatory system.,chart | plan | schematic | blueprint
320,diameter,noun,B1,"A straight line passing from side to side through the center of a body or figure, especially a circle.",The circular water pipe has an internal diameter of fifteen centimeters.,width across | bore | caliber
321,digestion,noun,B1,The process of breaking down food by mechanical and enzymatic action in the alimentary canal.,Dietary fiber promotes smooth intestinal digestion and gut health.,metabolism | assimilation
322,dimension,noun,B1,"A measurable extent of some kind, such as length, breadth, depth, or height.",Measure the precise dimensions of the window frame before ordering glass.,measurement | proportion | extent | size
323,dimple,noun,B1,"A small natural depression or hollow on the body, especially on the cheek.",A charming dimple appeared on her cheek whenever she smiled.,indentation | cleft | depression
324,diploma,noun,B1,A certificate awarded by an educational establishment to show that someone has successfully completed a course.,She proudly received her high school diploma at graduation.,certificate | qualification | parchment
325,disadvantage,noun,B1,An unfavorable circumstance or condition that reduces the chances of success.,Lacking high-speed internet access is a serious educational disadvantage.,drawback | handicap | downside | detriment
326,disagreement,noun,B1,Lack of consensus or approval; a dispute.,The colleagues resolved their minor disagreement through respectful dialogue.,dispute | divergence | conflict | clash
327,disappointment,noun,B1,The feeling of sadness or displeasure caused by the nonfulfillment of one's hopes or expectations.,He accepted the match defeat with grace despite his profound disappointment.,letdown | sorrow | dismay | dissatisfaction
328,discipline,noun,B1,"A branch of knowledge, typically one studied in higher education.",Sociology is an insightful academic discipline exploring communities.,field | subject | branch | area of study
329,discount,noun,B1,A deduction from the usual cost of something.,Students and senior citizens receive a twenty percent discount on tickets.,reduction | deduction | concession | rebate
330,disorder,noun,B1,An illness that disrupts normal physical or mental functions.,Cognitive behavioral therapy effectively treats generalized anxiety disorder.,illness | affliction | malady | ailment
331,dispute,noun,B1,"A disagreement, argument, or debate.",An independent arbitrator was appointed to resolve the contract dispute.,controversy | conflict | altercation | friction
332,dissertation,noun,B1,"A long essay on a particular subject, especially one written for a university degree.",She defended her doctoral dissertation on renewable wind turbines.,thesis | treatise | academic paper
333,diver,noun,B1,"A person who dives underwater using apparatus, or a springboard athlete.",Scuba divers explored the colorful marine coral reef in the bay.,aquanaut | scuba diver | platform athlete
334,diversity,noun,B1,The state of being diverse; a range of different things or people.,Cultural diversity enriches educational discourse in university seminars.,variety | multiplicity | assortment | variance
335,division,noun,B1,A group of sports teams that compete against each other at a particular level.,Winning the tournament promoted the team to the premier athletic division.,tier | bracket | category | grade
336,dizziness,noun,B1,A sensation of spinning around and losing one's balance.,Dehydration often causes noticeable morning dizziness and nausea.,vertigo | giddiness | lightheadedness
337,documentation,noun,B1,"Material that provides official information or evidence, or serves as a record.",The software comes with comprehensive technical documentation for users.,records | archives | papers | credentials
338,doorbell,noun,B1,A bell in a building that can be rung by visitors outside to signal their presence.,The courier rang the front doorbell to deliver the urgent parcel.,chime | buzzer | entry bell
339,doorknob,noun,B1,A round handle on a door used for opening and closing it.,Turn the brass doorknob gently to open the bedroom door.,door handle | latch
340,dosage,noun,B1,The size or frequency of a dose of a medicine or drug.,Consult your pediatrician to determine the correct pediatric syrup dosage.,dose | prescription | portion | measure
341,drain,noun,B1,"A channel or pipe carrying off surplus liquid, especially rainwater or liquid waste.",Leaves clogged the outdoor patio drain during the torrential thunderstorm.,sewer | conduit | outlet | sinkhole
342,drawer,noun,B1,"A box-shaped storage compartment without a lid, made to slide in and out of a chest.",Keep clean cotton socks and handkerchiefs inside the top desk drawer.,compartment | tray | slider
343,drill,noun,B1,"A tool or machine with a rotating cutting tip or reciprocating hammer, used for making holes.",An electric cordless drill makes boring holes in masonry straightforward.,boring tool | auger
344,drums,noun,B1,"A set of percussion instruments consisting of hollow cylinders covered with skin, struck with sticks.",The energetic rock band drummer kept a steady driving beat on the drums.,percussion | drum kit | traps
345,duty,noun,B1,A moral or legal obligation; a task required by one's job.,Supervising laboratory safety is an essential duty of the technician.,responsibility | obligation | task | chore
346,ecology,noun,B1,The branch of biology that deals with the relations of organisms to one another and to their physical surroundings.,Students in the ecology field class examined freshwater pond flora.,environmental science | bionomics
347,economy,noun,B1,The state of a country or region in terms of production and consumption.,A thriving agricultural economy supports public infrastructure.,wealth | financial system | market
348,ecosystem,noun,B1,A biological community of interacting organisms and their physical environment.,Coral reefs represent one of the most diverse aquatic ecosystems on Earth.,ecological community | biome | habitat
349,efficiency,noun,B1,The state or quality of being efficient.,Thermal insulation improves household heating energy efficiency.,competence | productivity | efficacy
350,effort,noun,B1,A vigorous or determined attempt.,Mastering advanced vocabulary requires continuous dedication and effort.,endeavor | exertion | striving | labor
351,electrician,noun,B1,A person who installs and maintains electrical equipment.,An electrician rewired the circuit breaker box to prevent power surges.,electrical technician | wireman
352,emergency,noun,B1,"A serious, unexpected, and often dangerous situation requiring immediate action.",Dial the emergency hotline immediately if you detect smoke or fire.,crisis | disaster | critical situation | urgency
353,emission,noun,B1,"The production and discharge of something, especially gas or radiation.",Stricter vehicle inspections aim to minimize toxic diesel emissions.,discharge | release | venting | outflow
354,empathy,noun,B1,The ability to understand and share the feelings of another.,Deep personal empathy allows counselors to comfort grieving individuals.,compassion | understanding | sympathy | rapport
355,enforcement,noun,B1,The act of compelling observance of or compliance with a law or rule.,Strict safety enforcement reduced construction site accidents substantially.,implementation | application | administration
356,enrollment,noun,B1,The action of enrolling or being enrolled.,University enrollment increased significantly this academic year.,registration | matriculation | admission
357,enterprise,noun,B1,A business or company; a project or undertaking.,Supporting small agricultural enterprises boosts community prosperity.,business | endeavor | venture | project
358,enthusiasm,noun,B1,"Intense and eager enjoyment, interest, or approval.",The young students showed great enthusiasm for the science experiment.,passion | zeal | fervor | eagerness
359,enthusiast,noun,B1,A person who is highly interested in a particular activity or subject.,Acoustic guitar enthusiasts gathered in the hall for a masterclass.,fan | devotee | lover | buff
360,envy,noun,B1,"A feeling of discontented or resentful longing aroused by someone else's possessions, qualities, or luck.",She admired her sister's musical talent without feeling any envy.,jealousy | resentfulness | covetousness
361,epidemic,noun,B1,A widespread occurrence of an infectious disease in a community at a particular time.,Public health teams worked swiftly to contain the regional cholera epidemic.,outbreak | plague | wave | contagion
362,equation,noun,B1,A statement that the values of two mathematical expressions are equal.,The algebra students solved the linear equation for the unknown variable x.,mathematical problem | formula
363,erosion,noun,B1,"The process of eroding or being eroded by wind, water, or other natural agents.",Planting deep-rooted vetiver grass prevents riverbank topsoil erosion.,wearing away | degradation | attrition | weathering
364,eruption,noun,B1,An act or instance of erupting; the ejection of molten rock and steam from a volcano.,The volcanic eruption sent a massive cloud of ash high into the atmosphere.,outburst | discharge | explosion | flare-up
365,estimate,noun,B1,"An approximate calculation or judgment of the value, number, quantity, or extent of something.",The contractor gave an initial cost estimate for building the stone wall.,approximation | rough calculation | guess
366,evaluation,noun,B1,"The making of a judgment about the amount, number, or value of something.",The course evaluation helped professors refine their lecture materials.,assessment | appraisal | review | grading
367,evidence,noun,B1,The available body of facts or information indicating whether a belief or proposition is true.,Geological evidence shows that rivers once flowed across this desert.,proof | verification | data | confirmation
368,examination,noun,B1,"A detailed inspection or study, or a formal test of a person's knowledge.",Diligent students reviewed their lecture notes before the final examination.,test | assessment | inspection | audit
369,exchange,noun,B1,"The act of giving one thing and receiving another in return, especially currency.",Check the official foreign exchange rate before converting dollars.,conversion | swap | barter | trade
370,excitement,noun,B1,A feeling of great enthusiasm and eagerness.,The anticipation of the championship match generated citywide excitement.,thrill | exhilaration | eagerness | enthusiasm
371,excursion,noun,B1,"A short journey or trip, especially one taken as a leisure activity.",The school organized a weekend excursion to the national botanical gardens.,outing | jaunt | trip | day tour
372,executive,noun,B1,A person with senior managerial responsibility in a business organization.,Chief corporate executives met to deliberate on long-term investments.,administrator | director | chief | official
373,exhaustion,noun,B1,A state of extreme physical or mental fatigue.,Rest quietly in the shade and drink cool fluids to prevent heat exhaustion.,fatigue | weariness | prostration | depletion
374,exhibit,noun,B1,An object or collection of objects on public display in an art gallery or museum.,The dinosaur skeleton was the most popular exhibit in the natural history hall.,display | artifact | piece | item
375,exhibition,noun,B1,"A public display of works of art or items of interest, held in an art gallery or museum.",The contemporary art gallery hosted an exhibition of landscape paintings.,show | display | expo | showcase
376,expedition,noun,B1,"A journey or voyage undertaken by a group of people with a particular purpose, especially exploration.",Scientists launched an arctic expedition to study retreating glaciers.,exploration | quest | trek | safari
377,expense,noun,B1,The cost required for something; the money spent on something.,Rental housing is typically the largest monthly living expense.,cost | expenditure | outlay | charge
378,experiment,noun,B1,"A scientific procedure undertaken to make a discovery, test a hypothesis, or demonstrate a known fact.",The chemistry class performed an experiment on water electrolysis.,test | trial | practical | investigation
379,expression,noun,B1,The look on someone's face that conveys a particular emotion.,A joyful facial expression showed her happiness upon reuniting with family.,look | face | countenance | air
380,extinction,noun,B1,"The state or process of a species, family, or larger group being or becoming extinct.",Habitat destruction is the primary cause of modern animal extinction.,dying out | annihilation | eradication
381,facility,noun,B1,"A place, amenity, or piece of equipment provided for a particular purpose.",The university opened a modern athletic training facility with indoor pools.,amenity | center | complex | resource
382,faculty,noun,B1,"A group of university departments concerned with a major division of knowledge, or teaching staff.",The engineering faculty introduced three innovative degree programs.,department | teaching staff | academic body
383,famine,noun,B1,Extreme scarcity of food.,Humanitarian emergency grain shipments averted a widespread regional famine.,food shortage | starvation | scarcity
384,fatigue,noun,B1,Extreme tiredness resulting from mental or physical exertion or illness.,Chronic physical fatigue can indicate nutritional iron deficiency.,exhaustion | weariness | tiredness | lethargy
385,faucet,noun,B1,A device by which a flow of liquid or gas from a pipe or container can be controlled; tap.,The chrome kitchen sink faucet was polished to a bright shine.,tap | spigot | valve
386,feast,noun,B1,"A large meal, typically one in celebration of something.",The community gathered on New Year's Day to share a celebratory feast.,banquet | spread | dinner | repast
387,fermentation,noun,B1,"The chemical breakdown of a substance by bacteria, yeasts, or other microorganisms.",Yogurt and cheese are produced through beneficial bacterial fermentation.,leavening | culturing | brewing
388,ferry,noun,B1,"A boat or ship for conveying passengers and goods, especially over a relatively short distance.",A commuter ferry transports hundreds of island residents across the bay daily.,passenger boat | water taxi | shuttle boat
389,fertilizer,noun,B1,A chemical or natural substance added to soil or land to increase its fertility.,Organic compost serves as an eco-friendly soil fertilizer.,plant food | manure | compost | enrichment
390,fiction,noun,B1,"Literature in the form of prose, especially short stories and novels, that describes imaginary events.",She enjoys reading historical fiction novels in the quiet library.,novels | fantasy | creative writing | stories
391,finance,noun,B1,The management of large amounts of money by governments or companies.,She is completing a master's degree in corporate finance.,funds | capital | money management
392,fireplace,noun,B1,"A place for a domestic fire, especially a grate or hearth at the base of a chimney.",Dry pine logs crackled warmly in the brick living room fireplace.,hearth | grate | inglenook | fireside
393,firm,noun,B1,"A business concern, especially one involving a partnership of people.",She works at an established architectural design firm downtown.,enterprise | company | partnership | practice
394,fitness,noun,B1,The condition of being physically fit and healthy.,Cardiovascular workouts and strength drills improve general physical fitness.,health | strength | stamina | vigor
395,flock,noun,B1,"A number of birds of one kind feeding, resting, or traveling together, or sheep.",A flock of geese flew in a graceful V-formation across the autumn sky.,group | flight | bevy | herd
396,flute,noun,B1,"A high-pitched wind instrument consisting of a tube with holes along it, stopped by fingers or keys.","The silver concert flute produced a crystalline, bird-like tone.",pipe | recorder | woodwind
397,formula,noun,B1,A mathematical relationship or rule expressed in symbols.,Use the geometric formula to calculate the exact area of the triangle.,recipe | equation | prescription | rule
398,foul,noun,B1,"An unfair or invalid stroke or piece of play, especially one involving physical contact.",A deliberate trip inside the penalty box was penalized as a red card foul.,infraction | violation | penalty | offense
399,fraction,noun,B1,"A numerical quantity that is not a whole number (e.g. 1/2, 0.5).",Only a tiny fraction of atmospheric air consists of carbon dioxide.,portion | part | segment | percentage
400,fracture,noun,B1,"The cracking or breaking of a hard object or material, especially a bone.",The orthopedic surgeon set the patient's forearm bone fracture.,break | crack | fissure | split
401,freckle,noun,B1,"A small patch of light brown color on the skin, often becoming more pronounced through exposure to the sun.",Sunlight brought out small golden freckles across her nose and cheeks.,sunspot | blemish | speckle
402,freezer,noun,B1,A refrigerated cabinet or room for preserving food at very low temperatures.,Keep frozen berries and meat securely sealed inside the deep freezer.,deep-freeze | cold storage cabinet
403,frontier,noun,B1,A line or border separating two countries; an extreme limit of settled land.,Early explorers mapped uncharted mountainous frontier trails.,border | boundary | limit | perimeter
404,frustration,noun,B1,"The feeling of being upset or annoyed, especially because of inability to achieve something.",Tolerating bureaucratic red tape causes immense frustration for citizens.,exasperation | annoyance | irritation | vexation
405,fund,noun,B1,A sum of money saved or made available for a particular purpose.,The university established a scholarship fund for underprivileged youth.,endowment | reserve | kitty | capital
406,fury,noun,B1,Wild or violent anger.,The destructive fury of the ocean tempest battered the coastal pier.,rage | wrath | anger | outrage
407,gadget,noun,B1,"A small mechanical or electronic device or tool, especially an ingenious or novel one.",He bought a compact digital kitchen gadget that measures nutritional values.,device | appliance | tool | novelty
408,generation,noun,B1,"All of the people born and living at about the same time, regarded collectively.",The older generation transmitted ancestral farming techniques to their children.,age group | peer group | cohort
409,generosity,noun,B1,The quality of being kind and generous.,Neighbors appreciated her spontaneous generosity during the food drive.,charity | benevolence | magnanimity
410,genius,noun,B1,Exceptional intellectual or creative power or other natural ability.,Albert Einstein is universally celebrated as a scientific genius.,brilliance | intellect | mastermind | prodigy
411,geography,noun,B1,"The study of the physical features of the earth and its atmosphere, and of human activity.","Physical geography examines mountain ranges, oceans, and river valleys.",earth science | topography
412,gesture,noun,B1,"A movement of part of the body, especially a hand or the head, to express an idea or meaning.",A warm welcoming wave of the hand is a universal friendly gesture.,signal | sign | motion | wave
413,global warming,noun,B1,A gradual increase in the overall temperature of the earth's atmosphere generally attributed to the greenhouse effect.,Global warming is causing polar ice caps to melt at alarming rates.,climate crisis | greenhouse effect
414,golfer,noun,B1,"A person who plays golf, especially professionally.",The professional golfer sank a difficult twenty-foot birdie putt.,golf player
415,graduation,noun,B1,The receiving or conferring of an academic degree or diploma.,Her entire extended family gathered for her university graduation.,commencement | convocation
416,grain,noun,B1,Wheat or any other cultivated cereal crop used as food.,Silos store tons of dry grain for emergency regional bread production.,cereal | corn | kernel | seed
417,gratitude,noun,B1,The quality of being thankful; readiness to show appreciation.,He expressed sincere gratitude to the surgeon who saved his vision.,thankfulness | appreciation | gratefulness
418,greenhouse gas,noun,B1,"A gas that contributes to the greenhouse effect by absorbing infrared radiation, e.g., carbon dioxide.",Methane and carbon dioxide are potent greenhouse gases driving climatic shifts.,climate gas | atmospheric emission
419,guidebook,noun,B1,"A book of information about a place, designed for the use of visitors or tourists.",The detailed guidebook highlighted scenic mountain trails and traditional eateries.,travel guide | manual | handbook
420,guideline,noun,B1,"A general rule, principle, or piece of advice.",Health authorities published dietary guidelines for schoolchildren.,recommendation | instruction | direction | standard
421,gymnasium,noun,B1,"A hall or building equipped for gymnastics, basketball, and other physical exercise.",Students gather inside the high school gymnasium for winter volleyball drills.,gym | sports hall | fitness center
422,gymnastics,noun,B1,Exercises developing or displaying physical agility and coordination.,"Gymnastics requires remarkable flexibility, upper body strength, and balance.",acrobatics | tumbling | calisthenics
423,habitat,noun,B1,"The natural home or environment of an animal, plant, or other organism.",The coastal mangrove swamp is the natural breeding habitat of sea turtles.,natural territory | environment | home | biome
424,hallway,noun,B1,An interior passage in a building connecting rooms.,Leave your wet umbrella and muddy boots in the entryway hallway.,corridor | hall | entrance hall | passage
425,hammer,noun,B1,"A tool with a heavy metal head mounted at right angles at the end of a handle, used for pounding.",He used a steel claw hammer to drive the nail firmly into the wooden beam.,mallet | pounder | gavel
426,handrail,noun,B1,A rail fixed to posts or a wall for people to hold on to for support.,Grasp the sturdy wooden handrail when descending steep stone steps.,banister | railing | balustrade | rail
427,handyman,noun,B1,A person employed to do domestic repairs and odd jobs.,The building handyman fixed the sticking door and replaced burned-out bulbs.,fixer | repairman | jack-of-all-trades
428,harbor,noun,B1,"A place on the coast where vessels may find shelter, especially one protected from rough water.",Fishing trawlers anchored securely inside the sheltered stone harbor.,port | haven | anchorage | marina
429,hardware,noun,B1,"The machines, wiring, and other physical components of a computer or other electronic system.",Upgrading computer hardware enhances processing speed and storage capacity.,machinery | components | electronics
430,harmony,noun,B1,The combination of simultaneously sounded musical notes to produce chords with a pleasing effect.,The choral choir sang in four-part vocal harmony.,chords | tunefulness | consonance
431,harvest,noun,B1,The process or period of gathering in crops.,Farmers worked together to gather the autumn barley harvest before the frost.,yield | crop | reaping | gathering
432,headline,noun,B1,A heading at the top of an article or page in a newspaper or magazine.,The morning newspaper's front-page headline announced the treaty.,heading | title | caption | banner
433,headquarters,noun,B1,The premises serving as the managerial and administrative center of an organization.,The humanitarian agency established its international headquarters in Geneva.,main office | base | command center | HQ
434,hearth,noun,B1,"The floor of a fireplace, often extending into a room.",A woven fire rug lay safely before the stone fireplace hearth.,fireside | fireplace floor
435,herbivore,noun,B1,An animal that feeds on plants.,Zebras and cattle are grazing herbivores that thrive on savannah grasses.,plant-eater | vegetarian creature
436,herd,noun,B1,"A large group of animals, especially hoofed mammals, that live together or are kept together.",The shepherd guided the herd of goats toward the mountain stream.,flock | pack | drove | group
437,heritage,noun,B1,Property that is or may be inherited; valued objects and qualities such as historic buildings.,Preserving traditional folk music safeguards our cultural heritage.,legacy | tradition | inheritance | culture
438,hive,noun,B1,"A beehive; a structure in which bees are kept, typically in the form of a dome.",Beekeepers inspected the cedar wood hive for honeycombs.,beehive | apiary | colony
439,honesty,noun,B1,The quality of being honest; truthfulness.,Honesty and mutual respect form the foundation of enduring friendship.,truthfulness | integrity | sincerity | candor
440,honeycomb,noun,B1,"A structure of hexagonal cells of wax, made by bees to store honey and eggs.",Fresh golden honey dripped from the chambers of the natural honeycomb.,wax cells | comb
441,human rights,noun,B1,A right that is believed to belong justifiably to every person.,"The international treaty protects universal human rights, dignity, and speech.",civil liberties | natural rights | fundamental freedoms
442,humility,noun,B1,A modest or low view of one's own importance; humbleness.,Great leaders listen to counsel with genuine patience and humility.,modesty | humbleness | meekness
443,humor,noun,B1,"The quality of being amusing or comic, especially as expressed in literature or speech.",A healthy sense of humor helps people manage daily work stress.,wit | comedy | amusement | funniness
444,hygiene,noun,B1,"Conditions or practices conducive to maintaining health and preventing disease, especially through cleanliness.",Personal hygiene includes frequent handwashing and brushing teeth.,cleanliness | sanitation | personal care
445,hypothesis,noun,B1,A proposed explanation made on the basis of limited evidence as a starting point for further investigation.,Researchers tested the hypothesis through controlled laboratory experiments.,proposition | theory | conjecture | premise
446,immunity,noun,B1,The ability of an organism to resist a particular infection or toxin.,Nutritious diets and adequate sleep strengthen human cellular immunity.,resistance | defense | protection
447,impact,noun,B1,"The action of one object coming forcibly into contact with another, or a marked effect.",Clean solar energy has a profound positive impact on rural communities.,effect | influence | impression | collision
448,incentive,noun,B1,A thing that motivates or encourages one to do something.,The company offers bonus incentives for meeting project delivery targets.,inducement | motivation | reward | stimulus
449,income,noun,B1,"Money received, especially on a regular basis, for work or through investments.",A percentage of household income should be set aside as savings.,earnings | salary | revenue | pay
450,independence,noun,B1,The fact or state of being independent; self-governance.,Citizens celebrated national independence day with music and fireworks.,freedom | self-government | liberty | autonomy
451,indigestion,noun,B1,Pain or discomfort in the stomach associated with difficulty in digesting food.,"Eating oily, spicy food late at night can cause severe indigestion.",dyspepsia | upset stomach | heartburn
452,industry,noun,B1,Economic activity concerned with the processing of raw materials.,The manufacturing industry provides thousands of skilled jobs.,manufacturing | production | commerce | business
453,infection,noun,B1,The process of infecting or the state of being infected with a disease-causing organism.,Thorough antiseptic cleaning prevents bacterial skin infection in open cuts.,contamination | contagion | disease | sepsis
454,infrastructure,noun,B1,The basic physical and organizational structures and facilities needed for society.,"Good bridges, clean water networks, and roads are core infrastructure.",framework | foundations | public works | utilities
455,ingredient,noun,B1,Any of the foods or substances that are combined to make a particular dish.,"Fresh garlic, onions, and berbere spice are indispensable stew ingredients.",component | element | constituent | item
456,inhabitant,noun,B1,A person or animal that lives in or occupies a place.,The coastal town has roughly fifteen thousand permanent inhabitants.,resident | dweller | occupant | citizen
457,injection,noun,B1,An instance of injecting or being injected with medicine using a syringe.,The nurse gave a gentle intramuscular injection to administer the vaccine.,shot | inoculation | jab | syringe dose
458,innocence,noun,B1,"The state, quality, or fact of being innocent of a crime or offense.",New forensic DNA evidence established the prisoner's complete innocence.,blamelessness | guiltlessness | purity
459,innovation,noun,B1,"A new method, idea, product, etc.",Technological innovation has streamlined logistics and urban public transit.,novelty | advancement | modernisation | breakthrough
460,installation,noun,B1,The action or process of installing equipment or software.,Software installation requires administrative permissions on the desktop.,setup | implementation | fitting
461,insurance,noun,B1,An arrangement by which a company undertakes to provide a guarantee of compensation for specified loss.,Travel insurance covers medical emergencies during trips abroad.,indemnity | protection | coverage | security
462,intention,noun,B1,A thing intended; an aim or plan.,Her genuine intention is to establish a free literacy center for children.,aim | purpose | objective | goal | plan
463,interest,noun,B1,Money paid regularly at a particular rate for the use of borrowed money.,The savings deposit account earns four percent annual interest.,dividend | profit rate | return | percentage
464,intern,noun,B1,"A student or trainee who works, sometimes without pay, in order to gain work experience.",The engineering intern shadowed senior developers during sprints.,trainee | apprentice | novice
465,internship,noun,B1,"The position of a student or trainee who works in an organization, sometimes without pay, to gain experience.",She completed a prestigious summer internship at the medical research institute.,traineeship | apprenticeship | practical training
466,interview,noun,B1,A formal meeting in which one or more persons question or evaluate another.,She prepared thoroughly for her final job interview on Monday.,meeting | consultation | oral examination
467,invention,noun,B1,"The action of inventing something, typically a process or device.",The invention of the printing press democratized knowledge across continents.,creation | innovation | contrivance | device
468,investigation,noun,B1,The action of investigating something or someone; formal systematic examination.,Detectives launched a thorough forensic investigation into the theft.,inquiry | examination | probe | scrutiny
469,investigator,noun,B1,A person who carries out a formal inquiry or investigation.,The lead fire investigator examined the charred warehouse rafters.,detective | inspector | researcher | examiner
470,investment,noun,B1,The action or process of investing money for profit or material result.,Investing in green technology is a smart long-term investment.,asset | funding | venture | speculation
471,investor,noun,B1,A person or organization that puts money into financial schemes or shares.,Angel investors provided startup capital for the tech enterprise.,backer | financier | shareholder | sponsor
472,irrigation,noun,B1,"The supply of water to land or crops to help growth, typically by means of channels.",Modern drip irrigation conserves water while maximizing crop yields.,watering | flooding | canalization
473,irritation,noun,B1,"The state of feeling annoyed, impatient, or slightly angry.",He rubbed his temple in irritation as the train was delayed once more.,annoyance | exasperation | vexation | pique
474,itinerary,noun,B1,A planned route or journey; a travel timetable.,Our European travel itinerary included visits to museums and historic castles.,travel schedule | tour plan | timetable
475,jealousy,noun,B1,The state or feeling of being jealous; envy.,Jealousy can poison trust between close teammates.,envy | resentment | bitterness
476,journal,noun,B1,A newspaper or magazine that deals with a particular subject or professional activity.,She submitted her biochemistry paper to a peer-reviewed medical journal.,periodical | magazine | gazette | publication
477,journalism,noun,B1,"The activity or profession of writing for newspapers, magazines, or news websites.",He studied digital investigative journalism at the state university.,the press | news reporting | fourth estate
478,judge,noun,B1,A public official appointed to decide cases in a court of law.,The impartial judge reviewed constitutional precedents before ruling.,magistrate | justice | jurist | arbitrator
479,judo,noun,B1,A sport of unarmed combat using principles of leverage and balance to throw opponents.,"Olympic judo matches require exceptional leverage, timing, and balance.",grappling sport | martial art
480,jury,noun,B1,A body of people sworn to give a verdict in a legal case on the basis of evidence submitted to.,The jury deliberated for three hours before returning a unanimous verdict.,panel | peer tribunal | jurors
481,justice,noun,B1,Just behavior or treatment; the quality of being fair and reasonable.,The legal court system strives to deliver impartial and swift justice.,fairness | equity | impartiality | rightfulness
482,karate,noun,B1,An Asian system of unarmed combat using the hands and feet to deliver strikes.,He earned his black belt in traditional karate after six years of practice.,martial art | hand combat
483,kettle,noun,B1,"A container or household device in which water is boiled, typically having a lid, spout, and handle.",Fill the stainless steel electric kettle with filtered water for tea.,tea kettle | boiler | pot
484,labor,noun,B1,"Work, especially hard physical work, or workers considered collectively.",Agricultural harvesting requires intensive seasonal manual labor.,work | toil | exertion | effort | workforce
485,laboratory,noun,B1,"A room or building equipped for scientific experiments, research, or teaching.",Protective goggles and lab coats are required inside the chemical laboratory.,lab | research facility | testing center
486,ladder,noun,B1,"A structure consisting of a series of bars or steps between two upright lengths of wood, metal, or rope.",He climbed the aluminum extension ladder to paint the second-story eaves.,stepladder | scaling ladder | steps
487,lamp,noun,B1,"A device for giving light, especially one that has a bulb and shade.",Switch on the brass reading lamp beside the armchair.,light | lantern | light fixture
488,landing,noun,B1,The action of an aircraft returning to the ground after a flight.,The pilot executed a remarkably smooth landing on the icy runway.,touchdown | arrival | descent
489,landlady,noun,B1,"A woman who leases land, a building, or rooms to a tenant.",The landlady provided warm blankets and clean towels for the guest.,female owner | lessor | proprietress
490,landmark,noun,B1,An object or feature of a landscape or town that is easily seen and recognized from a distance.,The historic stone clock tower is the city's most recognizable landmark.,monument | milestone | feature | marker
491,lawsuit,noun,B1,A claim or dispute brought to a court of law for adjudication.,The neighbors settled their boundary property lawsuit out of court.,litigation | court case | legal action | suit
492,lawyer,noun,B1,A person who practices or studies law; an attorney or counselor.,The defense lawyer argued convincingly for her client's release.,attorney | counsel | advocate | solicitor
493,league,noun,B1,"A collection of people, countries, or sports groups that combine for a mutual purpose.",The club earned promotion to the top professional national soccer league.,association | federation | division | conference
494,lecture,noun,B1,"An educational talk to an audience, especially to students in a university.",The visiting professor gave an engaging lecture on astrophysics.,presentation | address | discourse | talk
495,lecturer,noun,B1,"A person who gives lectures, especially as an occupation at a university.",The senior lecturer answered students' questions after class.,instructor | professor | academic | tutor
496,leisure,noun,B1,Time when one is not working or occupied; free time.,She spends her weekend leisure reading classic literature and gardening.,free time | spare time | downtime | recreation
497,lifestyle,noun,B1,The way in which a person or group lives.,"Adopting an active, smoke-free lifestyle significantly reduces cardiac risks.",way of life | living habit | existence
498,literature,noun,B1,"Written works, especially those considered of superior or lasting artistic merit.",Ethiopian classical literature encompasses ancient Ge'ez manuscripts.,letters | creative writing | belles-lettres
499,livestock,noun,B1,Farm animals regarded as an asset.,Veterinarians visit rural cooperatives to vaccinate farm livestock.,farm animals | cattle | herd | stock
500,loan,noun,B1,"A thing that is borrowed, especially a sum of money that is expected to be paid back with interest.",She applied for a bank loan to purchase machinery for her business.,credit | advance | mortgage
501,locomotive,noun,B1,A powered rail vehicle used for pulling trains.,A powerful electric locomotive pulled the passenger coaches smoothly.,engine | train engine | iron horse
502,loss,noun,B1,An amount of money lost by a business or organization.,Unseasonable drought resulted in a financial loss for the farm.,deficit | deficit balance | reduction
503,lotion,noun,B1,"A thick, smooth liquid preparation designed to be applied to the skin for medicinal or cosmetic purposes.",Apply moisturizing aloe vera lotion to soothe dry skin after swimming.,moisturizer | cream | balm | ointment
504,loyalty,noun,B1,The quality of being loyal to someone or something.,The company values customer loyalty and offers discounts to longtime patrons.,faithfulness | fidelity | allegiance | devotion
505,luggage,noun,B1,Suitcases or other bags in which to pack personal belongings for traveling.,Cabin attendants helped travelers stow overhead hand luggage safely.,baggage | suitcases | gear | bags
506,lyrics,noun,B1,The words of a song.,She printed out the song lyrics so she could sing along accurately.,song words | verses | libretto | text
507,maintenance,noun,B1,The process of maintaining or preserving someone or something.,Routine road maintenance prevents potholes from forming after winter storms.,upkeep | servicing | preservation | repair
508,mammal,noun,B1,A warm-blooded vertebrate animal of a class that is distinguished by the possession of hair and milk for the nourishment.,Whales and elephants are warm-blooded mammals that nurse their young.,vertebrate | creature
509,management,noun,B1,The process of dealing with or controlling things or people.,Effective hospital management requires compassion and clear organization.,administration | governance | direction | supervision
510,manufacturer,noun,B1,A person or company that makes goods for sale.,The automobile manufacturer introduced an electric passenger vehicle.,producer | maker | industrialist | builder
511,marathon,noun,B1,A long-distance running race with an official distance of 42.195 kilometers (26 miles 385 yards).,Thousands of runners from sixty countries competed in the city marathon.,road race | long-distance race
512,martial arts,noun,B1,"Various sports or skills, mainly of Japanese origin, that originated as forms of self-defense.","Practicing martial arts instills discipline, mental focus, and respect.",combat sport | self-defense
513,mattress,noun,B1,A fabric case filled with resilient material used as a bed or on a bed frame.,An ergonomic firm mattress supports healthy spinal alignment while resting.,bed base | pallet | futon
514,meadow,noun,B1,"A piece of grassland, especially one used for hay.",Colorful alpine wildflowers carpeted the sunny highland meadow.,pasture | field | grassland | lea
515,mechanic,noun,B1,"A person who repairs and maintains machinery, especially motor vehicle engines.",The certified mechanic inspected the automobile's brake pads and alternator.,technician | repairer | engineer | motor specialist
516,melody,noun,B1,A sequence of single notes that is musically satisfying; a tune.,"The acoustic flute produced a haunting, peaceful mountain melody.",tune | air | theme | song
517,methodology,noun,B1,A system of methods used in a particular area of study or activity.,The introductory chapter outlines the sociological research methodology.,framework | procedure | system | approach
518,microwave,noun,B1,An oven that uses microwaves to cook or heat food quickly.,Warm up the leftover soup inside the countertop microwave oven.,microwave oven | radar range
519,migration,noun,B1,Seasonal movement of animals from one region to another; movement of people.,The annual wildebeest migration across the Serengeti is an awe-inspiring spectacle.,trek | relocation | exodus | movement
520,modesty,noun,B1,The quality or state of being unassuming or moderate in the estimation of one's abilities.,True wisdom is characterized by intellectual modesty and open-mindedness.,humility | unpretentiousness | reserve
521,monument,noun,B1,"A statue, building, or other structure erected to commemorate a notable person or event.",A granite monument honors the patriots who defended national sovereignty.,memorial | statue | shrine | cenotaph
522,mop,noun,B1,"An implement consisting of a sponge or a bundle of thick loose strings fastened to a handle, used for wiping.",Wring out the wet string mop before wiping down the kitchen tile floor.,floor swab | squeegee | sponge
523,motivation,noun,B1,The reason or reasons one has for acting or behaving in a particular way.,Maintaining personal health is a strong motivation for daily exercise.,incentive | drive | inspiration | enthusiasm
524,navigation,noun,B1,The process or activity of accurately ascertaining one's position and planning a route.,Modern maritime vessels rely on satellite global navigation systems.,steering | piloting | route-finding | seamanship
525,negotiation,noun,B1,Discussion aimed at reaching an agreement.,Peaceful negotiations resolved the industrial dispute fairly.,talks | bargaining | dialogue | parley
526,network,noun,B1,"A group of interconnected people or things, or connected computers.",The high-speed fiber network connects rural schools to universities.,web | grid | system | interconnected chain
527,non-fiction,noun,B1,"Prose writing that is based on facts, real events, and real people, such as biography or history.",Biographies and science histories belong to the category of non-fiction.,factual writing | biography | documentary prose
528,nutrient,noun,B1,A substance that provides nourishment essential for growth and the maintenance of life.,Fruits and vegetables supply essential vitamins and mineral nutrients.,nourishment | dietary element
529,nutrition,noun,B1,The process of providing or obtaining the food necessary for health and growth.,Public schools teach children about balanced balanced dietary nutrition.,nourishment | sustenance | dietary regime
530,occupation,noun,B1,A job or profession.,Please state your full name and current occupation on the visa form.,job | profession | trade | vocation
531,opponent,noun,B1,"Someone who competes against or fights another in a contest, game, or argument.",He studied video footage of his boxing opponent to anticipate combinations.,rival | adversary | challenger | competitor
532,optimism,noun,B1,Hopefulness and confidence about the future or the successful outcome of something.,Youthful optimism inspires creative innovation in clean technologies.,hopefulness | positivity | confidence
533,orchard,noun,B1,A piece of land planted with fruit trees.,Children picked ripe red apples in the family orchard every autumn.,fruit grove | plantation
534,orchestra,noun,B1,"A large group of musicians playing string, woodwind, brass, and percussion instruments together.",The symphony orchestra performed Beethoven's Fifth Symphony brilliantly.,symphony | philharmonic | ensemble | band
535,outcome,noun,B1,The way a thing turns out; a consequence.,A collaborative dialogue yielded a mutually beneficial project outcome.,result | consequence | end | conclusion
536,outskirts,noun,B1,The outer parts of a town or city.,The new distribution warehouse was constructed on the city outskirts.,suburbs | edges | borders | periphery
537,pandemic,noun,B1,An outbreak of a disease prevalent over a whole country or the entire world.,The global pandemic disrupted air travel and international trade networks.,global outbreak | universal disease
538,partnership,noun,B1,An association of two or more people as partners in business.,The medical clinic entered a strategic partnership with the pharmacy.,alliance | coalition | union | affiliation
539,pastime,noun,B1,An activity that someone does regularly for enjoyment rather than work; a hobby.,Photography and birdwatching are his favorite countryside pastimes.,hobby | recreation | pursuit | diversion
540,pasture,noun,B1,Land covered with grass and other low plants suitable for grazing animals.,Cattle and horses grazed across the expansive green mountain pasture.,meadow | grazing land | grassland | lea
541,pedestrian,noun,B1,A person walking along a road or in a developed area.,Drivers must yield the right of way to any crossing pedestrian.,walker | foot traveler | stroller
542,penalty,noun,B1,"A punishment imposed for breaking a law, rule, or contract.",The company faced a severe financial penalty for violating safety rules.,fine | punishment | sanction | forfeit
543,pension,noun,B1,A regular payment made during a person's retirement from an investment fund.,Retired civil servants receive a reliable monthly government pension.,retirement pay | annuity | superannuation
544,perception,noun,B1,"The ability to see, hear, or become aware of something through the senses; insight.",Traveling abroad sharpens a person's cultural perception of diverse peoples.,insight | awareness | discernment | grasp
545,performer,noun,B1,"A person who entertains an audience, e.g., an actor, singer, or musician.",Talented acoustic performers sang traditional Ethiopian folk songs.,artist | entertainer | player | thespian
546,perimeter,noun,B1,The continuous line forming the boundary of a closed geometric figure.,Calculate the total perimeter of the rectangular vegetable garden.,boundary | circumference | border | margin
547,personnel,noun,B1,People employed in an organization or engaged in an organized undertaking.,Only authorized security personnel may enter the server facility.,staff | employees | workforce | human resources
548,pessimism,noun,B1,A tendency to see the worst aspect of things or believe that the worst will happen.,Persistent cynicism and pessimism can sap a team's motivation.,gloom | cynicism | defeatism | despair
549,pesticide,noun,B1,A substance used for destroying insects or other organisms harmful to cultivated plants.,Organic farms avoid synthetic chemical pesticides to protect pollinators.,insecticide | weedkiller | pest control
550,pipe,noun,B1,"A tube used to convey water, gas, oil, or other fluid substances.",Insulate copper water pipes to prevent freezing during sub-zero blizzards.,tube | conduit | main | duct
551,pitch,noun,B1,"An area of ground marked out or used for play in sports such as soccer, rugby, or cricket.","Rain saturated the turf soccer pitch, making the ball slide unpredictably.",field | ground | turf | park
552,plagiarism,noun,B1,The practice of taking someone else's work or ideas and passing them off as one's own.,Universities employ plagiarism detection software to safeguard integrity.,infringement | intellectual theft | copying
553,plaster,noun,B1,An adhesive strip of material for dressing minor wounds; cast for broken bones.,She applied a small waterproof plaster over the blister on her finger.,band-aid | adhesive bandage | cast
554,plot,noun,B1,"The main events of a play, novel, movie, or similar work, devised and presented as an interrelated sequence.","The mystery novel features a thrilling, intricate storyline plot.",storyline | story | narrative | scenario
555,plow,noun,B1,"A large farming implement with one or more blades fixed in a frame, drawn by a tractor or animals to.",Oxen pulled the traditional wooden plow across the fertile farmland.,plough | cultivator | blade
556,plumber,noun,B1,"A person who installs and repairs the pipes and fittings of water supply, sanitation, or heating systems.",The plumber tightened the pipe joint and resolved the kitchen leak.,pipefitter | technician
557,plumbing,noun,B1,"The system of pipes, tanks, fittings, and other apparatus required for the water supply.",Call a certified technician to inspect the apartment bathroom plumbing.,water system | piping | drainage
558,policy,noun,B1,A course or principle of action adopted by an organization; an insurance contract.,The corporate policy strictly prohibits workplace harassment.,guideline | rule | strategy | protocol
559,pollutant,noun,B1,"A substance that pollutes something, especially water or the atmosphere.",Chemical pollutants in the lake endangered local fish populations.,contaminant | toxin | poison | waste
560,population,noun,B1,"All the inhabitants of a particular town, area, or country.",The city's urban population grew steadily over the past decade.,inhabitants | residents | citizenry | populace
561,porch,noun,B1,A covered shelter projecting in front of the entrance of a building.,They sat on wooden rocking chairs on the front porch enjoying the evening breeze.,veranda | portico | entryway | stoop
562,port,noun,B1,"A town or city with a harbor where ships load or unload, especially one where customs officers are stationed.",The busy commercial seaport handles maritime cargo from five continents.,harbor | dockyard | haven | terminal
563,portion,noun,B1,An amount of food suitable for or served to one person.,The restaurant serves generous portions of grilled fish and vegetables.,serving | helping | ration | allocation
564,postgraduate,noun,B1,A student who has successfully completed a first degree and is taking a higher degree.,Postgraduates conducted laboratory research for their dissertations.,graduate student | master's candidate
565,posture,noun,B1,The position in which someone holds their body when standing or sitting.,Ergonomic desk chairs encourage healthy upright sitting posture.,bearing | stance | carriage | pose
566,predator,noun,B1,An animal that naturally preys on others.,The leopard is a stealthy nocturnal predator in the mountain forest.,hunter | carnivore | raptor
567,prescription,noun,B1,An instruction written by a medical practitioner that authorizes a patient to be provided with a medicine.,The pharmacist filled the physician's prescription for antibiotics.,order | directive | recipe | authorization
568,presentation,noun,B1,A speech or talk in which a new idea or piece of work is shown and explained to an audience.,Each student gave a ten-minute presentation on global warming.,lecture | address | talk | demonstration
569,preservative,noun,B1,"A substance used to preserve foodstuffs, wood, or other materials against decay.",Natural sea salt acts as an effective traditional food preservative.,curing agent | antimicrobial additive
570,prevention,noun,B1,The action of stopping something from happening or arising.,Hand hygiene and immunization are fundamental pillars of disease prevention.,deterrence | avoidance | containment | defense
571,prey,noun,B1,An animal that is hunted and killed by another for food.,Antelopes graze alertly on the savannah to avoid becoming lion prey.,quarry | game | target | victim
572,pride,noun,B1,A feeling of deep pleasure or satisfaction derived from one's own achievements.,He takes genuine pride in the quality of his handmade leather goods.,satisfaction | self-esteem | dignity | self-respect
573,priority,noun,B1,The fact or condition of being regarded or treated as more important than others.,Safety is the foremost priority on the construction site.,prime concern | preference | precedence
574,procedure,noun,B1,An established or official way of doing something.,Laboratory technicians follow a rigorous chemical safety procedure.,protocol | method | process | system
575,product,noun,B1,An article or substance that is manufactured or refined for sale.,The company launched an innovative natural skin care product.,commodity | item | article | merchandise
576,production,noun,B1,The action of making or manufacturing from components or raw materials.,Factory production increased by fifteen percent following modernization.,manufacturing | fabrication | assembly | creation
577,productivity,noun,B1,"The effectiveness of productive effort, especially in industry.",Ergonomic workstations enhance office staff productivity and comfort.,efficiency | output | yield | work rate
578,profession,noun,B1,"A paid occupation, especially one that involves prolonged training and a formal qualification.",Teaching is a noble profession that shapes future generations.,career | vocation | occupation | calling
579,profit,noun,B1,"A financial gain, especially the difference between amount earned and spent.",The agricultural store recorded a substantial annual net profit.,gain | return | yield | earnings
580,program,noun,B1,A series of coded software instructions to control the operation of a computer.,He wrote a simple Python program to calculate classroom test averages.,software | application | code | routine
581,programmer,noun,B1,A person who writes computer programs.,The software programmer debugged the database queries thoroughly.,developer | coder | software engineer
582,prohibition,noun,B1,"The action of forbidding something, especially by law.",The state enacted a complete prohibition on single-use plastic bags.,ban | veto | bar | restriction
583,proof,noun,B1,Evidence or argument establishing or helping to establish a fact or the truth of a statement.,The mathematician published an elegant deductive proof of the theorem.,evidence | confirmation | verification | testimony
584,property,noun,B1,"A thing or things belonging to someone, or an attribute of something.",Patents safeguard the intellectual property rights of inventors.,possessions | belongings | estate | characteristic
585,proportion,noun,B1,"A part, share, or number considered in comparative relation to a whole.",A large proportion of the student body participates in athletic sports.,ratio | percentage | fraction | quota
586,publication,noun,B1,"The preparation and issuing of a book, journal, piece of music, or document.",His scientific publication received praise from international botanists.,periodical | release | journal | book
587,punishment,noun,B1,The infliction or imposition of a penalty as retribution for an offense.,The law prescribes community service as a constructive juvenile punishment.,penalty | retribution | sanction | sentence
588,purchase,noun,B1,The action of buying something; a thing bought.,She was delighted with her purchase of a handwoven cotton scarf.,acquisition | buy | investment
589,puzzle,noun,B1,"A game, toy, or problem designed to test ingenuity or knowledge.",Solving daily crossword puzzles keeps the human memory sharp.,riddle | enigma | brainteaser | conundrum
590,pyramid,noun,B1,A monumental structure with a square or triangular base and sloping sides that meet in a point at the top.,Ancient builders erected monumental stone pyramids in northern Africa.,triangular structure | monument
591,qualification,noun,B1,A pass of an examination or an official completion of a course.,She possesses all the academic qualifications required for this post.,credential | certificate | diploma | eligibility
592,racket,noun,B1,"A bat with a round or oval frame strung with catgut or nylon, used in tennis, badminton, etc.",She strung her graphite tennis racket with high-tension nylon cord.,bat | paddle
593,radius,noun,B1,A straight line from the center to the circumference of a circle or sphere.,The radius of the circular fountain measures exactly three meters.,half-diameter
594,railway,noun,B1,A track made of steel rails along which trains run.,The transcontinental railway connected agricultural basins with deep-water seaports.,railroad | train line | tracks
595,rate,noun,B1,"A measure, quantity, or frequency, typically one measured against some other quantity.",The lending interest rate fluctuated throughout the fiscal year.,ratio | percentage | proportion | scale
596,ratio,noun,B1,The quantitative relation between two amounts showing the number of times one contains another.,The teacher-to-student ratio in the school is one to fifteen.,proportion | comparative relation | percentage
597,reaction,noun,B1,An action performed or a feeling experienced in response to a situation or event.,Her immediate reaction to the surprise banquet was pure delight.,response | feedback | answer | retort
598,recipe,noun,B1,"A set of instructions for preparing a particular dish, including a list of the ingredients required.",Follow the traditional sourdough bread recipe carefully for optimal crust.,formula | instructions | directions
599,recital,noun,B1,A performance of music or dance given by a soloist or small group.,The conservatory held a classical piano recital in the auditorium.,solo performance | concert | presentation
600,recovery,noun,B1,"A return to a normal state of health, mind, or strength.",Adequate sleep and nutritious meals accelerate post-surgery recovery.,recuperation | convalescence | rehabilitation | healing
601,recreation,noun,B1,Activity done for enjoyment when one is not working.,Municipal parks provide open green spaces for family rest and recreation.,leisure | pastime | relaxation | diversion
602,rectangle,noun,B1,"A plane figure with four straight sides and four right angles, especially one with unequal adjacent sides.",The football pitch is marked out as an expansive green rectangle.,oblong | box | quadrilateral
603,referee,noun,B1,An official who watches a game or match closely to enforce the rules and arbitrate.,The soccer referee blew his whistle to signal a foul outside the penalty box.,umpire | judge | adjudicator | arbiter
604,reference,noun,B1,"The action of mentioning or alluding to something, or a citation.",Include a complete list of academic references at the end of the essay.,citation | source | allusion | bibliography
605,refrigerator,noun,B1,An appliance or compartment which is artificially kept cool and used to store food and drink.,Store fresh dairy milk and leafy vegetables inside the cold refrigerator.,fridge | cooler | icebox
606,refund,noun,B1,"A repayment of a sum of money, typically to a dissatisfied customer.",The store granted a full cash refund for the defective appliance.,reimbursement | repayment | rebate
607,region,noun,B1,"An area or division, especially part of a country or the world having definable characteristics.",The fertile Rift Valley region produces rich agricultural harvests.,area | district | province | zone
608,regret,noun,B1,"A feeling of sadness, repentance, or disappointment over an occurrence or something that one has done.",He expressed sincere regret for arriving late to the formal meeting.,sorrow | remorse | repentance | contrition
609,regulation,noun,B1,A rule or directive made and maintained by an authority.,Environmental regulations limit the emission of industrial greenhouse gases.,rule | order | directive | law | statute
610,rehearsal,noun,B1,"A practice or trial performance of a play, dance, or piece of music for later public performance.",The cast gathered for a final dress rehearsal on stage before opening night.,practice session | run-through | drill | dry run
611,relay,noun,B1,"A race between two or more teams, each team member being responsible for part of the distance.",The national squad broke the world record in the four-by-one-hundred-meter relay.,relay race | team race
612,relief,noun,B1,Financial or practical assistance given to those in special need or difficulty.,Aid convoys distributed emergency food and medical relief to displaced families.,assistance | aid | help | succor
613,religion,noun,B1,"The belief in and worship of a superhuman controlling power, especially a personal God or gods.",The national constitution guarantees complete freedom of conscience and religion.,faith | belief | creed | denomination
614,remainder,noun,B1,The number which is left over in a division in which one number does not divide into another exactly.,"When you divide ten by three, the resulting quotient is three with a remainder of one.",balance | residue | leftover
615,renovation,noun,B1,The action of renovating a building or structure; modernization.,The municipal library reopened following a two-year historical renovation.,restoration | refurbishment | overhaul | revamp
616,reptile,noun,B1,"A vertebrate animal of a class that includes snakes, lizards, crocodiles, turtles, and tortoises.",Chameleons and tortoises are cold-blooded reptiles that lay eggs.,cold-blooded creature | saurian
617,resentment,noun,B1,Bitter indignation at having been treated unfairly.,Unresolved resentment can linger for years between business partners.,bitterness | indignation | grievance | rancor
618,reservoir,noun,B1,A large natural or artificial lake used as a source of water supply.,The municipal water reservoir stores rainwater collected during seasonal downpours.,lake | basin | water store | cistern
619,residence,noun,B1,A person's home; the place where someone lives.,The prime minister's official residence is situated near the national palace.,home | domicile | dwelling | abode
620,resident,noun,B1,A person who lives somewhere on a long-term or permanent basis.,Local residents volunteered to plant trees in the public park.,inhabitant | citizen | local | dweller
621,resort,noun,B1,A place that is a popular destination for vacations or recreation.,They spent a relaxing week at a lakeside eco-tourism resort.,holiday retreat | vacation center | spa
622,responsibility,noun,B1,The state or fact of having a duty to deal with something.,Managerial positions entail increased financial responsibility.,duty | accountability | obligation | charge
623,restroom,noun,B1,A room equipped with toilets and washbasins in a public building.,The restaurant restroom is located down the hallway to the left.,washroom | bathroom | lavatory | toilet
624,retail,noun,B1,The sale of goods to the public in relatively small quantities for use or consumption.,She has worked in clothing retail management for five years.,consumer sales | merchandising
625,retirement,noun,B1,The action or fact of leaving one's job and ceasing to work.,She looks forward to gardening and traveling during her retirement.,pension period | superannuation
626,revision,noun,B1,The process of rereading a subject or notes in preparation for an examination.,Set aside three quiet hours every weekend for thorough revision.,review | studying | cramming | recap
627,rhythm,noun,B1,"A strong, regular, repeated pattern of movement or sound.",The energetic syncopated rhythm of traditional drums energized the dancers.,beat | tempo | cadence | pulse
628,rival,noun,B1,A person or thing competing with another for the same objective or for superiority.,The two neighboring college football clubs are bitter historic rivals.,opponent | competitor | adversary | challenger
629,rivalry,noun,B1,Competition for the same objective or for superiority in the same field.,A healthy sporting rivalry between the track teams spurred both to record times.,competition | contention | feud | contest
630,academic,adjective,B1,Relating to education and scholarship; scholarly.,She received an award for outstanding academic achievement.,scholarly | educational | intellectual | collegiate
631,acoustic,adjective,B1,Relating to sound or the sense of hearing; not having electrical amplification.,He strummed a classical wooden acoustic guitar around the evening fire.,unamplified | natural | audio
632,acute,adjective,B1,"Of an illness, condition, or pain, experienced to an intense, severe degree.",The hospital patient experienced acute abdominal pain requiring an appendectomy.,severe | sharp | piercing | critical
633,affordable,adjective,B1,Inexpensive; reasonably priced.,"The municipal project builds clean, affordable housing for families.",reasonable | economical | modest | accessible
634,agricultural,adjective,B1,Relating to agriculture.,The regional agricultural cooperative exports high-grade organic coffee.,farming | agrarian | pastoral
635,allergic,adjective,B1,Caused by or relating to an allergy.,Inform the waiter if you are allergic to dairy products or gluten.,hypersensitive | sensitive
636,ambitious,adjective,B1,Having or showing a strong desire and determination to succeed.,The ambitious graduate aims to establish an eco-friendly cooperative.,aspiring | enterprising | motivated | determined
637,anxious,adjective,B1,"Experiencing worry, unease, or nervousness, typically about an imminent event.",Parents feel naturally anxious when a child travels alone for the first time.,worried | apprehensive | nervous | uneasy
638,arrogant,adjective,B1,Having or revealing an exaggerated sense of one's own importance or abilities.,His arrogant behavior alienated many of his former university friends.,conceited | haughty | boastful | pompous
639,athletic,adjective,B1,"Physically strong, fit, and active; relating to athletics.",She displayed remarkable athletic agility during the volleyball match.,sporty | fit | agile | robust
640,automated,adjective,B1,Operated by largely automatic equipment.,The manufacturing facility features an automated sorting and packaging line.,computerized | mechanized | robotic
641,automatic,adjective,B1,Working by itself with little or no direct human control.,The greenhouse features automatic drip irrigation and temperature controls.,automated | mechanical | robotic | self-acting
642,aware,adjective,B1,Having knowledge or perception of a situation or fact.,Citizens are fully aware of environmental regulations regarding litter.,conscious | informed | cognizant | mindful
643,bankrupt,adjective,B1,Declared in law unable to pay outstanding debts.,The reckless retail corporation went bankrupt during the recession.,insolvent | broke | ruined
644,barren,adjective,B1,"Of land, too poor to produce much or any vegetation.","Rocky, wind-scoured mountain peaks are often completely barren.",unproductive | infertile | desolate | arid
645,beneficial,adjective,B1,Favorable or advantageous; resulting in good.,Herbal teas with honey are beneficial for soothing throat irritation.,advantageous | favorable | wholesome | healthy
646,brave,adjective,B1,Ready to face and endure danger or pain; showing courage.,Firefighters were exceptionally brave entering the smoke-filled building.,courageous | valiant | fearless | heroic
647,breathtaking,adjective,B1,"Astonishing or awe-inspiring in quality, beauty, or grandeur.",The view of the sunrise from the mountain summit was breathtaking.,awe-inspiring | stunning | magnificent | spectacular
648,casual,adjective,B1,Relaxed and unconcerned; not formal.,We dressed in casual cotton jeans and sneakers for the countryside picnic.,informal | relaxed | comfortable | everyday
649,ceremonial,adjective,B1,Relating to or used for formal religious or public events.,The guards carried ornate silver ceremonial swords during the parade.,formal | ritual | official | solemn
650,charming,adjective,B1,Pleasant or attractive; polite and delightful.,The historic countryside cottage features a charming walled rose garden.,delightful | enchanting | captivating | winning
651,cheerful,adjective,B1,Noticeably happy and optimistic; smiling and sunny.,A cheerful greeting from the receptionist brightened the dreary morning.,happy | joyful | sunny | buoyant
652,chronic,adjective,B1,"Of an illness or condition, persisting for a long time or constantly recurring.",Gentle aquatic exercise provides therapeutic relief for chronic backache.,persistent | long-term | incurable | lingering
653,clumsy,adjective,B1,Awkward in movement or in handling things.,He felt clumsy when attempting to dance the fast waltz steps.,awkward | ungraceful | uncoordinated | bumbling
654,commercial,adjective,B1,Concerned with or engaged in commerce; making a profit.,The downtown avenue is reserved for commercial storefronts.,business | mercantile | trade | profitable
655,compassionate,adjective,B1,Feeling or showing sympathy and concern for others.,A compassionate physician listens attentively to every patient's story.,sympathetic | empathetic | caring | tender
656,competitive,adjective,B1,Relating to or characterized by competition; having a strong desire to win.,She has a naturally competitive spirit that drives her to excel in tennis.,ambitious | combative | aggressive | fierce
657,confused,adjective,B1,Unable to think clearly; bewildered.,The lost traveler looked confused when studying the subway map.,perplexed | baffled | bewildered | disoriented
658,conscious,adjective,B1,Aware of and responding to one's surroundings; awake.,The patient remained fully conscious throughout the dental procedure.,awake | aware | alert | responsive
659,considerate,adjective,B1,Carefully thinking about and not inconvenient to others.,It was considerate of her to carry an umbrella for her friend.,thoughtful | attentive | mindful | caring
660,courageous,adjective,B1,Not deterred by danger or pain; brave.,The journalist wrote a courageous expose on environmental corruption.,brave | valiant | fearless | gallant
661,courteous,adjective,B1,"Polite, respectful, or considerate in manner.",The hotel concierge was unfailingly courteous and helpful to guests.,polite | well-mannered | civil | respectful
662,crucial,adjective,B1,"Decisive or critical, especially in the success or failure of something.",Clean drinking water is crucial for public health in developing districts.,vital | essential | critical | pivotal
663,culinary,adjective,B1,Of or for cooking or the kitchen.,She enrolled in a prestigious academy to refine her professional culinary skills.,cooking | gastronomic | kitchen-related
664,curious,adjective,B1,Eager to know or learn something.,"Children are naturally curious about plants, insects, and stars.",inquisitive | inquiring | intrigued
665,decisive,adjective,B1,Settling an issue; producing a definite result; characterized by resolution.,The commander took decisive action to safeguard civilians during the storm.,resolute | firm | conclusive | determined
666,dental,adjective,B1,Relating to teeth or to dentistry.,Regular dental cleanings remove plaque and prevent tooth decay.,oral | odontological
667,determined,adjective,B1,Having made a firm decision and being resolved not to change it.,The athlete remained determined to finish the marathon despite rainy winds.,resolute | purposeful | unwavering | steadfast
668,dietary,adjective,B1,Relating to diets or dieting.,Read product labels carefully to check for allergens and dietary restrictions.,nutritional | food-related | alimentary
669,dishonest,adjective,B1,Behaving or prone to behave in an untrustworthy or fraudulent way.,Making false promises is a dishonest way to conduct business dealings.,untruthful | deceitful | fraudulent | corrupt
670,diverse,adjective,B1,Showing a great deal of variety; very different.,The international conference brought together researchers from diverse nations.,varied | varied | heterogeneous | assorted
671,dizzy,adjective,B1,Having or involving a sensation of spinning around and losing one's balance.,Standing up too quickly can cause a person to feel dizzy and lightheaded.,lightheaded | giddy | unsteady | faint
672,domestic,adjective,B1,Existing or occurring inside a particular country; not foreign or international.,Domestic airline flights connect regional provincial capitals reliably.,national | internal | home | native
673,dramatic,adjective,B1,Relating to drama or the performance or study of drama; sudden and striking.,The actor delivered a dramatic monologue that moved the audience.,theatrical | striking | sensational | breathtaking
674,ecological,adjective,B1,Relating to or concerned with the relation of living organisms to one another and to their physical surroundings.,"Wetlands provide indispensable ecological services, such as flood buffering.",environmental | green | bio-centric
675,economic,adjective,B1,Relating to economics or the economy.,The government enacted policies to promote regional economic growth.,financial | fiscal | monetary | commercial
676,economical,adjective,B1,"Giving good value or return in relation to money, time, or effort spent.",Electric cars are often more economical than fuel-powered vehicles.,thrifty | cost-effective | frugal | efficient
677,efficient,adjective,B1,Achieving maximum productivity with minimum wasted effort or expense.,An efficient public subway network eases urban vehicle congestion.,competent | streamlined | productive | economical
678,electronic,adjective,B1,Having or operating with components such as microchips and transistors.,Online banking allows users to conduct electronic payments securely.,digital | computerized | automated
679,elegant,adjective,B1,Graceful and stylish in appearance or manner.,She wore an elegant tailored silk gown to the diplomatic reception.,stylish | graceful | chic | sophisticated
680,endangered,adjective,B1,At serious risk of extinction.,The Ethiopian wolf is an endangered mammal found in highland meadows.,threatened | vulnerable | at risk
681,enthusiastic,adjective,B1,"Having or showing intense and eager enjoyment, interest, or approval.",The audience gave an enthusiastic round of applause to the violinist.,eager | passionate | zealous | ardent
682,envious,adjective,B1,Feeling or showing envy of someone or their advantages.,He was envious of his friend's opportunity to study overseas.,jealous | covetous | resentful
683,environmental,adjective,B1,Relating to the natural world and the impact of human activity on its condition.,The conference focused on environmental conservation and renewable energy.,ecological | green | nature-friendly
684,essential,adjective,B1,Absolutely necessary; extremely important.,Adequate sleep and balanced nutrition are essential for human vitality.,vital | indispensable | crucial | fundamental
685,exhausted,adjective,B1,Completely drained of physical or mental energy; extremely tired.,The marathon runners were visibly exhausted after finishing the race.,fatigued | drained | spent | worn out
686,experimental,adjective,B1,Based on trials or made as an experiment.,The hospital is testing an experimental therapy for arthritis.,trial | provisional | pilot | test
687,extinct,adjective,B1,Having no living members; no longer in existence.,Dinosaurs became extinct millions of years before humans appeared.,vanished | wiped out | defunct | deceased
688,fashionable,adjective,B1,"Characteristic of, influenced by, or representing a current popular style.",Boutiques along the avenue feature fashionable seasonal apparel.,trendy | stylish | in vogue | chic
689,ferocious,adjective,B1,"Savagely fierce, cruel, or violent.",The mother bear became ferocious when defending her cubs from wolves.,fierce | savage | vicious | wild
690,fertile,adjective,B1,"Of soil or land, producing or capable of producing abundant vegetation or crops.",Volcanic river silt makes the valley farmland remarkably fertile.,fruitful | productive | fecund | rich
691,feverish,adjective,B1,Having or showing the symptoms of a fever.,The sick child felt hot and feverish during the stormy night.,febrile | hot | burning | flushed
692,financial,adjective,B1,Relating to finance or money matters.,The accountant offered sound financial advice for our savings plan.,monetary | fiscal | economic | pecuniary
693,forbidden,adjective,B1,Not allowed; banned.,Unauthorized photography is strictly forbidden inside the museum gallery.,prohibited | banned | outlawed | vetoed
694,frustrated,adjective,B1,"Feeling or expressing distress and annoyance, especially because of inability to change or achieve something.",She felt frustrated when the computer crashed before she could save her essay.,exasperated | discouraged | disgruntled
695,furious,adjective,B1,Extremely angry; full of fury.,He was furious when he discovered someone had damaged his automobile.,enraged | infuriated | incensed | irate
696,furnished,adjective,B1,"Of accommodation, provided with furniture, fittings, and appliances.","The landlord offered a fully furnished flat with beds, sofas, and kitchenware.",equipped | fitted out | outfitted
697,generous,adjective,B1,"Showing a readiness to give more of something, especially money, than is strictly necessary.",A generous donor provided scholarship funds for underprivileged scholars.,bountiful | charitable | benevolent | open-handed
698,geographical,adjective,B1,Based on or derived from the physical features of an area.,Geographical barriers like high mountains isolated the valley for centuries.,topographical | territorial | spatial
699,gorgeous,adjective,B1,Beautiful; very attractive.,The mountain valley was filled with gorgeous golden wildflowers.,stunning | magnificent | lovely | ravishing
700,gourmet,adjective,B1,"Relating to or being high quality, sophisticated, or exotic food.","The downtown bistro serves gourmet cheeses, baked breads, and sauces.",gastronomic | fine | epicurean | artisanal
701,graceful,adjective,B1,"Having or showing grace or elegance in movement, shape, or proportion.",Swans drifted across the placid lake with graceful ease.,elegant | fluid | agile | poised
702,grateful,adjective,B1,Feeling or showing an appreciation of kindness; thankful.,The stranded travelers were deeply grateful for the hot tea and bread.,thankful | appreciative | indebted | obliged
703,guilty,adjective,B1,"Culpable of or responsible for a specified wrongdoing, crime, or offense.",The jury delivered a formal verdict declaring the accused guilty.,culpable | blameworthy | at fault | condemned
704,historical,adjective,B1,Of or concerning history; concerning past events.,Scholars visited historical battlefield sites to document oral accounts.,historic | ancient | past | chronicled
705,honest,adjective,B1,Free of deceit and untruthfulness; sincere; morally upright.,An honest person speaks truthfully even when circumstances are challenging.,truthful | trustworthy | sincere | upright
706,horizontal,adjective,B1,Parallel to the plane of the horizon; at right angles to the vertical.,Draw a straight horizontal line across the center of the drawing paper.,level | flat | parallel
707,humble,adjective,B1,Having or showing a modest or low estimate of one's own importance.,The great philosopher was celebrated for his humble and kind nature.,modest | unassuming | respectful | meek
708,humorous,adjective,B1,Causing lighthearted laughter and amusement; comic.,The author wrote a humorous memoir about his first year teaching.,funny | comic | amusing | witty
709,hygienic,adjective,B1,"Conducive to maintaining health and preventing disease, especially through clean conditions.","Chefs maintain clean, strictly hygienic kitchen preparation counters.",sanitary | clean | sterile | antiseptic
710,illegal,adjective,B1,"Contrary to or forbidden by law, especially criminal law.",Driving a motor vehicle without a valid license is strictly illegal.,unlawful | illicit | criminal | forbidden
711,immature,adjective,B1,Not fully developed; childish or emotionally undeveloped.,Throwing a temper tantrum over a lost game is immature behavior.,childish | infantile | juvenile | callow
712,immune,adjective,B1,Resistant to a particular infection or toxin owing to the presence of specific antibodies.,Individuals vaccinated against measles are reliably immune to the virus.,resistant | protected | safe | inoculated
713,impatient,adjective,B1,Having or showing a tendency to be quickly irritated or provoked.,The driver grew impatient while waiting in the standstill traffic jam.,restless | irritable | hasty | testy
714,inconsiderate,adjective,B1,Thoughtlessly causing hurt or inconvenience to others.,Blaring loud music late at night is inconsiderate to sleeping neighbors.,thoughtless | uncaring | insensitive | selfish
715,independent,adjective,B1,Free from outside control; not depending on another's authority.,The judiciary operates as an independent constitutional branch.,autonomous | self-reliant | sovereign | free
716,industrial,adjective,B1,Relating to or characterized by industry.,The industrial district contains modern warehousing and factories.,manufacturing | mechanical | commercial
717,inefficient,adjective,B1,"Not achieving maximum productivity; wasting or failing to save time, energy, or money.","Old machinery is often noisy, unreliable, and remarkably inefficient.",wasteful | incompetent | disorganized
718,inexpensive,adjective,B1,Not costing a great deal of money; cheap.,Street vendors offer delicious and inexpensive lunchtime snacks.,cheap | affordable | low-cost | budget
719,infectious,adjective,B1,"Of a disease or disease-causing organism, likely to be transmitted to people.",Measles is an exceptionally infectious childhood respiratory disease.,contagious | communicable | transmissible
720,innocent,adjective,B1,Not guilty of a crime or offense; free from wrongdoing.,Constitutional law presumes an accused person innocent until proven guilty.,blameless | guiltless | sinless | acquitted
721,innovative,adjective,B1,Featuring new methods; advanced and original.,The school uses innovative digital learning software for language practice.,creative | inventive | original | cutting-edge
722,insensitive,adjective,B1,Showing or feeling no concern for others' feelings.,It was insensitive of him to mock someone who was already upset.,callous | heartless | tactless | unfeeling
723,intellectual,adjective,B1,Relating to the intellect; appealing to or engaging the mental faculties.,Philosophy encourages rigorous intellectual debate and critical thought.,cerebral | cognitive | mental | academic
724,interactive,adjective,B1,Allowing two-way flow of information between a computer and a computer-user.,The educational website provides interactive grammar and spelling quizzes.,participatory | collaborative | two-way
725,intolerant,adjective,B1,"Not tolerant of views, beliefs, or behavior that differ from one's own.",Prejudiced people are often narrow-minded and intolerant of diversity.,bigoted | narrow-minded | dogmatic | prejudiced
726,knowledgeable,adjective,B1,Intelligent and well informed.,Our city tour guide was remarkably knowledgeable about medieval architecture.,informed | learned | erudite | educated
727,legal,adjective,B1,"Of, based on, or concerned with the law; permitted by law.",Always consult a certified attorney before signing legal agreements.,lawful | legitimate | statutory | constitutional
728,literary,adjective,B1,"Concerning the writing, study, or content of literature, especially of the kind valued for artistic value.",The magazine publishes insightful literary criticism and new short fiction.,scholarly | bookish | poetic | written
729,loyal,adjective,B1,Giving or showing firm and constant support or allegiance to a person or institution.,She remained a loyal and steadfast companion through difficult years.,faithful | devoted | true | steadfast
730,magnificent,adjective,B1,"Impressively beautiful, elaborate, or extravagant; striking.",The ancient royal stone palace is a truly magnificent monument.,splendid | grand | majestic | superb
731,manual,adjective,B1,Of or done with the hands; physical rather than mental.,Farmers perform demanding manual labor in hot weather.,physical | by hand | laborious
732,mature,adjective,B1,Fully developed physically; full-grown; having reached an advanced stage of mental or emotional development.,The young adolescent demonstrated remarkably mature judgment.,adult | sensible | responsible | grown-up
733,miserable,adjective,B1,Wretchedly unhappy or uncomfortable; pitiable.,He felt thoroughly miserable with a fever and sore throat.,wretched | dejected | despondent | woeful
734,modest,adjective,B1,Unassuming or moderate in the estimation of one's abilities or achievements.,"Despite winning the national award, she remained remarkably modest.",humble | unassuming | self-effacing
735,muscular,adjective,B1,Having well-developed muscles; physically strong.,Weightlifting athletes possess powerful muscular shoulders and arms.,brawny | athletic | powerful | robust
736,nutritious,adjective,B1,"Nourishing, efficient as food; promoting health and growth.",Fresh leafy spinach and lentils are remarkably nutritious staples.,nourishing | wholesome | healthy | healthful
737,optimistic,adjective,B1,Hopeful and confident about the future.,She remains optimistic that dedicated effort will resolve environmental problems.,hopeful | confident | positive | bullish
738,organic,adjective,B1,Produced or involving production without the use of chemical fertilizers or pesticides.,Shoppers choose organic vegetables to avoid synthetic agricultural pesticides.,natural | biological | chemical-free
739,overweight,adjective,B1,Above a weight considered normal or desirable.,Physicians advise adopting an active lifestyle if a person is overweight.,plump | stout | heavy | corpulent
740,parallel,adjective,B1,"Of lines, planes, or surfaces, side by side and having the same distance continuously between them.",The two steel railway tracks run perfectly parallel across the plains.,side by side | equidistant | aligned
741,permanent,adjective,B1,Lasting or intended to last or remain unchanged indefinitely.,She secured a permanent contract after six months of probation.,lasting | enduring | perpetual | constant
742,pessimistic,adjective,B1,Tending to see the worst aspect of things or believe that the worst will happen.,Do not adopt a pessimistic mindset before the football match even begins.,gloomy | cynical | negative | defeatist
743,pharmaceutical,adjective,B1,"Relating to medicinal drugs, or their preparation, use, or sale.",The pharmaceutical manufacturing plant produces affordable generic medications.,medicinal | pharmacological | drug-related
744,preventive,adjective,B1,Designed to keep something undesirable such as illness or disease from occurring.,Regular dental checkups represent effective preventive oral healthcare.,precautionary | preventative | protective
745,processed,adjective,B1,"Of food, having been treated, modified, or preserved with additives.",Limiting processed meat consumption decreases cardiovascular health risks.,manufactured | refined | modified
746,profitable,adjective,B1,Yielding profit or financial gain; beneficial.,Growing high-grade organic coffee proved remarkably profitable.,lucrative | remunerative | gainful | commercial
747,proud,adjective,B1,Feeling deep pleasure or satisfaction as a result of one's own achievements or qualities.,Parents felt remarkably proud watching their daughter graduate with honors.,pleased | glad | delighted | gratified
748,regional,adjective,B1,Relating to or characteristic of a region.,The municipal center hosts a regional trade exhibition every autumn.,provincial | local | territorial | district
749,reliable,adjective,B1,Consistently good in quality or performance; able to be trusted.,He is a reliable friend who always arrives on time to help.,dependable | trustworthy | steadfast | sound
750,relieved,adjective,B1,No longer feeling distressed or anxious; reassured.,He was relieved to hear that everyone survived the accident unharmed.,reassured | calmed | comforted | thankful
751,religious,adjective,B1,Relating to or believing in a religion.,Historical illuminated manuscripts are preserved in ancient religious monasteries.,devout | pious | spiritual | sacred
752,renewable,adjective,B1,"Capable of being replenished naturally over time, such as energy resources.",Wind and solar energy are vital renewable alternatives to fossil fuels.,sustainable | inexhaustible | green
753,residential,adjective,B1,Designed for people to live in; providing living accommodations.,The quiet residential neighborhood has wide tree-lined sidewalks and parks.,domestic | housing | suburban
754,responsible,adjective,B1,"Having an obligation to do something, or having control over someone.",She is directly responsible for organizing marketing campaigns.,accountable | in charge | liable | answerable
755,satisfied,adjective,B1,Contented; pleased with what one has or what has happened.,The client was completely satisfied with the quality of the repaired violin.,content | pleased | fulfilled | gratified
756,savory,adjective,B1,"Of food, belonging to the category that is salty or spicy rather than sweet.",Warm vegetable stew and spiced roasted chicken are savory dinner dishes.,flavorful | salty | piquante | palatable
757,scruffy,adjective,B1,Shabby and untidy or dirty.,He wore a scruffy pair of gardening overalls covered in dry soil.,untidy | disheveled | messy | unkempt
758,seasonal,adjective,B1,Relating to or characteristic of a particular season of the year; available in season.,The cafe menu changes quarterly to showcase seasonal local vegetables.,periodical | cyclical | timely
759,selfish,adjective,B1,Lacking consideration for others; concerned chiefly with one's own personal profit or pleasure.,It is selfish to eat all the food without offering any to guests.,egocentric | self-centered | greedy
760,sensible,adjective,B1,Chosen in accordance with wisdom or prudence; likely to be of benefit.,Wearing waterproof boots in rainy weather is a sensible decision.,practical | reasonable | prudent | judicious
761,sensitive,adjective,B1,"Quick to detect or respond to slight changes, signals, or influences; having deep feelings.",She is a sensitive artist who perceives subtle emotional nuances.,perceptive | responsive | empathetic | delicate
762,shabby,adjective,B1,In poor condition through long use or lack of care; worn out.,The old upholstered armchair looked rather shabby but was remarkably comfortable.,worn out | threadbare | scruffy | battered
763,significant,adjective,B1,Sufficiently great or important to be worthy of attention; noteworthy.,The historical archives contain significant manuscripts documenting antiquity.,notable | important | remarkable | weighty
764,skilled,adjective,B1,"Having or showing the knowledge, ability, or training to perform a certain activity well.",The region seeks to train skilled technicians in computer hardware.,trained | proficient | qualified | adept
765,skillful,adjective,B1,Having or showing skill; expert.,The skillful surgeon performed the delicate eye operation successfully.,expert | adept | proficient | accomplished
766,slender,adjective,B1,Gracefully thin; small in width on size.,"The dancer had a tall, slender physique and graceful posture.",slim | lean | svelte | willowy
767,sociable,adjective,B1,Willing to talk and engage in activities with other people; friendly.,He is an exceptionally sociable host who makes every guest feel welcome.,friendly | cordial | companionable | gregarious
768,spectacular,adjective,B1,Beautiful in a dramatic and eye-catching way.,The evening fireworks display over the bay was spectacularly bright.,dramatic | breathtaking | dazzling | striking
769,stingy,adjective,B1,Unwilling to give or spend; ungenerous.,The stingy merchant refused to contribute even a small coin to charity.,miserly | parsimonious | mean | tightfisted
770,stubborn,adjective,B1,Having or showing dogged determination not to change one's attitude or position.,He was too stubborn to admit that he had made a calculation error.,obstinate | headstrong | pigheaded | unyielding
771,stylish,adjective,B1,Fashionably elegant and sophisticated.,He wore a stylish wool blazer and polished leather boots.,chic | fashionable | smart | trendy
772,suburban,adjective,B1,Of or characteristic of a suburb.,Commuter trains connect suburban residential neighborhoods to downtown offices.,residential | outlying
773,surgical,adjective,B1,Used in or connected with surgery.,All surgical instruments are sterilized under high pressure steam.,operative | medical
774,swollen,adjective,B1,"Especially of a body part, abnormally expanded or enlarged.",The pediatric nurse examined the child's swollen tonsils.,puffy | bloated | enlarged | inflamed
775,tactical,adjective,B1,Relating to or constituting actions carefully planned to gain an objective.,The coach made a tactical substitution in the seventieth minute of the match.,strategic | calculated | planned | prudent
776,talented,adjective,B1,Having a natural aptitude or skill for something.,The school choir features several exceptionally talented vocalists.,gifted | accomplished | brilliant | endowed
777,tame,adjective,B1,"Of an animal, not dangerous or frightened of people; domesticated.",The farm pony was so gentle and tame that children could pet him.,domesticated | gentle | docile | docile
778,technical,adjective,B1,"Relating to a particular subject, art, or craft, or its practical skills.",The instruction manual contains detailed technical explanations of the wiring.,specialized | mechanical | engineering | industrial
779,temporary,adjective,B1,Lasting for only a limited period of time; not permanent.,The company hired temporary warehouse assistants for the busy season.,provisional | interim | transient | short-term
780,theoretical,adjective,B1,Concerned with or involving the theory of a subject or area of study rather than its practical application.,Theoretical physics explores cosmological models of the early universe.,conceptual | abstract | speculative | hypothetical
781,tidy,adjective,B1,Arranged neatly and in order.,Keep your study desk tidy so you can locate reference materials quickly.,neat | orderly | organized | trim
782,tolerant,adjective,B1,Showing willingness to allow the existence of opinions or behavior that one does not necessarily agree with.,A democratic civil society thrives when citizens are respectful and tolerant.,open-minded | patient | accepting | broadminded
783,traditional,adjective,B1,Existing in or as part of a tradition; long-established by culture.,They wore colorful handwoven traditional attire for the annual holiday.,customary | conventional | historic | folk
784,unconscious,adjective,B1,Not awake and aware of and responding to one's environment.,The paramedic checked the pulse of the unconscious accident victim.,insensible | knocked out | comatose
785,underweight,adjective,B1,Below a weight considered normal or desirable.,Adequate protein intake helps underweight patients regain healthy body mass.,skinny | thin | underweight | frail
786,unfurnished,adjective,B1,"Of accommodation, not provided with furniture.",Renting an unfurnished apartment allows tenants to decorate with their own furniture.,bare | empty | void
787,unreliable,adjective,B1,Not able to be relied upon; untrustworthy.,Public transportation can be unreliable during severe winter blizzards.,undependable | erratic | untrustworthy | fickle
788,unselfish,adjective,B1,Willing to put the needs or wishes of others before one's own; generous.,Her unselfish dedication to public healthcare inspired the entire hospital.,selfless | altruistic | generous | considerate
789,unskilled,adjective,B1,Not having or requiring special skill or training.,Unskilled laborers often receive training on the factory job site.,untrained | unqualified | raw
790,venomous,adjective,B1,"Of an animal, producing venom, capable of injecting it by means of a bite or sting.",Watch where you step on rocky slopes to avoid venomous vipers.,poisonous | toxic | virulent | noxious
791,vertical,adjective,B1,At right angles to a horizontal plane; in a direction upright.,The stone cliff rises as a sheer vertical wall from the sea.,upright | perpendicular | erect | plumb
792,victorious,adjective,B1,Having won a victory; triumphant.,The victorious athletic squad paraded the gold trophy before cheering fans.,triumphant | winning | successful | conquering
793,virtual,adjective,B1,Not physically existing as such but made by software to appear to do so.,The university hosted a virtual graduation ceremony for remote students.,simulated | digital | cyber | simulated online
794,wireless,adjective,B1,"Using radio, microwaves, etc. rather than electric cables to transmit signals.",The campus library offers free wireless internet access to all registered students.,cordless | Wi-Fi | radio-based
795,witty,adjective,B1,Showing or characterized by quick and inventive verbal humor.,His witty remarks kept everyone around the dinner table laughing.,humorous | clever | amusing | facetious
796,wrinkled,adjective,B1,"Having small folds or ridges, especially on fabric or skin.",He ironed his wrinkled linen shirt before the formal banquet.,creased | furrowed | crinkled | crumpled
797,despite,preposition,B1,Without being affected by; in spite of.,"Despite the heavy morning rain, all students arrived on time for class.",in spite of | regardless of | notwithstanding
798,unless,conjunction,B1,Except if; on the condition that not.,Do not sign legal contracts unless you understand all terms fully.,except if | if not | barring
799,wherever,conjunction,B1,In or to whatever place.,Follow your academic aspirations wherever they may lead you.,anywhere | in every place
800,absolutely,adverb,B1,"With no qualification, restriction, or limitation; totally.",She was absolutely delighted with the surprise graduation party.,completely | totally | utterly | entirely
801,approximately,adverb,B1,"Used to show that something is almost, but not completely, accurate or exact; roughly.",The journey to the mountain monastery takes approximately two hours.,roughly | about | around | nearly
802,backstage,adverb,B1,In or to the area behind the stage and especially in the dressing rooms.,Stagehands organized props and costumes backstage before the curtain rose.,behind the scenes | in the wings
803,barely,adverb,B1,Only just; almost not.,He barely managed to catch the departing express passenger train.,hardly | scarcely | narrowly | just
804,certainly,adverb,B1,Undoubtedly; definitely; surely.,Dedicated daily reading will certainly broaden your English vocabulary.,definitely | surely | undoubtedly | assuredly
805,constantly,adverb,B1,Continuously over a period of time; always.,"Modern technology evolves constantly, requiring workers to update skills.",continuously | perpetually | continually | always
806,definitely,adverb,B1,Without doubt; clearly; unmistakably.,We will definitely attend your wedding ceremony next Saturday.,certainly | surely | undeniably | positively
807,eventually,adverb,B1,"In the end, especially after a long time or a lot of effort, problems, etc.","If you practice reading daily, you will eventually achieve complete fluency.",ultimately | in the end | in time | at last
808,fortunately,adverb,B1,It is fortunate that; luckily.,"Fortunately, everyone evacuated the building safely before the fire spread.",luckily | happily | by good fortune
809,frequently,adverb,B1,Regularly or habitually; often.,University researchers frequently travel abroad for scientific symposia.,often | regularly | habitually | repeatedly
810,furthermore,adverb,B1,In addition; besides (used to introduce a fresh consideration).,"The hotel is affordable, and furthermore, it is located right by the station.",moreover | in addition | besides | also
811,gradually,adverb,B1,In a gradual way; slowly; by degrees.,The patient's strength improved gradually following weeks of nutritious food.,slowly | step by step | progressively | steadily
812,hardly,adverb,B1,Scarcely; barely; almost not.,The room was so quiet you could hardly hear the ticking clock.,scarcely | barely | only just
813,however,adverb,B1,Used to introduce a statement that contrasts with or seems to contradict something.,"He prepared diligently; however, the examination was unexpectedly difficult.",nevertheless | nonetheless | yet | still
814,initially,adverb,B1,At first; in the beginning.,"Initially, learning Amharic grammar seemed difficult, but practice helped.",at first | originally | to begin with
815,likewise,adverb,B1,In the same way; also; similarly.,"The teachers were encouraging, and the students were likewise enthusiastic.",similarly | also | in like manner | correspondingly
816,meanwhile,adverb,B1,In the intervening period of time; at the same time.,"The chef prepared the main roast; meanwhile, his assistant chopped vegetables.",in the meantime | simultaneously | concurrently
817,moreover,adverb,B1,As a further matter; besides; in addition.,"The library is peaceful; moreover, it contains rare historical manuscripts.",furthermore | in addition | besides | also
818,naturally,adverb,B1,As may be expected; of course.,"Naturally, children learn languages effortlessly through immersive play.",of course | understandably | obviously
819,nevertheless,adverb,B1,In spite of that; notwithstanding; all the same.,"The task was arduous; nevertheless, the team persisted and succeeded.",nonetheless | yet | however | all the same
820,nonetheless,adverb,B1,In spite of that; nevertheless.,"It was freezing outside; nonetheless, they enjoyed their mountain hike.",nevertheless | even so | however | yet
821,obviously,adverb,B1,In a way that is easily perceived or understood; clearly.,The injured runner was obviously in severe pain and needed help.,clearly | plainly | visibly | patently
822,otherwise,adverb,B1,In circumstances different from those present or considered; or else.,"Submit your application today; otherwise, it will not be processed.",or else | if not | alternatively
823,particularly,adverb,B1,To a higher degree than is usual or average; especially.,The mountain valley is particularly scenic in late spring.,especially | notably | exceptionally | markedly
824,previously,adverb,B1,At a previous or earlier time; before.,She had previously worked as an elementary school teacher.,earlier | formerly | beforehand | in advance
825,primarily,adverb,B1,For the most part; mainly; fundamentally.,The organization is primarily dedicated to providing clean rural drinking water.,chiefly | mainly | predominantly | largely
826,relatively,adverb,B1,"In relation, comparison, or proportion to something else.",The oral grammar examination was relatively straightforward for prepared students.,comparatively | reasonably | moderately | somewhat
827,similarly,adverb,B1,In a similar way; likewise.,"Similarly, regular cardiovascular exercise and good nutrition support longevity.",likewise | in like manner | correspondingly
828,specifically,adverb,B1,In a specific manner; explicitly; particularly.,The doctor prescribed medication specifically tailored to the infection.,explicitly | expressly | precisely | uniquely
829,therefore,adverb,B1,For that reason; consequently.,He prepared diligently for the assessment and therefore achieved top marks.,consequently | as a result | thus | hence
830,unfortunately,adverb,B1,It is unfortunate that; unluckily; sadly.,"Unfortunately, heavy snow forced the airline to cancel all flights.",unluckily | regrettably | sadly | alas
