word,pos,definition,example,ipa,cefr,synonyms,antonyms,amharic
abide,verb,"To accept, tolerate, or endure someone or something unpleasant; also to conform to rules or decisions (abide by).",She could not abide the suffocating heat and noisy streets of the city.,/əˈbaɪd/,B2,tolerate | endure | withstand | bear,reject | resist | disobey,መቻል | መታገስ | ማክበር | መገዛት
admiral,noun,"A commander of a fleet or naval squadron, holding the highest rank in the navy.",The admiral directed maritime defensive maneuvers from the flagship.,/ˈædmərəl/,B2,naval commander | fleet officer | flag officer,,አድሚራል | የባህር ኃይል አዛዥ
adversary,noun,"An opponent, enemy, or rival in a contest, conflict, or dispute.",He proved to be a formidable adversary on the tennis court.,/ˈædvərsɛri/,B2,opponent | rival | foe | antagonist,ally | friend | supporter,ተቃዋሚ | ባላጋራ | ጠላት | ተፎካካሪ
ale,noun,A type of beer brewed using top-fermenting yeast at warm temperatures.,They drank pints of bitter ale while chatting by the pub's fireplace.,/eɪl/,B2,beer | brew | malt liquor,,ቢራ | አረቄ ቢራ | የአልኮል መጠጥ
algae,noun,"Simple, typically photosynthetic aquatic organisms lacking true roots, stems, and leaves.",The surface of the stagnant pond was covered in a thick layer of green algae.,/ˈældʒiː/,B2,seaweed | aquatic plants | pond scum,,አልጌ | የውሃ ውስጥ ተክል | አሸዋማ አረም
amber,noun,"A hard, clear, yellowish-brown fossilized tree resin used in jewelry and decorative objects.",She wore a stunning necklace made of polished Baltic amber beads.,/ˈæmbər/,B2,fossil resin | resin | amber stone,,አምበር | የዕፅዋት ሙጫ ድንጋይ
ambush,verb,To make a surprise attack on someone from a concealed or hidden position.,The enemy troops waited behind the ridge to ambush the approaching military column.,/ˈæmbʊʃ/,B2,waylay | surprise | entrap | attack,,ማደብደብ | ተደብቆ ማጥቃት | ማድባት
amenity,noun,A desirable or useful feature or facility of a building or place that adds to comfort or pleasure.,"The resort boasts an array of modern amenities, including a heated pool and spa.",/əˈmɛnɪti/,B2,facility | convenience | comfort | resource,,ምቾት | መገልገያ | አገልግሎት
apartheid,noun,A former institutionalized policy of racial segregation and political discrimination in South Africa.,Nelson Mandela devoted decades of his life to dismantling the system of apartheid.,/əˈpɑːrtaɪt/,B2,segregation | racial separation | discrimination,integration | desegregation | equality,አፓርታይድ | የዘር መድልዎ | የዘር መለያየት ሥርዓት
apostle,noun,Each of the twelve chief disciples of Jesus Christ; or a passionate pioneer or advocate of a reform or belief.,He became an ardent apostle of renewable energy and environmental reform.,/əˈpɒsəl/,B2,disciple | missionary | proponent | advocate,,ሐዋርያ | መልእክተኛ | አገልጋይ
aquatic,adj,"Living in, growing in, taking place on, or relating to water.",Coral reefs provide a vibrant habitat for thousands of aquatic species.,/əˈkwætɪk/,B2,marine | oceanic | watery | freshwater,terrestrial | land-dwelling,የውሃ | በውሃ ውስጥ የሚኖር | የውሃ ውስጥ
aristocrat,noun,A member of the aristocracy; a nobleman or noblewoman of hereditary rank.,The proud aristocrat maintained a lavish estate with dozens of servants.,/ˈærɪstəkræt/,B2,nobleman | peer | noble | patrician,commoner | plebeian,መኳንንት | ባላባት | የከበረ ዘር ያለው
aroma,noun,"A pleasant, noticeable, and distinctive fragrance or smell.",The rich aroma of roasted coffee beans drifted through the open bakery window.,/əˈroʊmə/,B2,fragrance | scent | perfume | bouquet,stench | stink | foul odor,መዓዛ | መልካም ጠረን | ሽታ
arthritis,noun,"A medical condition causing painful inflammation, stiffness, and swelling in the joints.",Swimming is a gentle form of exercise recommended for people suffering from arthritis.,/ɑːrˈθraɪtɪs/,B2,joint inflammation | rheumatism | gout,,ቁርጥማት | የጅማት በሽታ | የአጥንት መገጣጠሚያ ህመም
artisan,noun,"A skilled craftsperson who makes high-quality items, food, or tools by hand using traditional methods.",The village market featured handcrafted pottery and wooden carvings by local artisans.,/ˈɑːrtɪzn/,B2,craftsperson | craftsman | handworker | maker,,የእጅ ባለሙያ | አንጥረኛ | ባለሙያ
ascent,noun,A climb or walk to the summit of a mountain or hill; an upward slope or path.,The climbers began their perilous ascent up the north face of the mountain.,/əˈsɛnt/,B2,climb | rise | scaling | ascension,descent | drop | decline,እርገት | ዳገት | ወደ ላይ መውጣት | አቀበት
ashore,adv,"To, toward, or on the shore or land from a body of water.","After battling rough seas for hours, the exhausted sailors finally swam ashore.",/əˈʃɔːr/,B2,landward | coastal | aground,offshore | afloat | at sea,ወደ የብስ | በየብስ ላይ | ወደ ባህር ዳርቻ
assorted,adj,Consisting of various sorts or kinds mixed together; miscellaneous.,The gift basket was filled with assorted gourmet cheeses and chocolates.,/əˈsɔːrtɪd/,B2,miscellaneous | diverse | varied | mixed,homogeneous | uniform | identical | unvaried,የተለያዩ | ልዩ ልዩ | ቅልቅል
attentive,adj,Paying close attention to something; listening carefully and observantly; considerate of others' needs.,The attentive nurse carefully monitored the patient's vital signs throughout the night.,/əˈtentɪv/,B2,observant | mindful | heedful | considerate,inattentive | distracted | neglectful | heedless,ትኩረት የሚሰጥ | አዳማጭ | ተንከባካቢ | ንቁ
audition,noun,"A short performance given by an actor, singer, or musician to demonstrate their suitability for a role or position.",She felt nervous before her audition for the lead role in the Broadway musical.,/ɔːˈdɪʃn/,B2,tryout | casting | trial | test,,የችሎታ መፈተሻ | የሙከራ ትርኢት | ኦዲሽን
baffle,verb,"To totally bewilder, perplex, or confuse someone; to defeat the efforts of comprehension.",The sudden disappearance of the cargo flight continued to baffle aviation investigators.,/ˈbæfl/,B2,perplex | bewilder | mystify | confound,clarify | explain | enlighten | elucidate,ማደናገር | ግራ ማጋባት | ማወሳሰብ
banquet,noun,"An elaborate, formal, and sumptuous meal for many people, often held in celebration of an occasion or in honor of someone.",The university hosted a splendid banquet to celebrate the retirement of its longest-serving president.,/ˈbæŋkwɪt/,B2,feast | dinner | gala | reception,,ድግስ | ታላቅ ግብዣ | የክብር ድግስ
barge,noun,"A long, large, flat-bottomed boat built for transporting freight, typically on canals and rivers.",A heavy barge slowly carried tons of coal and grain down the Rhine river.,/bɑːrdʒ/,B2,lighter | flatboat | cargo vessel | freighter,,ባርጅ | ጠፍጣፋ የጭነት ጀልባ | ትልቅ ጀልባ
barracks,noun,"A building or group of buildings used to house military personnel or workers, typically in austere conditions.",The young recruits returned to their barracks after an exhausting day of field training.,/ˈbærəks/,B2,quarters | garrison | dormitory | billet,,የወታደር ሰፈር | ባራክ | የሰራዊት ካምፕ
barren,adj,"Land too poor to produce much or any vegetation; unable to produce offspring, fruit, or productive results.","The explorers crossed a vast, barren desert where no plants or animals could survive.",/ˈbærən/,B2,infertile | sterile | arid | desolate,fertile | lush | productive | fruitful,መካን | ምድረ በዳ | ቆላ | ፍሬ ቢስ
bash,verb,To strike hard and violently; (informally) to harshly criticize or attack someone or something publicly.,He swung his sledgehammer to bash through the decaying wooden partition.,/bæʃ/,B2,strike | smash | hit | batter,praise | protect | spare,መምታት | መስበር | ማድቀቅ | በኃይል መምታት
bibliography,noun,"A list of the books, scholarly articles, and other sources cited or consulted in a scholarly work.","At the end of her master's thesis, she compiled an extensive bibliography of academic publications.",/ˌbɪbliˈɑːɡrəfi/,B2,reading list | citations | reference list | source list,,የዋቢ መጻሕፍት ዝርዝር | ቢብሊዮግራፊ | የመረጃ ምንጮች ዝርዝር
binary,adj,"Composed of, relating to, or involving two things, parts, or alternatives; (computing) represented by 0 and 1.",Computers process all complex data in a fundamental binary format consisting of ones and zeros.,/ˈbaɪnəri/,B2,dual | twofold | doubled | paired,singular | nonbinary | multiple,ሁለትዮሽ | የሁለትዮሽ ሥርዓት
bladder,noun,A membranous sac in humans and other animals in which urine collects before being excreted.,Drinking plenty of clean water helps prevent bacterial infections of the urinary bladder.,/ˈblædər/,B2,urinary bladder | sac | vesicle,,ፊኛ | የሽንት ፊኛ
bland,adj,"Lacking strong features, interest, or flavor; dull, unexciting, or mild.","The soup was rather bland, so she added extra black pepper and fresh herbs for taste.",/blænd/,B2,tasteless | flavorless | insipid | dull,flavorful | savory | pungent | exciting,ጣዕመ ቢስ | አልጫ | ለስላሳ | ቀዝቃዛ
bleach,verb,"To whiten, lighten, or clean something by chemical action or by exposure to sunlight.",She used diluted chlorine to bleach the stained white cotton towels.,/bliːtʃ/,B2,whiten | lighten | decolor | blanch,darken | stain | dye | color,ማንጣት | ማቅላት | በበረኪና ማጠብ
bliss,noun,"A state of supreme happiness, complete peace, or spiritual joy.",Lounging under the palm trees listening to ocean waves was pure bliss.,/blɪs/,B2,ecstasy | joy | euphoria | felicity,misery | sorrow | agony | anguish,ፍጹም ደስታ | ሃሴት | እርካታ
blister,noun,"A small bubble on the skin filled with serum and caused by friction, burning, or other damage.",Wearing stiff new hiking boots on the long trek caused a painful blister on his heel.,/ˈblɪstər/,B2,vesicle | bleb | boil | swelling,,ቋጥኝ | አረፋ (የቆዳ) | ቁስለት
blot,noun,"A dark mark, smudge, or stain, typically made by ink, paint, or liquid; a stain on one's reputation.",An accidental blot of dark ink stained the corner of the handwritten manuscript.,/blɑːt/,B2,stain | smudge | spot | blemish,,ነጠብጣብ | እድፍ | ጥላሸት | የፈሰሰ ቀለም
blueprint,noun,A photographic print of technical architectural or engineering drawings; a detailed design or strategic plan of action.,The chief architect reviewed the detailed blueprint before the construction crew broke ground.,/ˈbluːprɪnt/,B2,plan | design | schematic | draft,,ንድፍ | ፕላን | የሕንፃ ንድፍ | ዝርዝር እቅድ
bluff,verb,"To mislead or deceive someone about one's intentions or strength, especially in a game or negotiation.","He had a weak hand in poker, but managed to bluff his opponents into folding their cards.",/blʌf/,B2,deceive | mislead | feign | pretend,reveal | disclose | tell truth,ማስመሰል | ማታለል | መፎከር | ማወናበድ
bobbed,adj,"Cut short, especially of a woman's hair; having a shortened or docked tail.","She looked stylish with her sleek, darkly dyed bobbed hair framing her face.",/bɑːbd/,B2,shortened | cropped | trimmed | docked,long | untrimmed | flowing,አጭር የተቆረጠ (ፀጉር) | የተከረከመ
bog,noun,"An area of wet, soft, muddy ground, typically dominated by peat moss and acidic vegetation.",The hikers had to tread carefully to avoid sinking into the soggy bog.,/bɒɡ/,B2,marsh | swamp | mire | quagmire,,ረግረግ | ረግረጋማ መሬት | ጨፌ
bolster,verb,"To support, strengthen, or build up something, such as morale, an argument, or an economy.",The unexpected victory helped bolster the team's shaken confidence.,/ˈbəʊlstə(r)/,B2,strengthen | reinforce | support | boost,undermine | weaken | diminish,ማጠናከር | መደገፍ | ማበረታታት
bombard,verb,"To attack continuously with artillery shells or bombs, or to assail someone persistently with questions or criticisms.",Reporters continued to bombard the minister with questions about the scandal.,/bɒmˈbɑːd/,B2,shell | barrage | assault | pelt,defend | shield | protect,በቦምብ መደብደብ | በጥያቄ ማጣደፍ | መደብደብ
borough,noun,"An administrative division or incorporated municipality, often forming part of a larger city or county.",Brooklyn is one of the five distinct boroughs of New York City.,/ˈbʌrə/,B2,district | precinct | township | municipality,,ክፍለ ከተማ | የከተማ አስተዳደር ግዛት | አውራጃ
boulder,noun,"A large, smooth rock that has been detached from its original bed and shaped by water or weathering.",A massive boulder tumbled down the hillside and blocked the mountain road.,/ˈbəʊldə(r)/,B2,rock | stone | monolith | slab,,ትልቅ ድንጋይ | ዓለት | ገደል ድንጋይ
braid,noun,"A length of hair, thread, or other flexible material formed by interweaving three or more strands together.",She tied her long brown hair into an elegant braid before the dance.,/breɪd/,B2,plait | weave | pigtail | tress,,ሹሩባ | ጒንጒን | ጥልፍልፍ
brandy,noun,A strong alcoholic spirit distilled from wine or fermented fruit juice.,"After dinner, the guests relaxed by the fireplace with glasses of aged brandy.",/ˈbrændi/,B2,liquor | spirit | cognac | eau-de-vie,,ብራንዲ | ብርቱ የወይን መጠጥ
brim,noun,"The top projecting edge of a hat, or the upper rim of a cup, bowl, or other hollow container.",He poured coffee into the mug until it was filled to the brim.,/brɪm/,B2,rim | edge | lip | margin,bottom | base,ጫፍ | ከንፈር | ዙሪያ | ጠርዝ
brink,noun,"The extreme edge of land before a steep drop; figuratively, a point on the verge of a significant or dangerous event.",Diplomatic tensions brought the two neighboring countries to the brink of war.,/brɪŋk/,B2,verge | edge | threshold | precipice,center | interior,አፋፍ | ጫፍ | መቃረቢያ
bristle,noun,"A short, stiff, coarse hair or fiber, such as on an animal's coat or in a brush.",The toothbrush has soft nylon bristles that protect sensitive gums.,/ˈbrɪsl/,B2,stiff hair | spine | prickle | quill,,ሻካራ ፀጉር | ብሩሽ ቃጫ | የብሩሽ ጥርስ
bum,noun,An informal term for a vagrant or idler with no permanent home or job; also used informally to refer to the buttocks.,He spent his youthful wandering years living like a beach bum along the coast.,/bʌm/,B2,tramp | vagrant | idler | loafer,worker | achiever,ሥራ ፈት | ተንከራታች | ለማኝ | መቀመጫ
bungalow,noun,"A low house having only one storey or, in some cases, upper rooms set in the roof.",The retired couple decided to downsize and buy a cozy coastal bungalow.,/ˈbʌŋɡələʊ/,B2,cottage | single-story house | chalet | cabin,,ባለአንድ ፎቅ ቤት | ቪላ | ጎጆ
bunker,noun,A reinforced underground shelter designed to protect occupants or military personnel against bombs and artillery.,The military commanders gathered inside the reinforced concrete bunker during the air raid.,/ˈbʌŋkə(r)/,B2,shelter | dugout | fortress | stronghold,,መሸሸጊያ ቦይ | ምሽግ | የመሬት ውስጥ መደበቂያ
buoy,noun,An anchored floating object on water used as a navigational marker or warning sign for ships.,The red navigation buoy marks shallow water and warns sailors of hidden rocks.,/bɔɪ/,B2,float | marker | beacon | signal,,የባሕር ምልክት | ተንሳፋፊ ምልክት
burrow,noun,"A hole or tunnel dug into the ground by a small animal, such as a rabbit or badger, for habitation or refuge.",The frightened rabbit darted straight into its underground burrow.,/ˈbʌrəʊ/,B2,tunnel | den | hole | lair,,የእንስሳት ጉድጓድ | ዋሻ | ምሽግ
bustle,noun,"Excited, energetic, and noisy activity or movement, especially in a crowded place.",She escaped the hustle and bustle of the city by spending weekends in the countryside.,/ˈbʌsl/,B2,hubbub | flurry | stir | commotion,calm | quiet | stillness | tranquillity,ግርግር | ረብሻ | መሯሯጥ | ውክቢያ
cadet,noun,"A young person undergoing training in a military, police, or naval academy to become an officer.",The young naval cadet stood at strict attention during the morning inspection.,/kəˈdet/,B2,trainee | recruit | apprentice | officer candidate,officer | veteran,የወታደራዊ ተማሪ | ካዴት | ጀማሪ መኮንን
calcium,noun,"A soft, silvery-white chemical element essential for the normal growth and maintenance of healthy bones and teeth.",Dairy products and dark leafy greens are rich dietary sources of calcium.,/ˈkælsiəm/,B2,mineral | dietary element,,ካልሲየም | የኖራ ማዕድን
canopy,noun,"An overhead covering or shelter, such as an ornamental cloth hung over a bed, or the topmost layer of foliage in a forest.",The dense forest canopy blocked almost all direct sunlight from reaching the ground.,/ˈkænəpi/,B2,awning | shelter | cover | pavilion,,ጣሪያ መሰል ሽፋን | ጥላ | መከለያ | የዛፎች አናት
capitalise,verb,To take advantage of an opportunity or situation for profit or gain; or to write a word with a capital letter.,The tech startup moved quickly to capitalise on the sudden surge in online shopping.,/ˈkæpɪtəlaɪz/,B2,exploit | take advantage of | leverage | utilize,ignore | forfeit | squander,መጠቀም | አጋጣሚን መጠቀም | አቢይ ፊደል ማድረግ
capsule,noun,"A small soluble gelatin case enclosing a dose of medication, or a small, compact detached compartment or spacecraft.",The doctor prescribed an antibiotic capsule to be swallowed twice daily with food.,/ˈkæpsjuːl/,B2,pill | tablet | casing | pod,,ክኒን | ካፕሱል | ሽፋን | ክፍል
cardiac,adj,Relating to the heart and its diseases or physiological functions.,The patient made a full recovery after undergoing emergency cardiac surgery.,/ˈkɑːdiæk/,B2,heart | coronary | cardiovascular,,የልብ | የልብ በሽታን የተመለከተ
caress,verb,"To touch, stroke, or pat someone or something in a tender, loving, or gentle manner.",A gentle evening breeze seemed to caress her face as she walked along the shore.,/kəˈres/,B2,stroke | fondle | pet | soothe,strike | hit | batter,ማሻሸት | ማደባበስ | መንከባከብ
carol,noun,"A religious folk song or hymn associated with festivities, especially celebrating Christmas.",Choir singers gathered beneath the town square tree to sing traditional Christmas carols.,/ˈkærəl/,B2,hymn | Christmas song | chant | canticle,,የገና መዝሙር | የምስጋና መዝሙር | ዝማሬ
cartridge,noun,"A casing containing an explosive charge and bullet for a firearm, or a removable container holding ink or toner for a printer.",The printer stopped functioning because the black ink cartridge was completely empty.,/ˈkɑːtrɪdʒ/,B2,casing | capsule | cylinder | round,,ካርትሬጅ | ጥይት | የቀለም መያዣ
cavalry,noun,"Soldiers who fight on horseback, or modern military combat units utilizing armored vehicles and tanks.",The historical museum featured an impressive display of 19th-century cavalry sabers.,/ˈkævlri/,B2,horse soldiers | armored troops | mounted troops,infantry | foot soldiers,ፈረሰኛ ጦር | የታጠቀ ፈረሰኛ ኃይል | ጋሻ ጃግሬ
cavern,noun,"A large, dark underground chamber or cave, especially one formed naturally.",Explorers descended into the subterranean cavern to admire ancient stalactites.,/ˈkævən/,B2,cave | grotto | hollow | abyss,,ዋሻ | ትልቅ ዋሻ | የከርሰ ምድር ጉድጓድ
cavity,noun,"An empty space or hollow area within a solid body, particularly a decayed hollow in a tooth.",The dentist discovered a small cavity in the patient's upper molar that required filling.,/ˈkævəti/,B2,hollow | hole | socket | crater,solid | protrusion | fullness,ጉድጓድ | ክፍተት | የበሰበሰ ጥርስ ክፍተት
chaired,verb,"Presided over or led a meeting, committee, discussion, or event.",She skillfully chaired the university department's annual general meeting.,/tʃɛəd/,B2,presided over | led | headed | directed,followed | submitted,መራ | በሰብሳቢነት መራ | በሊቀመንበርነት አገለገለ
chaotic,adj,"In a state of complete confusion, disorder, and unpredictability.",Traffic in the city center became chaotic after the traffic lights stopped working.,/keɪˈɒtɪk/,B2,disorderly | tumultuous | disorganized | anarchic,orderly | organized | systematic,የተመሰቃቀለ | ምስቅልቅል ያለ | ሁከት የበዛበት
charcoal,noun,"A porous black substance made by burning wood without oxygen, used as fuel or for drawing.","The artist used willow charcoal to produce deep, velvety shadows in the sketch.",/ˈtʃɑːkəʊl/,B2,carbon | cinder | ember,,ከሰል | የከሰል እርሳስ
chestnut,noun,"An edible glossy brown nut enclosed in a prickly casing, produced by the chestnut tree.",Vendors along the boulevard sold freshly roasted chestnuts wrapped in paper cones.,/ˈtʃɛsnʌt/,B2,nut | chestnut tree,,ቸስትነት | የለውዝ ዓይነት
chore,noun,"A routine, necessary task or domestic duty, often perceived as tedious or unpleasant.",Sweeping the dusty courtyard every morning was his least favorite household chore.,/tʃɔː/,B2,task | errand | duty | burden,pleasure | luxury,የቤት ስራ | አሰልቺ ስራ | ተግባር
chromosome,noun,A threadlike cellular structure made of DNA and protein that carries genes transmitting hereditary traits.,Each human parent contributes twenty-three chromosomes to produce a complete set of forty-six in offspring.,/ˈkrəʊməsəʊm/,B2,genetic material | gene carrier,,ክሮሞዞም | የዘረ-መል ተሸካሚ
clerical,adj,"Relating to routine office work such as recordkeeping, or relating to the clergy and church ministry.",His initial employment at the legal firm involved routine clerical tasks such as filing and copying.,/ˈklɛrɪkl/,B2,administrative | secretarial | ministerial | sacerdotal,secular | lay,የቢሮ | የጸሐፊነት | የቄስ | የክህነት
climax,noun,"The most intense, thrilling, or decisive point in a story, performance, or series of events.",The narrative reaches its dramatic climax when the hero confronts the villain atop the burning tower.,/ˈklaɪmæks/,B2,culmination | peak | pinnacle | zenith,anticlimax | nadir | beginning,ከፍተኛ ደረጃ | ቁንጮ | መደምደሚያ | ጣሪያ
clove,noun,"The dried aromatic unopened flower bud of a tropical tree used as a spice, or a single bulb segment of garlic.",The chef finely minced a single clove of garlic to season the tomato sauce.,/kləʊv/,B2,spice | aromatic bud | bulb segment,,ቅርንፉድ | የነጭ ሽንኩርት ቅንጣት
clump,noun,"A compact grouping, cluster, or dense mass of trees, plants, or other objects.",A thick clump of wild lavender grew beside the cobblestone garden pathway.,/klʌmp/,B2,cluster | bunch | mass | bundle,individual | dispersion,ስብስብ | ክምር | ቁጥቋጦ
clumsy,adj,Awkward or uncoordinated in physical movement or in handling objects; lacking grace or dexterity.,"Feeling nervous before the interview, he made a clumsy attempt to open the boardroom door.",/ˈklʌmzi/,B2,awkward | ungraceful | uncoordinated | inept,graceful | agile | deft | dexterous,የማይመች | ግራበጋባ | ረባሽ | የተዝረከረከ
clutter,noun,A crowded and untidy collection of disorganized objects scattered in a space.,Sorting through years of attic clutter took the family several weekends to finish.,/ˈklʌtə/,B2,mess | disorder | junk | chaos,order | neatness | tidiness,ዝርክርክነት | ምስቅልቅል | ውጥንቅጥ
cockpit,noun,The forward compartment of an aircraft where the pilot and copilot operate the flight controls.,The pilot monitored dozens of illuminated dials and navigation screens inside the modern cockpit.,/ˈkɒkpɪt/,B2,flight deck | flight cabin | control cabin,,የአብራሪ ክፍል | የበረራ ክፍል
collide,verb,"To crash forcefully into one another while moving; to clash in opinions, goals, or interests.","The two racing cars collided on the sharp hairpin turn, scattering debris across the track.",/kəˈlaɪd/,B2,crash | smash | bump | clash,avoid | miss | separate,መጋጨት | መጋጠም | መላተም
colon,noun,"A punctuation mark (:) used to introduce an explanation, quotation, or list; also the main section of the large intestine.",A colon was placed at the end of the sentence to introduce the bulleted list of recommendations.,/ˈkəʊlən/,B2,punctuation mark | large intestine,,ኮሎን | ድርብ ሰረዝ | የትልቅ አንጀት ክፍል
columnist,noun,"A journalist or commentator who writes a regular recurring column for a newspaper, magazine, or website.",The veteran political columnist wrote an incisive essay on the outcome of the nationwide elections.,/ˈkɒləmnɪst/,B2,journalist | commentator | essayist | writer,,አምደኛ | የጋዜጣ ጸሐፊ | ጋዜጠኛ
comet,noun,"A celestial body of dust and frozen gases that orbits the sun, forming a luminous vaporous tail when approaching it.",Halley's Comet orbits the sun roughly every seventy-six years and is visible from Earth.,/ˈkɒmɪt/,B2,celestial body | shooting star,,ጭራቅ ኮከብ | ጅራታም ኮከብ
compulsory,adj,"Required by rule, law, or authority; mandatory and not voluntary.",Wearing a protective safety helmet is compulsory for all construction workers on the job site.,/kəmˈpʌlsəri/,B2,mandatory | obligatory | required | enforced,optional | voluntary | elective,ግዴታ | የግድ የሆነ | አስገዳጅ
confiscate,verb,To seize private property or unauthorized items legally using official authority.,Airport security officers will confiscate any liquids exceeding the permissible travel volume.,/ˈkɒnfɪskeɪt/,B2,seize | impound | commandeer | forfeit,return | restore | release,መውረስ | መንጠቅ | መያዝ
conquest,noun,"The act of conquering or subduing a territory, country, or people by military force; an enduring victory.",The Roman conquest of Britain left an indelible mark on the island's infrastructure and law.,/ˈkɒŋkwɛst/,B2,subjugation | victory | triumph | vanquishment,defeat | surrender | loss,ድል | ወረራ | ድል አድራጊነት | ግዛት ማስፋፋት
conservatism,noun,"A political and social philosophy favoring the preservation of established institutions, cultural traditions, and cautious change.","Political conservatism emphasizes individual responsibility, free markets, and limited governmental intervention.",/kənˈsɜːvətɪzəm/,B2,traditionalism | orthodoxy | moderation,progressivism | liberalism | radicalism,ወግ አጥባቂነት | ወግ አጥባቂ ፖለቲካ
conspire,verb,"To secretly plot or collaborate with others to carry out an unlawful, harmful, or treasonous act.",The disgruntled officers began to secretly conspire against their commanding general.,/kənˈspaɪə/,B2,plot | collude | scheme | intrigue,cooperate openly | assist honestly,ማሴር | ተንኮል ማውጣት | ማደባደብ
contented,adj,Feeling or expressing happiness and satisfaction with one's situation or life.,He sat back with a contented smile after finishing the delicious meal.,/kənˈtɛntɪd/,B2,satisfied | pleased | tranquil | serene,discontented | dissatisfied | unhappy,የረካ | የረጋ | ደስተኛ | የተረጋጋ
contraction,noun,"The process of becoming smaller or tighter; also a shortened form of a word or phrase, or a shortening of the uterine muscles during childbirth.",The economy suffered a sharp contraction during the severe drought.,/kənˈtrækʃn/,B2,shrinking | reduction | constriction | compression,expansion | dilation | growth,መኮማተር | ማነስ | መሸብሸብ | ምጥ
cosmic,adj,"Relating to the universe or outer space, or incomparably vast in scale.",Astronomers detected powerful cosmic rays originating from distant galaxies.,/ˈkɒzmɪk/,B2,celestial | universal | extraterrestrial | vast,terrestrial | earthly | local,የጠፈር | የህዋ | የአጽናፈ ዓለም
crackle,verb,"To make a series of rapid, slight, sharp popping sounds, like dry wood burning.",The dry branches crackled cheerfully as the campfire flared up.,/ˈkrækl/,B2,sizzle | snap | pop | fizzle,,መጣጣስ | ማጓራት | ጥጥስጥጥስ ማለት
cram,verb,To force or pack tightly into a small or insufficient space; or to study intensively over a short period before an exam.,Students often attempt to cram an entire semester's coursework into one night.,/kræm/,B2,stuff | squeeze | jam | pack,empty | unpack | disperse,ማጨቅ | ማጣበብ | በችኮላ ማጥናት | ማጉረር
crate,noun,"A rugged, slotted wooden or plastic box used for transporting or storing goods.",Farmers packed freshly picked oranges into heavy wooden crates for shipping.,/kreɪt/,B2,box | packing case | container | chest,,ሳጥን | የእንጨት ሳጥን | ክሬት
crater,noun,"A large, bowl-shaped cavity in the ground or on the surface of a planet or moon, typically caused by an explosion or meteorite impact.",The massive meteorite left an enormous crater in the desert floor.,/ˈkreɪtər/,B2,cavity | hollow | basin | pit,,የእሳተ ጎመራ አፍ | ጎድጓዳ ጉድጓድ | ጥልቅ ጉድጓድ
crave,verb,"To feel a powerful, intense, or urgent desire for something.","After walking through the scorching heat, she craved a glass of ice water.",/kreɪv/,B2,yearn for | long for | hunger for | desire,dislike | spurn | detest,ብርቱ ፍላጎት ማሳደር | መመኘት | መናፈቅ | መጎምጀት
creak,verb,"To make a harsh, high-pitched, grinding squeak, usually caused by friction, pressure, or movement.",The old wooden floorboards began to creak under his cautious footsteps.,/kriːk/,B2,squeak | groan | screech | grate,,መንጫጫት | ማጓራት | ጥርቅምቅም ማለት
crease,noun,"A line or ridge produced on paper, cloth, or the skin by folding, pressing, or crushing.",He carefully ironed his trousers to press sharp creases down each leg.,/kriːs/,B2,fold | wrinkle | crinkle | furrow,smoothness,የእጥፋት መስመር | መጨማደድ | እጥፍ
crow,noun,"A large, glossy, black bird with a harsh, raucous call, found widely throughout the world.",A solitary black crow perched atop the bare branch and cawed loudly.,/kroʊ/,B2,corvid | raven,,ቁራ
crumb,noun,"A small fragment or particle of bread, cake, or cracker; or a tiny amount of something.",Pigeons gathered on the cobblestone pavement to peck at leftover bread crumbs.,/krʌm/,B2,fragment | morsel | scrap | speck,,ፍርፋሪ | ፍርክስካሽ | ቅንጣት
crumple,verb,"To crush, fold, or wrinkle something compact and out of shape; or to collapse suddenly.",He crumpled the draft into a tight ball and threw it angrily into the wastebasket.,/ˈkrʌmpl/,B2,crush | wrinkle | squash | rumple,smooth | straighten | flatten,መጨማደድ | ማጨማደድ | ማድበልበል | መደርመስ
cuff,noun,"The end part of a sleeve or trouser leg, where the material turns back or forms a separate band.",He fastened the silver button on his shirt cuff before heading out.,/kʌf/,B2,wristband | hem | band,,የእጅጌ ጫፍ | ካፍ | የእጅጌ ዳርቻ
dean,noun,The head of a college or university faculty or department; or a senior ecclesiastical official in a cathedral.,The dean of the medical school announced several new research grants.,/diːn/,B2,head | director | principal | provost,,ዲን | ፋኩልቲ ኃላፊ | የኮሌጅ ኃላፊ
deceive,verb,"To deliberately cause someone to believe something that is not true, especially for personal gain; to mislead or trick.",He tried to deceive his business partners by presenting falsified financial records.,/dɪˈsiːv/,B2,mislead | trick | dupe | cheat,enlighten | guide | be honest,ማታለል | ማሞኘት | መዋሸት | ማደናገር
decency,noun,"Behavior that conforms to accepted standards of morality, respectability, politeness, or good taste.",He at least had the common decency to apologize for his rude behavior.,/ˈdiːsnsi/,B2,propriety | morality | modesty | politeness,indecency | impropriety | vulgarity,ጨዋነት | ትህትና | ቅንነት | ተገቢነት
deception,noun,"The act of deliberately misleading, tricking, or cheating someone; fraud.",The scam artist used elaborate deception to convince elderly citizens to transfer money.,/dɪˈsɛpʃn/,B2,deceit | fraud | trickery | duplicity,honesty | truthfulness | sincerity,ማታለል | ተንኮል | ማጭበርበር | ክህደት
deflect,verb,To cause something to change direction by interposing something; to turn aside from a straight course.,The armor plating was thick enough to deflect bullets and shrapnel.,/dɪˈflɛkt/,B2,divert | turn aside | parry | redirect,attract | absorb | maintain course,አቅጣጫ ማስቀየር | ማዞር | ማራቅ | መከላከል
deform,verb,To distort the shape or form of something; to spoil the natural appearance or structure of.,Extreme heat and high pressure deformed the plastic casing of the device.,/dɪˈfɔːrm/,B2,distort | disfigure | misshape | warp,repair | restore | preserve,ቅርጽ ማበላሸት | ማጣመም | ቅርጽ ማዛባት
dementia,noun,"A chronic, progressive mental disorder characterized by memory loss, impaired reasoning, and personality changes.",The patient was diagnosed with early-stage dementia after exhibiting severe memory loss.,/dɪˈmɛnʃə/,B2,cognitive impairment | mental decline | Alzheimer's,,የአእምሮ መዛባት | እርጅና ያመጣው የመርሳት በሽታ | የአእምሮ ዝለት
demolish,verb,To pull or knock down a building or structure; to completely ruin or destroy.,The city council decided to demolish the abandoned warehouse to build a park.,/dɪˈmɒlɪʃ/,B2,destroy | tear down | raze | flatten,construct | build | erect | assemble,ማፍረስ | ማውደም | ማጥፋት | መደርመስ
den,noun,"The wild animal's lair or shelter; or a cozy, comfortable small room in a house for relaxation or study.",The brown bear retreated to its mountain den to hibernate through the winter.,/dɛn/,B2,lair | burrow | retreat | hideout,,የአውሬ ዋሻ | ዋሻ | የዕረፍት ክፍል | መደበቂያ
dent,noun,A slight hollow or depression in a hard surface caused by a blow or pressure.,There was a noticeable dent in the passenger door where another car had hit it.,/dɛnt/,B2,indentation | hollow | depression | ding,bulge | protrusion,የተጎደጎደ ቦታ | ጎድጓዳ ምልክት | መጎድጎድ
dental,adj,Relating to teeth or to the treatment and care of teeth.,Regular dental checkups are essential for preventing gum disease and cavities.,/ˈdɛntəl/,B2,oral | tooth | odontic,,የጥርስ | የጥርስ ሕክምና
deport,verb,"To officially expel a foreign national from a country, typically on legal or criminal grounds.",The authorities decided to deport the illegal immigrants back to their country of origin.,/dɪˈpɔːrt/,B2,expel | exile | banish | extradite,admit | repatriate | naturalize,ማባረር | ከአገር ማውጣት | በግድ ማሰደድ
despise,verb,"To feel intense contempt, dislike, or disgust for someone or something.",She despises dishonest people who take credit for the work of others.,/dɪˈspaɪz/,B2,loathe | detest | scorn | abhor,admire | respect | esteem,መናቅ | መጥላት | ማቃለል | መጠየፍ
diagonal,adj,"Joining two opposite corners of a square, rectangle, or other shape, or slanting obliquely.",A bold diagonal stripe ran across the team's official football jersey.,/daɪˈæɡənl/,B2,oblique | slanted | slanting | crosswise,horizontal | vertical,ሰያፍ | አግድም
dialect,noun,"A distinctive regional or social variety of a language distinguished by pronunciation, grammar, or vocabulary.",The elderly villagers communicated in a local dialect that travelers found hard to comprehend.,/ˈdaɪəlɛkt/,B2,vernacular | patois | idiom | accent,standard language,ቀበሌኛ | የቋንቋ ዘዬ | ዘዬ
diarrhoea,noun,A medical condition characterized by frequent and abnormally liquid bowel movements.,Drinking untreated water during the trek caused severe bouts of diarrhoea and dehydration.,/ˌdaɪəˈriːə/,B2,loose motions | dysentery | gastrointestinal upset,constipation,ተቅማጥ | ሆድ ማስቀመጥ
digit,noun,"Any of the numerals from 0 to 9, or a finger, thumb, or toe.",Enter the six digits of your confirmation code to verify your identity.,/ˈdɪdʒɪt/,B2,numeral | number | figure | finger,,አሃዝ | ቁጥር | ጣት
diligent,adj,"Showing steady, earnest, and energetic effort and care in one's work or duties.","Thanks to diligent investigation, the detectives uncovered key evidence that solved the cold case.",/ˈdɪlɪdʒənt/,B2,industrious | assiduous | hardworking | meticulous,lazy | indolent | negligent | careless,ትጉህ | ታታሪ | ደከመኝ ሰለቸኝ የማይል
disciple,noun,"A committed follower or pupil of a philosopher, teacher, or religious movement.",The revered guru taught his disciples the ancient techniques of mindfulness and meditation.,/dɪˈsaɪpl/,B2,follower | pupil | devotee | adherent,leader | opponent | adversary,ደቀ መዝሙር | ተከታይ
disconnect,verb,"To break or sever the connection, attachment, or supply of something.",Always remember to disconnect the appliance from the wall socket before carrying out repairs.,/ˌdɪskəˈnɛkt/,B2,detach | uncouple | sever | unplug,connect | link | attach | join,ማላቀቅ | ግንኙነት ማቋረጥ | መንቀል
discontent,noun,A feeling of dissatisfaction or unhappiness with one's circumstances or current affairs.,Widespread discontent with rising fuel prices triggered street protests across the capital.,/ˌdɪskənˈtɛnt/,B2,dissatisfaction | disaffection | displeasure | unrest,contentment | satisfaction | happiness,ቅሬታ | አለመርካት | አለመደሰት
dismal,adj,"Depressingly bad, gloomy, bleak, or cheerless in atmosphere or outcome.",The company's dismal sales figures for the fourth quarter prompted budget cutbacks.,/ˈdɪzməl/,B2,gloomy | dreary | bleak | cheerless,cheerful | bright | promising | encouraging,አስጨናቂ | ጭው ያለ | አሳዛኝ | የጨለመ
disqualify,verb,"To declare someone ineligible, unfit, or barred from a competition, position, or activity due to an infraction.",Referees decided to disqualify the runner for repeatedly stepping out of his lane.,/dɪsˈkwɑːlɪfaɪ/,B2,debar | exclude | rule out | invalidate,qualify | admit | entitle | permit,ብቁ አለማድረግ | ማገድ | ማግለል
distrust,noun,The feeling that someone or something cannot be relied upon; suspicion or lack of trust.,Deep-seated historical distrust made diplomacy between the neighboring nations extraordinarily difficult.,/dɪsˈtrʌst/,B2,mistrust | suspicion | doubt | skepticism,trust | faith | confidence | reliance,አለማመን | አለመተማመን | መጠራጠር
dough,noun,"A thick, malleable mixture of flour, water, and other ingredients kneaded for baking bread or pastries.",She let the bread dough rest in a warm bowl until it doubled in volume.,/doʊ/,B2,batter | paste | mixture,,ሊጥ
drawback,noun,"A disadvantage, flaw, or undesirable feature that reduces the appeal of something.",The principal drawback of the hybrid vehicle was the high cost of replacement batteries.,/ˈdrɔːbæk/,B2,disadvantage | shortcoming | defect | downside,advantage | benefit | merit | upside,ጉድለት | ችግር | እንቅፋት | አሉታዊ ጎን
dummy,noun,A model or representation of a human figure used to display clothing or test safety features.,Engineers placed a crash-test dummy in the driver's seat to measure impact forces.,/ˈdʌmi/,B2,mannequin | model | replica | imitation,original | genuine,አሻንጉሊት | አስመሳይ ምስል | ማኒኪን
dune,noun,"A ridge or hill of sand piled up and shaped by the wind, typically in a desert or along a seashore.",The expedition drove four-wheel-drive vehicles over the soaring desert dune.,/duːn/,B2,sand dune | sand hill | ridge,,የአሸዋ ክምር | የአሸዋ ኮረብታ
dynasty,noun,"A line of hereditary rulers of a country, or a succession of powerful individuals from the same family.",The cultural achievements of the Tang dynasty left an indelible mark on world history.,/ˈdaɪnəsti/,B2,bloodline | empire | lineage | house,,ስርወ መንግሥት | የንግሥና ዘር
ecosystem,noun,A complex network or biological community of interacting organisms and their physical environment.,Overfishing can cause catastrophic disruptions throughout the delicate coral reef ecosystem.,/ˈiːkoʊsɪstəm/,B2,biome | environment | ecology | biosphere,,ሥነ ምህዳር | የሕይወት እና የአካባቢ ሥርዓት
elegance,noun,"The quality of being graceful, tasteful, and refined in appearance, behavior, or style.",The historic palace was celebrated for its understated architectural elegance and charm.,/ˈɛlɪɡəns/,B2,grace | sophistication | refinement | tastefulness,clumsiness | crudeness | vulgarity | gaudiness,ውበት | ውብነት | ጨዋነት | ጽዱነት
eloquent,adj,"Fluent, persuasive, and articulate in speaking or writing.",The defense attorney delivered an eloquent closing argument that moved the jury.,/ˈɛləkwənt/,B2,articulate | persuasive | fluent | expressive,inarticulate | hesitant | stumbling,አንደበተ ርቱዕ | ለዛ ያለው ተናጋሪ | ማራኪ አገላለጽ ያለው
empathy,noun,"The ability to understand and share the feelings, thoughts, and emotions of another person.",Her profound empathy allowed her to connect deeply with patients in distress.,/ˈɛmpəθi/,B2,compassion | understanding | sympathy | sensitivity,apathy | indifference | callousness,የሌላውን ስሜት መረዳት | አጋርነት | አብሮ መቆርቆር | ርኅራኄ
enchant,verb,"To delight, charm, or captivate someone completely; also to put under a spell.",The tranquil beauty of the mountain valley never failed to enchant visitors.,/ɪnˈtʃænt/,B2,captivate | charm | fascinate | bewitch,repel | disgust | bore,መማረክ | ማስደሰት | አደንዝዞ መያዝ | ማስደነቅ
encode,verb,To convert information or data into a code or a specific electronic system format.,The software is designed to encode confidential messages before sending them over the network.,/ɪnˈkoʊd/,B2,encrypt | cipher | codify | convert,decode | decrypt | decipher,ሚስጥራዊ ምልክት ማድረግ | መመስጠር | በምስጢር ኮድ መጻፍ
equate,verb,"To consider or treat one thing as equivalent, identical, or comparable to another.",You should not equate a high salary with personal fulfillment and satisfaction.,/ɪˈkweɪt/,B2,identify | compare | correlate | associate,differentiate | distinguish | discriminate,ማስተካከል | ማመሳሰል | እኩል አድርጎ መቁጠር
erotic,adj,"Relating to or arousing sexual desire, love, or passion.",The museum exhibited ancient sculptures that contained subtle erotic symbolism.,/ɪˈrɒtɪk/,B2,sensual | amatory | seductive | sexual,chaste | puritanical | prudish,ወሲባዊ | የወሲብ ስሜት ቀስቃሽ | ፍትወታዊ
esteem,noun,"High regard, admiration, and respect for someone or something.",She earned the lifelong esteem of her peers through her groundbreaking medical research.,/ɪˈstiːm/,B2,respect | admiration | reverence | regard,disrespect | contempt | disdain,ክብር | አክብሮት | ግምት | ሞገስ
eternity,noun,Infinite or unending time; a state of perpetual existence beyond mortal life.,Those agonizing minutes waiting for the emergency crew seemed like an eternity.,/ɪˈtɜːrnəti/,B2,infinity | perpetuity | timelessness | everlastingness,moment | instant | transience,ዘላለም | ዘላለማዊነት | ፍጻሜ የሌለው ጊዜ
evade,verb,"To escape, avoid, or elude someone or something through cleverness, agility, or deceit.",The company employed offshore shell corporations to evade paying domestic corporate taxes.,/ɪˈveɪd/,B2,elude | dodge | escape | sidestep,confront | face | encounter,ማምለጥ | ማፈንገጥ | መሸሽ | ሸሽቶ ማምለጥ
evict,verb,To expel a tenant from a property through legal process.,The court granted the landlord an order to evict the non-paying commercial tenant.,/ɪˈvɪkt/,B2,expel | oust | eject | remove,house | accommodate | shelter,ማስወጣት | ማፈናቀል | ከቤት ማባረር
excel,verb,To be exceptionally good at or proficient in an activity or subject.,"With persistent practice, he managed to excel in both academics and competitive athletics.",/ɪkˈsɛl/,B2,shine | surpass | outdo | dominate,fail | languish | struggle,መብለጥ | ጎልቶ መታየት | ብልጫ ማግኘት | የላቀ መሆን
excursion,noun,"A short journey or leisure outing, typically taken for pleasure, relaxation, or study.",The cruise passengers enjoyed a scenic day excursion to the ancient cliffside ruins.,/ɪkˈskɜːrʒn/,B2,trip | outing | jaunt | expedition,,አጭር ጉዞ | ሽርሽር | ጉብኝት
extravagant,adj,"Spending money or using resources excessively, wastefully, or far beyond what is necessary.","She avoided an extravagant lifestyle, choosing instead to donate most of her earnings to charity.",/ɪkˈstrævəɡənt/,B2,lavish | wasteful | prodigal | immoderate,frugal | thrifty | economical | modest,ባካኝ | አባካኝ | ከልክ ያለፈ | የተጋነነ
falcon,noun,A fast-flying bird of prey characterized by long pointed wings and a sharply hooked bill.,The trained falcon soared high into the sky before swooping swiftly onto its prey.,/ˈfɔːlkən/,B2,raptor | bird of prey | hawk,,ጭልፊት | አሞራ
famine,noun,"An extreme, widespread scarcity of food causing starvation, disease, and high mortality.",International relief organizations mobilized quickly to deliver emergency aid during the devastating famine.,/ˈfæmɪn/,B2,starvation | food shortage | hunger | drought crisis,abundance | plenty | feast,ረሃብ | ቸነፈር | የምግብ እጥረት
fanatic,noun,"A person with excessive, uncritical, and extreme enthusiasm or zeal, especially for a political or religious cause.",He was described as a fitness fanatic who spent three hours in the gym every single day.,/fəˈnætɪk/,B2,zealot | extremist | enthusiast | radical,moderate | sceptic | realist,ጽንፈኛ | አክራሪ | ስሜታዊ ወገንተኛ
feat,noun,"An extraordinary act or accomplishment showing notable skill, strength, or daring.",Constructing the railway line across the towering mountain pass was a remarkable engineering feat.,/fiːt/,B2,achievement | accomplishment | exploit | triumph,failure | debacle | defeat,ጀብዱ | ታላቅ ስኬት | ድንቅ ተግባር | ጉብዝና
felled,verb,"Cut or knocked down, especially a tree; struck someone to the ground; past tense of fell.",The fierce hurricane felled dozens of large pine trees across the main boulevard.,/fɛld/,B2,cut down | chopped down | toppled | knocked down,planted | raised | erected,ጣለ | ቆረጠ (ዛፍ) | ገረሰሰ | ወደ መሬት ጣለ
feminism,noun,"The belief in and advocacy for social, economic, and political equality of the sexes.",The speaker discussed the evolution of feminism from early suffrage movements to modern workplace equality.,/ˈfɛmənɪzəm/,B2,women's liberation | women's rights movement | female empowerment,patriarchy | misogyny | antifeminism,የሴቶች መብት ንቅናቄ | ፌሚኒዝም | የሴቶች እኩልነት ድጋፍ
fern,noun,A flowerless vascular plant that has leafy fronds and reproduces by spores rather than seeds.,She placed a potted fern in the shaded corner of the veranda to brighten the space.,/fɜːrn/,B2,frond plant | pteridophyte,,ፈርን (አበባ የሌለው ቅጠላማ ተክል) | ፈርን ተክል
fiery,adj,"Consisting of, resembling, or burning like fire; also full of intense, passionate, or quick-tempered emotion.",The union leader delivered a fiery speech that inspired the workers to strike.,/ˈfaɪəri/,B2,passionate | blazing | fierce | impassioned,calm | cool | subdued | mild,እንደ እሳት የሚነድ | እሳታማ | ግልፍተኛ | ከፍተኛ ስሜት ያለው
fin,noun,"A flattened, wing-like appendage on various parts of the body of aquatic animals such as fish, used for swimming, steering, or balancing.",The shark's sharp dorsal fin sliced through the surface of the calm ocean.,/fɪn/,B2,flipper | fluke | wing,,ክንፍ (የዓሣ) | የዓሣ ክንፍ
finite,adj,"Having definite limits, boundaries, or a fixed measure; not infinite.",Earth possesses a finite supply of natural resources that humanity must manage prudently.,/ˈfaɪnaɪt/,B2,limited | bounded | restricted | exhaustible,infinite | endless | boundless | limitless,ወሰን ያለው | ውሱን | አላቂ
firearm,noun,"A portable weapon that fires bullets, shells, or other projectiles by the explosive force of gunpowder.",Strict federal regulations govern the sale and private ownership of any firearm.,/ˈfaɪərɑːrm/,B2,gun | handgun | weapon | sidearm,,የእጅ መሣሪያ | ጠመንጃ | የጦር መሣሪያ
flex,verb,"To bend a limb or joint; to contract a muscle, especially to display physical strength or power.",The athlete stepped onto the podium to flex his muscular biceps for the roaring crowd.,/flɛks/,B2,bend | contract | tighten | display,extend | straighten | relax,ማጠፍ | ማሳየት (ጡንቻን/ኃይልን) | ማሸብሸብ
flirt,verb,To behave playfully or suggestively toward someone to show romantic or sexual interest without serious intent.,He tried to flirt with the new receptionist by complimenting her cheerful smile.,/flɜːrt/,B2,chat up | tease | court | philander,,መሽኮርመም | ማሽኮርመም | የፍቅር ጨዋታ ማድረግ
floral,adj,"Pertaining to, decorated with, or resembling flowers.",The living room was brightened by fresh curtains featuring a vibrant floral pattern.,/ˈflɔːrəl/,B2,flowery | botanical | blossom-patterned,plain | unpatterned,የአበባ | በአበባ የተሸለመ
fluent,adj,"Able to express oneself smoothly, effortlessly, and accurately in a spoken or written foreign language.","After living in Tokyo for four years, she became completely fluent in conversational Japanese.",/ˈfluːənt/,B2,articulate | eloquent | smooth-spoken | natural,hesitant | halting | inarticulate | struggling,አቀላጥፎ የሚናገር | ቅልጡፍ | አቀላጣፊ
fluff,noun,"Soft, light clumps of fiber, down, or hair; superficial, lighthearted, or trivial entertainment.",He carefully brushed the white cat fluff off his dark wool blazer before leaving.,/flʌf/,B2,fuzz | lint | down | fleece,,ስስ ጸጉር | ልስላሴ | ቡፍታ
fluorescent,adj,Emitting bright visible light when exposed to electromagnetic radiation; vividly luminous or glowing.,Construction crew members wear bright fluorescent jackets to remain visible to nighttime traffic.,/ˌflʊəˈrɛsənt/,B2,luminous | glowing | radiant | phosphorescent,dim | dull | dark,ብርሃን አመንጪ | ደማቅ አንጸባራቂ
foe,noun,"An enemy or adversary in a war, contest, rivalry, or dispute.","Despite their intense political rivalry, the senator treated his longtime foe with mutual respect.",/foʊ/,B2,enemy | adversary | opponent | rival,friend | ally | supporter | partner,ጠላት | ተቀናቃኝ | ባላጋራ
footing,noun,A secure placement of the feet; a firm foundation or balanced basis on which something operates or stands.,"The climber scrambled along the narrow ledge, carefully seeking secure footing on the slippery rock.",/ˈfʊtɪŋ/,B2,foothold | grip | foundation | standing,instability | slip | imbalance,የእግር መርገጫ | ሚዛን | መሠረት | አቋም
forensic,adj,Relating to or using scientific methods and analytical techniques in criminal or legal investigations.,Forensic investigators uncovered crucial microscopic fibers at the crime scene.,/fəˈrɛnzɪk/,B2,scientific | investigative | analytical | legal,,የፎረንሲክ | የወንጀል ምርመራ ሳይንሳዊ
fortify,verb,To strengthen a place against attack with military defenses; to reinforce or invigorate physically or mentally.,Commanders ordered soldiers to fortify the perimeter trenches before the enemy assault commenced.,/ˈfɔːrtɪfaɪ/,B2,strengthen | reinforce | bulwark | bolster,weaken | undermine | debilitate | dismantle,ማጠናከር | መመሸግ | ማጠንከር
fortress,noun,"A large, heavily fortified stronghold or castle designed to withstand an armed siege.",The stone fortress had guarded the strategic mountain pass for more than six centuries.,/ˈfɔːrtrəs/,B2,stronghold | citadel | castle | fort,,ምሽግ | ግንብ | ጥብቅ ምሽግ
frail,adj,"Physically weak, delicate, or fragile; easily damaged, harmed, or broken.",His frail hands trembled slightly as he slowly opened the antique handwritten letter.,/freɪl/,B2,fragile | delicate | feeble | weak,robust | strong | sturdy | resilient,ደካማ | በቀላሉ የሚሰበር | ስስ | ቶሎ የሚጎዳ
freak,noun,"A very unusual, abnormal, or unexpected person, event, or phenomenon; an enthusiast obsessively devoted to something.","A freak hailstorm struck the valley in mid-July, devastating local cherry orchards.",/friːk/,B2,anomaly | oddity | abnormality | aberration,norm | ordinary | standard,ያልተለመደ ነገር | እንግዳ | ድንገተኛ አደጋ | የተለየ
freelance,adj,Working independently on short-term contracts for several employers rather than holding permanent employment with one company.,She established a thriving career as a freelance copywriter working from her home office.,/ˈfriːlæns/,B2,self-employed | independent | contractor | consulting,employed | salaried | permanent | in-house,ግል ሥራ | ነፃ ተቋራጭ | በግሉ የሚሠራ
frenzy,noun,"A state of wild excitement, uncontrolled emotional agitation, or chaotic and frenetic activity.",The unexpected arrival of the pop star caused a screaming frenzy outside the hotel entrance.,/ˈfrɛnzi/,B2,hysteria | delirium | madness | agitation,calm | serenity | composure | tranquility,እብደት | መቅበዝበዝ | ከፍተኛ መነቃቃት | ሁከት
fret,verb,"To feel or express persistent worry, annoyance, anxiety, or unease.",Her parents constantly fret about whether she eats well while living away at university.,/frɛt/,B2,worry | brood | agonize | stress,relax | unwind | ignore,መጨነቅ | መብሰልሰል | መወዛገብ
friction,noun,The resistive force that opposes the motion of two surfaces sliding past one another; conflict or tension caused by differing opinions.,Differing views on budget priorities generated sharp friction among departmental managers.,/ˈfrɪkʃən/,B2,resistance | conflict | tension | discord,harmony | accord | smoothness | agreement,ግጭት | ፍትጊያ | አለመግባባት
fumble,verb,"To handle, touch, or hold something clumsily or awkwardly; to struggle clumsily when speaking or acting.","With freezing fingers, he started to fumble clumsily with his car keys outside the door.",/ˈfʌmbəl/,B2,grope | stumble | blunder | mishandle,handle deftly | manage expertly,መዳበስ | መደናበር | በእጅ መተጣጠል | ማበላሸት
futile,adj,"Incapable of producing any useful result, accomplishment, or practical effect; completely pointless.",Their desperate attempts to paddle against the raging current proved utterly futile.,/ˈfjuːtaɪl/,B2,pointless | useless | vain | fruitless,fruitful | effective | productive | successful,ከንቱ | ከንቱ ድካም | ዋጋ ቢስ | የማይጠቅም
gala,noun,"A lavish, festive social occasion, party, or public performance featuring grand entertainment.",Dignitaries from across the nation attended the annual black-tie charity gala to support education.,/ˈɡɑːlə/,B2,festival | celebration | banquet | extravaganza,,ደማቅ ድግስ | ክብረ በዓል | ፌስቲቫል
gallop,noun,"The fastest four-beat gait of a horse or other quadruped, where all four hooves leave the ground simultaneously.","The stallion broke into a full gallop across the wide, emerald meadow.",/ˈɡæləp/,B2,canter | sprint | charge | dash,walk | stroll | trot,ጋሎፕ | የፈረስ ሩጫ | እመርታ
garnish,verb,"To decorate, trim, or embellish something, especially a prepared food dish with a small edible accompaniment.",The culinary student was instructed to garnish the grilled salmon with fresh dill sprigs.,/ˈɡɑːrnɪʃ/,B2,decorate | adorn | embellish | trim,strip | blemish | denude,ማስጌጥ (ምግብን) | ማሸለም | ማስዋብ
gem,noun,A precious or semiprecious stone cut and polished for jewelry; someone or something prized for exceptional beauty or worth.,The rare blue sapphire was the most valuable gem in the antique collector's vault.,/dʒɛm/,B2,jewel | precious stone | gemstone | treasure,,እንቁ | የከበረ ድንጋይ | አልማዝ
genome,noun,"The complete, entire set of hereditary genes or genetic instructions residing within an organism or cell.",Advancements in biotechnology have made sequencing an entire human genome faster and affordable.,/ˈdʒiːnoʊm/,B2,genetic code | genetic material | DNA sequence,,ጂኖም | የተሟላ የዘረመል ስብስብ
gigantic,adj,"Extraordinarily large, massive, or colossal in size, scope, or degree.",The new cargo vessel is so gigantic that it can transport twenty thousand shipping containers at once.,/dʒaɪˈɡæntɪk/,B2,enormous | colossal | massive | immense,tiny | miniature | microscopic | diminutive,ግዙፍ | እጅግ በጣም ትልቅ | ግዙፋን
gin,noun,A clear distilled spirit flavored with juniper berries and various botanical aromatics.,"He mixed a classic cocktail with premium dry gin, tonic water, and a twist of lemon.",/dʒɪn/,B2,liquor | spirit | alcohol,,ጂን (የአልኮል መጠጥ) | አረቄ
glacier,noun,A slowly moving mass or river of perennial ice formed by the accumulation and compaction of snow over centuries.,Scientists documented the gradual retreat of the Alaskan glacier caused by rising temperatures.,/ˈɡleɪʃər/,B2,ice sheet | iceberg | icefield | ice cap,,የበረዶ ግግር | የበረዶ ወንዝ
gland,noun,"An anatomical organ or specialized tissue that synthesizes and secretes chemical substances such as hormones, saliva, or sweat.",The adrenal gland produces vital hormones that help regulate metabolism and stress responses.,/ɡlænd/,B2,organ | secreting organ,,እጢ | ሆርሞን አመንጪ አካል
glisten,verb,"To shine with a sparkling or reflective light, especially from a wet or oily surface.",Tears began to glisten in her eyes as she heard the touching story.,/ˈɡlɪsn/,B2,glimmer | sparkle | shine | glitter,dull | fade,ማንጸባረቅ | ማብረቅረቅ | ብልጭልጭ ማለት
glossy,adj,"Smooth, sleek, and shiny on the surface.",She flipped through the glossy pages of the fashion magazine.,/ˈɡlɒsi/,B2,shiny | lustrous | sleek | polished,dull | matte | rough,አንጸባራቂ | ወዛም | የሚያብረቀርቅ
godfather,noun,"A man who presents a child at baptism and promises to support their religious development, or an influential leader of an organization.",He asked his childhood friend to serve as godfather to his newborn daughter.,/ˈɡɒdfɑːðər/,B2,sponsor | patron | mentor,,የክርስትና አባት | ሞግዚት
gothic,adj,"Relating to a style of medieval European architecture with pointed arches and ribbed vaults, or to literature with gloomy, mysterious, or eerie themes.",The ancient cathedral was famous for its towering gothic arches and stone gargoyles.,/ˈɡɒθɪk/,B2,medieval | eerie | dark | gloomy,modern | classical,ጎቲክ | የመካከለኛው ዘመን የሕንፃ ጥበብ
gracious,adj,"Courteous, kind, and pleasant, especially in social situations or toward subordinates.",The host was gracious enough to welcome unexpected guests into her home.,/ˈɡreɪʃəs/,B2,courteous | polite | cordial | generous,rude | discourteous | impolite | hostile,ደግ | ትሁት | ቸር | ጨዋ
granite,noun,"A very hard, granular igneous rock consisting of quartz, feldspar, and mica, commonly used in construction and sculpture.",The monument was carved from a single colossal block of pink granite.,/ˈɡrænɪt/,B2,rock | stone,,ግራናይት | ጠንካራ ድንጋይ
grieve,verb,"To feel deep, intense sadness or mental suffering, especially over the death of someone loved.",She needed several months of quiet seclusion to grieve the loss of her mother.,/ɡriːv/,B2,mourn | sorrow | lament | weep,rejoice | celebrate,ማዘን | ማልቀስ | ሐዘን መቀመጥ
groove,noun,"A long, narrow furrow, cut, or channel in a hard surface; also an enjoyable, settled routine.",The needle rested precisely in the spinning vinyl record's tiny spiral groove.,/ɡruːv/,B2,channel | furrow | trench | slot,ridge | bump,ቦይ | ጭረት | መስመር | ሰርጥ
grudge,noun,"A persistent feeling of resentment, anger, or ill will held against someone due to a past wrong.",He held a grudge against his former partner for deceiving him in the business venture.,/ɡrʌdʒ/,B2,resentment | bitterness | rancor | malice,forgiveness | goodwill | kindness,ቂም | ቂም በቀል | ጥላቻ
grumble,verb,"To complain in a bad-tempered, muttered tone; or to make a low, continuous rumbling sound.",The hungry passengers began to grumble when dinner service was delayed.,/ˈɡrʌmbl/,B2,complain | mutter | whine | gripe,praise | applaud | commend,ማጉረምረም | ማማረር | ማንሾካሾክ
gulp,verb,"To swallow food or drink greedily, quickly, or in large quantities; or to gasp deeply for breath.",He was so parched after the football match that he gulped down two entire sports drinks.,/ɡʌlp/,B2,swallow | devour | chug | gasp,sip | nibble,መጎንጨት | መዋጥ | ማጓጓት
gutter,noun,"A shallow trough under the edge of a roof, or a channel beside a street, designed to carry away rainwater.",We had to clear the decaying autumn leaves from the roof gutter before the heavy rains started.,/ˈɡʌtər/,B2,drain | trough | trench | conduit,,የውኃ ማስተላለፊያ ቦይ | የፍሳሽ ቦይ | ሰርጥ
halve,verb,"To divide into two equal portions, or to reduce something by one half.","By switching to solar power, the factory managed to halve its monthly utility bill.",/hɑːv/,B2,bisect | split | reduce by half | divide,double | multiply,ለሁለት መክፈል | በግማሽ መቀነስ | እኩል መከፋፈል
handbook,noun,"A concise reference book designed to provide quick, essential instructions or information on a particular subject.",The company employee handbook details all policies concerning annual leave and health benefits.,/ˈhændbʊk/,B2,manual | guidebook | directory | guide,,የኪስ መጽሐፍ | መመሪያ መጽሐፍ | የማመሳከሪያ መመሪያ
hare,noun,"A fast-running mammal with long ears and long hind legs, similar to a rabbit but larger and living in open country.",The greyhound chased a wild hare across the open moor until it vanished into the undergrowth.,/heər/,B2,jackrabbit | leporid,,የዱር ጥንቸል | ጥንቸል
hearty,adj,"Warm, enthusiastic, and friendly; or (of a meal) wholesome, substantial, and satisfying.",The weary travelers were welcomed with a hearty laughter and a steaming hot meal.,/ˈhɑːti/,B2,warm | robust | enthusiastic | substantial,feeble | weak | cold | halfhearted,ልባዊ | ሞቅ ያለ | ጥጋበኛ | የሚያጠግብ
hectare,noun,"A metric unit of surface area equal to 10,000 square meters or about 2.471 acres.",The government granted each rural family two hectares of arable land for farming.,/ˈhɛkteər/,B2,land unit,,ሄክታር | የመሬት ስፋት መለኪያ
hem,noun,"The folded and sewn border or edge of a piece of cloth, such as the bottom of a dress, skirt, or pants.",The seamstress carefully altered the hem of the wedding gown so it would not drag on the floor.,/hɛm/,B2,edge | border | margin | rim,,ዘርፍ | የልብስ ጠርዝ | ቅጥብ
hepatitis,noun,"A medical condition characterized by inflammation of the liver, typically caused by a viral infection or alcohol abuse.",Routine blood screening tests can identify early antibodies for hepatitis B.,/ˌhɛpəˈtaɪtɪs/,B2,liver inflammation | liver infection,,የጉበት በሽታ | የጉበት መቆጣት | ሄፓታይተስ
heroine,noun,"A woman admired for her extraordinary courage, achievements, or noble character; or the principal female character in a story.",Rosa Parks is honored as a fearless civil rights heroine whose protest changed history.,/ˈhɛroʊɪn/,B2,female champion | idol | protagonist | star,villain | antagonist,ጀግና ሴት | ዋና ሴት ገጸ ባህሪ
hesitant,adj,"Uncertain, slow, or reluctant in speech, thought, or action because of doubt, fear, or indecision.",He was hesitant about signing the contract until his attorney had reviewed every clause.,/ˈhɛzɪtənt/,B2,reluctant | uncertain | tentative | cautious,decisive | confident | resolute | bold,ተጠራጣሪ | አመንታይ | አቅማሚ
hijack,verb,"To seize control of an airplane, vehicle, or ship unlawfully by threat, force, or violence.",The security forces thwarted an extremist plot to hijack a commercial airliner.,/ˈhaɪdʒæk/,B2,commandeer | seize | skyjack | capture,relinquish | release | liberate,መጥለፍ | በኃይል መቆጣጠር | መንጠቅ
hoist,verb,"To lift, raise, or haul up heavy objects, especially using ropes, pulleys, or cranes.",The construction workers hoisted the steel beams to the top of the skyscraper.,/hɔɪst/,B2,lift | raise | elevate | heave,lower | drop,መስቀል | ማንሳት | ወደ ላይ ማውጣት
horrific,adj,"Causing great horror, terror, shock, or revulsion; intensely dreadful.",Paramedics described the highway collision as the most horrific accident they had ever witnessed.,/həˈrɪfɪk/,B2,dreadful | terrible | horrifying | shocking,pleasant | delightful | comforting | wonderful,አሰቃቂ | አስፈሪ | አስደንጋጭ
hose,noun,"A flexible pipe made of rubber, plastic, or fabric, used to direct water or other liquids.",He connected the garden hose to the spigot and watered the vegetable garden.,/hoʊz/,B2,pipe | tube | tubing | duct,,የውኃ ጎማ | ኮንዲውት | ሆስ
hospitality,noun,"The friendly, generous, and cordial treatment and entertainment of guests, visitors, or strangers.",We will always remember the incredible warmth and hospitality of the islanders.,/ˌhɒspɪˈtæləti/,B2,welcoming | friendliness | cordiality | kindness,hostility | coldness | unfriendliness,እንግዳ ተቀባይነት | መስተንግዶ | እንግዳ አክባሪነት
hound,noun,A dog of any breed developed to assist in hunting by tracking scent or running down prey.,The tracker released his trained hound into the thick forest to follow the animal's trail.,/haʊnd/,B2,hunting dog | canid | canine,,አዳኝ ውሻ | ውሻ
hub,noun,"The central part of a wheel; or the effective center or focal point of an activity, network, or transport system.",The vibrant capital city serves as a bustling financial and tech hub for the entire region.,/hʌb/,B2,center | core | focal point | nexus,periphery | rim | edge,ማዕከል | እምብርት | የትኩረት ነጥብ
huddle,verb,"To crowd or press tightly together, often for warmth, mutual protection, or confidential talk.",The children huddled around the roaring fireplace to warm their freezing hands.,/ˈhʌdl/,B2,cluster | crowd | gather | nestle,disperse | scatter | separate,መሰባሰብ | ተጠጋግቶ መቀመጥ | መኮማተር | መሰብሰብ
hue,noun,"A color or shade of color; or a particular character, aspect, or complexion.","The autumn leaves changed into stunning hues of scarlet, bronze, and gold.",/hjuː/,B2,color | shade | tint | tone,,ቀለም | የሕብር አይነት | የከለር ጥላ
humanities,noun,"The branches of learning that study aspects of human culture, society, and ideas, such as literature, history, and philosophy.",The university faculty has earned distinction for excellence in both the humanities and sciences.,/hjuːˈmænətiz/,B2,liberal arts | letters | human sciences,natural sciences | physical sciences,የሰው ልጆች ሳይንስ | ሂውማኒቲስ | ሰብአዊ ጥናቶች
hunch,noun,"An intuitive feeling, guess, or suspicion about something not based on direct evidence.","I had a hunch that the train would be delayed, so I decided to take the bus instead.",/hʌntʃ/,B2,intuition | suspicion | feeling | inkling,certainty | fact | proof,ግምት | ውስጣዊ ስሜት | ጥርጣሬ
hush,noun,"A sudden or temporary period of silence or quietness, especially after noise.",A sudden hush fell over the audience as the soloist stepped onto the stage.,/hʌʃ/,B2,silence | quiet | stillness | calm,noise | clamor | uproar,ዝምታ | ፀጥታ | ጭጭታ
hygiene,noun,The practice or principles of maintaining cleanliness and preventing disease to preserve health.,Washing hands regularly with soap and water is essential for good personal hygiene.,/ˈhaɪdʒiːn/,B2,cleanliness | sanitation | personal care,filth | dirtiness | insanitation,ንጽህና | የጤና አጠባበቅ
hymn,noun,"A religious song or poem of praise, typically sung in a church or during worship.",The congregation stood up to sing the opening hymn accompanied by the pipe organ.,/hɪm/,B2,chant | anthem | song of praise | psalm,,መዝሙር | የምስጋና መዝሙር | ዜማ
hype,noun,Extravagant or intensive publicity and promotion intended to generate public excitement.,"Despite all the media hype, the new movie received mixed reviews from critics.",/haɪp/,B2,publicity | promotion | fanfare | sensationalism,understatement | downplay,ማጋነን | ከፍተኛ ማስታወቂያ | የገበያ ግርግር
hypothetical,adj,"Based on or serving as a hypothesis; supposed, theoretical, or imagined rather than real.",The professor posed a hypothetical scenario to test the students' ethical reasoning.,/ˌhaɪpəˈθetɪkl/,B2,theoretical | speculative | conjectural | imagined,actual | real | proven | factual,ተገማች | የሀሳብ | የታሰበ | መላምታዊ
hysterical,adj,"Affected by uncontrolled, wild, or extreme emotion, such as panic, fear, or laughter.",She became hysterical when she realized that her young child was missing.,/hɪˈsterɪkl/,B2,frenzied | frantic | overwrought | agitated,calm | composed | serene | collected,ቁጥጥር ያጣ | የተደናገጠ | የቁጣ ስሜት የተጠናወተው | እብደት የተቀላቀለበት
idol,noun,"An image or representation of a deity used as an object of worship, or a person who is greatly admired and adored.",The pop star became a teenage idol admired by millions of fans worldwide.,/ˈaɪdl/,B2,icon | hero | role model | superstar,,ጣዖት | አምሳል | ተወዳጅ ሰው | አርአያ
ignorant,adj,"Lacking knowledge, awareness, or education about a particular subject.",He was completely ignorant of the local customs and accidentally offended his hosts.,/ˈɪɡnərənt/,B2,unaware | uneducated | uninformed | illiterate,knowledgeable | informed | educated | aware,አላዋቂ | ያልተማረ | ድንቁርና ያለበት | የማያውቅ
immoral,adj,"Not conforming to accepted standards of morality, ethics, or right conduct; wicked.",Stealing medicine meant for vulnerable patients is profoundly immoral.,/ɪˈmɒrəl/,B2,unethical | wicked | corrupt | sinful,moral | ethical | righteous | virtuous,ስነ-ምግባር የጎደለው | ብልሹ | ክፉ | ሃፍረት የሌለው
inclusive,adj,"Including all expected services, items, or people; aiming not to exclude any section of society.",The school fosters an inclusive environment where students of all backgrounds feel valued.,/ɪnˈkluːsɪv/,B2,comprehensive | all-embracing | all-inclusive | wide-ranging,exclusive | selective | discriminatory,አካታች | ሁሉንም የሚያጠቃልል | ሁሉን አቀፍ
incomprehensible,adj,Impossible or extremely difficult to understand or comprehend.,His sudden decision to resign without providing any explanation was incomprehensible.,/ɪnˌkɒmprɪˈhensəbl/,B2,unfathomable | unintelligible | baffling | impenetrable,comprehensible | understandable | clear | fathomable,የማይገባ | ለመረዳት አስቸጋሪ | የማይጨበጥ
indispensable,adj,"Absolutely necessary, essential, or vital; impossible to do without.",Clean running water is indispensable to public health and disease prevention.,/ˌɪndɪˈspensəbl/,B2,essential | vital | crucial | imperative,dispensable | unnecessary | nonessential | redundant,አስፈላጊ | የማይታለፍ | የማይተካ | እጅግ አስፈላጊ
infantry,noun,Soldiers who fight on foot as part of an army; the foot soldier branch of ground forces.,The infantry advanced across the rugged terrain under the cover of smoke grenades.,/ˈɪnfəntri/,B2,foot soldiers | ground troops | foot troops,,እግረኛ ጦር | እግረኛ ወታደሮች
informative,adj,"Providing useful, illuminating, or interesting information.","The documentary was highly informative, offering deep insights into marine ecosystems.",/ɪnˈfɔːmətɪv/,B2,instructive | educational | illuminating | revealing,uninformative | misleading | unhelpful,መረጃ ሰጪ | አስተማሪ | ጠቃሚ መረጃ የያዘ
inscription,noun,"Words or symbols inscribed, engraved, or written on a monument, stone, coin, or inside a book.",Archaeologists carefully cleaned the stone tablet to read the ancient Greek inscription.,/ɪnˈskrɪpʃn/,B2,engraving | epitaph | dedication | lettering,,ጽሑፍ | የተቀረጸ ጽሑፍ | ቅርስ ላይ ያለ ጽሑፍ
insulin,noun,A hormone produced in the pancreas that regulates the amount of glucose in the blood.,People with type 1 diabetes must take daily injections of insulin to control their blood sugar.,/ˈɪnsjəlɪn/,B2,pancreatic hormone | blood glucose regulator,,ኢንሱሊን | የስኳር መጠን መቆጣጠሪያ ሆርሞን
intellect,noun,"The faculty of reasoning and understanding objectively, especially regarding abstract matters; mental capacity.",Her formidable intellect allowed her to grasp complicated theoretical physics concepts easily.,/ˈɪntəlekt/,B2,intelligence | mind | brainpower | reasoning,stupidity | foolishness | ignorance,አዕምሮ | ማስተዋል | የማሰብ ችሎታ | እውቀት
intern,noun,"A student or recent graduate undergoing practical training in a profession or company, often for a fixed period.","As an intern at the architectural firm, he assisted senior designers with drafting blueprints.",/ˈɪntɜːn/,B2,trainee | apprentice | novice | probationary employee,mentor | supervisor | veteran,ተለማማጅ ሰራተኛ | ልምምድ ላይ ያለ ሰራተኛ | ተለማማጅ
intolerable,adj,"Completely unable to be endured, borne, or accepted; insufferable.",The working conditions in the unventilated basement became intolerable during the heatwave.,/ɪnˈtɒlərəbl/,B2,unbearable | insufferable | unendurable | unacceptable,tolerable | bearable | acceptable | endurable,የማይቻል | የማይታገስ | መሸከም የማይቻል
intricate,adj,"Very complicated or detailed, consisting of many closely interrelated parts.",The watchmaker carefully assembled the intricate gears of the mechanical timepiece.,/ˈɪntrɪkət/,B2,complex | complicated | elaborate | convoluted,simple | straightforward | plain,ውስብስብ | ረቂቅ | የተጠላለፈ
intrusion,noun,"The act of putting oneself into a place, situation, or conversation where one is unwelcome or uninvited.",She considered the sudden arrival of reporters an unforgivable intrusion into her private life.,/ɪnˈtruːʒn/,B2,encroachment | invasion | infringement | interruption,withdrawal | retreat | respect,ያለፈቃድ መግባት | ጣልቃ ገብነት | ወረራ | ተጋፊነት
intuition,noun,The ability to understand or know something immediately without conscious reasoning; instinctive insight.,"Following her intuition, the detective decided to re-examine the suspect's financial records.",/ˌɪntjuˈɪʃn/,B2,instinct | hunch | insight | sixth sense,reasoning | logic | analysis,ውስጣዊ ስሜት | የልብ እውቀት | ውስጠ-ግንዛቤ
intuitive,adj,Based on feelings or instinct rather than conscious reasoning; easy to understand and use naturally.,The mobile app has an intuitive user interface that requires no formal training to operate.,/ɪnˈtjuːɪtɪv/,B2,instinctive | spontaneous | innate | user-friendly,counterintuitive | analytical | reasoned,ውስጣዊ | በስሜት የሚታወቅ | በቀላሉ የሚገባ
involuntary,adj,Done without conscious will or intent; occurring as an automatic reflex or under compulsion.,Sneezing and shivering are involuntary reactions of the human nervous system.,/ɪnˈvɒləntri/,B2,unintentional | reflexive | unconscious | automatic,voluntary | intentional | deliberate | conscious,ያለፍላጎት የሆነ | በደመ ነፍስ የተደረገ | አስገዳጅ
irresistible,adj,"Too attractive, enticing, or powerful to be resisted or opposed.",The delicious aroma of freshly baked bread was completely irresistible.,/ˌɪrɪˈzɪstəbl/,B2,compelling | enchanting | seductive | overpowering,resistible | repulsive | avoidable,የማይገታ | የማይቋቋሙት | እጅግ ማራኪ
irrigate,verb,"To supply dry land or crops with water by artificial means such as pipes, channels, or sprinklers.",Farmers constructed canals to irrigate their crops during the prolonged dry season.,/ˈɪrɪɡeɪt/,B2,water | hydrate | moisten | flood,dehydrate | dry out | desiccate,ማጠጣት | ማጠጣት (በመስኖ) | መስኖ ማልማት
irritable,adj,"Easily annoyed, frustrated, or made angry.",A severe lack of sleep left him feeling exhausted and irritable all morning.,/ˈɪrɪtəbl/,B2,cranky | testy | grouchy | peevish,patient | calm | cheerful | good-humored,ቶሎ የሚበሳጭ | ተናዳጅ | ቆጣሪ | ቶሎ የሚቆጣ
isle,noun,"An island, especially a small or picturesque one.",They spent their summer vacation sailing between the emerald isles of the Aegean Sea.,/aɪl/,B2,island | islet | key | atoll,mainland | continent,ደሴት | አነስተኛ ደሴት
itch,noun,"An irritating sensation on the skin causing a desire to scratch, or a restless desire or longing.",A soothing calamine lotion helped relieve the persistent itch from the mosquito bites.,/ɪtʃ/,B2,irritation | tingling | prickle | craving,,ማሳከክ | እከክ | ውክፍ
jaguar,noun,"A large, powerful spotted feline native to the tropical forests of Central and South America.",The solitary jaguar stalked silently through the dense Amazon rainforest in search of prey.,/ˈdʒæɡjuər/,B2,panther | feline | wildcat,,ጃጓር | የአሜሪካ ነብር
jealousy,noun,"The state or feeling of being resentful, envious, or bitter toward someone's advantages, success, or affection.",His sudden professional success sparked bitter jealousy among some of his former colleagues.,/ˈdʒeləsi/,B2,envy | resentment | possessiveness | bitterness,goodwill | contentment | generosity,ቅናት | ምቀኝነት
jolly,adj,"Happy, cheerful, full of high spirits, and good humor.",The shopkeeper greeted all his regular customers with a warm smile and a jolly laugh.,/ˈdʒɑːli/,B2,cheerful | merry | jovial | gleeful,gloomy | miserable | sullen | somber,ደስተኛ | ተጫዋች | ሳቂታ | ፈንጠዝያኛ
jolt,verb,"To shake or dislodge abruptly and violently, or to shock someone into sudden action or awareness.",The loud crash jolted him awake in the middle of the night.,/dʒoʊlt/,B2,jerk | shock | jar | shake,soothe | calm | steady,መነቅነቅ | ማርገብገብ | ማስደንገጥ | ማናወጥ
juggle,verb,"To continuously toss and catch several objects in the air, or to handle multiple responsibilities or tasks simultaneously.",Working parents often have to juggle full-time careers with demanding childcare duties.,/ˈdʒʌɡl/,B2,balance | maneuver | manage | toss,neglect | mishandle | drop,ማንጎላጀት | ማመጣጠን | ማስተባበር | በአንድ ጊዜ በርካታ ነገሮችን መያዝ
juror,noun,A member of a jury sworn to deliver an impartial verdict in an official legal trial.,Each juror listened carefully to the testimonies presented by both the defense and prosecution.,/ˈdʒʊrər/,B2,jury member | adjudicator | arbitrator,,የዳኝነት ጉባኤ አባል | የፍርድ ቤት ዳኛ ረዳት | ጁሪ
justly,adv,"In accordance with justice, fairness, or moral rightness; deservedly or legitimately.",The dedicated scientist was justly rewarded with an international award for her groundbreaking research.,/ˈdʒʌstli/,B2,fairly | deservedly | rightfully | equitably,unjustly | unfairly | undeservedly,በፍትሃዊነት | በትክክል | እንደሚገባው | በርትዕ
knob,noun,"A rounded handle or projection used for opening a door, drawer, or operating a mechanical control.",She turned the brass door knob quietly so as not to wake the sleeping child.,/nɑːb/,B2,handle | dial | latch | switch,,እጀታ | ቆልፍ እጀታ | መቆጣጠሪያ ቁልፍ
knuckle,noun,"A joint of a finger, especially one between a finger and the rest of the hand.",His knuckles turned white as he clenched his hands into tight fists.,/ˈnʌkl/,B2,finger joint | joint | articulation,,የጣት መገጣጠሚያ | የጣት አንጓ
lantern,noun,"A portable protective lamp housing a light source, often with glass sides to shield the flame or bulb from wind.",The campers hung a battery-powered lantern from the center pole of their tent.,/ˈlæntərn/,B2,lamp | torch | beacon | light,,ፋኖስ | ማብሪያ | መብራት
latch,noun,"A mechanical fastening device with a bar fitting into a catch, used to secure a door or gate shut.",He lifted the iron latch and pushed open the garden gate to enter the courtyard.,/lætʃ/,B2,fastener | catch | bolt | clasp,,መቀርቀሪያ | ማሰሪያ | መዝጊያ
latitude,noun,"The angular distance north or south of the earth's equator, or scope for freedom of action or thought.",The director gave the research team wide latitude in how to conduct their experiments.,/ˈlætɪtuːd/,B2,breadth | leeway | scope | parallel,restriction | limitation | constraint,ኬክሮስ | ነጻነት | የመንቀሳቀስ ነጻነት | ወሰን
lava,noun,"Hot molten or semi-fluid rock erupted from a volcano, or the solid rock formed when it cools and hardens.",Glowing rivers of red-hot lava poured down the northern slope of the active volcano.,/ˈlɑːvə/,B2,magma | molten rock | volcanic rock,,ላቫ | የእሳተ ጎመራ ፍሳሽ | ቅልጥ ድንጋይ
lavender,noun,"A small aromatic shrub with fragrant pale purple flowers, or a delicate pale purple color.",A bundle of dried lavender hung in the wardrobe to keep the clothes smelling fresh.,/ˈlævəndər/,B2,lilac | violet | herb,,ላቬንደር | ጥሩ መዓዛ ያለው ሐምራዊ አበባ | ፈካ ያለ ሐምራዊ ቀለም
ledge,noun,"A narrow horizontal surface projecting from a wall, cliff, or other vertical face.",The mountain goat stood poised gracefully on a narrow rock ledge high above the valley.,/ledʒ/,B2,shelf | sill | ridge | projection,,እርከን | የመስኮት ጠርዝ | የገደል ጠርዝ | ጠርዝ
lily,noun,"A bulbous plant with large, elegant, trumpet-shaped flowers, often white or brightly colored.",White lilies bloomed along the perimeter of the peaceful courtyard pond.,/ˈlɪli/,B2,blossom | bloom | flower,,ሊሊ | የውሃ አበባ | ጽጌረዳ መሰል አበባ
limousine,noun,"A large, luxurious automobile, especially one driven by a chauffeur and separated by a glass partition.",A sleek stretch limousine waited outside the opera house to transport the visiting delegates.,/ˈlɪməziːn/,B2,limo | luxury car | private car,,ሊሙዚን | የቅንጦት መኪና | ረጅም መኪና
liner,noun,"A large passenger ship designed for scheduled ocean voyages, or an inner protective lining.",The historic ocean liner transported thousands of travelers across the Atlantic Ocean.,/ˈlaɪnər/,B2,ocean liner | cruise ship | passenger ship | vessel,,የመንገደኞች መርከብ | ትልቅ መርከብ | ውስጣዊ መሸፈኛ
lobster,noun,"A large marine crustacean with a cylindrical body, stalked eyes, and two powerful pincers, prized as food.",The coastal restaurant serves freshly boiled lobster with garlic butter sauce.,/ˈlɑːbstər/,B2,crustacean | shellfish | crayfish,,ሎብስተር | የባህር ሸርጣን መሰል እንስሳ
locality,noun,"A particular neighborhood, district, or area surrounding a specific place.",Several endemic bird species are found nowhere else in the world except this remote locality.,/loʊˈkæləti/,B2,neighborhood | district | area | region,,አካባቢ | መንደር | ሰፈር | ስፍራ
locomotive,noun,A powered rail vehicle used for pulling or pushing trains along a railroad track.,The powerful diesel locomotive hauled dozens of heavy freight wagons across the country.,/ˌloʊkəˈmoʊtɪv/,B2,engine | train engine | railway engine,,ሎኮሞቲቭ | የባቡር ሞተር | የባቡር መጎተቻ ራስ
loft,noun,"A room or space directly under the roof of a house, or an open-concept upper residential apartment.",The architect converted the old industrial warehouse into modern loft apartments.,/lɔːft/,B2,attic | garret | mezzanine | upper floor,basement | cellar,የጣሪያ ስር ክፍል | ኮርኒስ ስር ያለ ክፍል | ሰገነት
lumber,noun,"Timber or logs sawed and prepared for use in building, construction, and carpentry.",The workers unloaded stacked lumber to build the frame of the new house.,/ˈlʌmbər/,B2,timber | wood | planks | boards,,ጣውላ | ሳንቃ | እንጨት
lush,adj,Growing luxuriantly and vigorously; abundant and thriving in vegetation.,The valley was covered in lush green pastures after weeks of steady rain.,/ˈlʌʃ/,B2,luxuriant | verdant | flourishing | dense,barren | sparse | withered,ለምለም | የደራ | የተንሰራፋ
magnify,verb,"To make something appear larger than it is, especially through a lens or microscope; or to exaggerate.",The microscope is able to magnify microscopic bacteria thousands of times.,/ˈmæɡnɪfaɪ/,B2,enlarge | amplify | expand | exaggerate,diminish | reduce | shrink,ማጉላት | ማተለቅ | ማጋነን
maiden,noun,"An archaic or literary term for a young, unmarried woman or girl.","In ancient legends, the knight journeyed far to rescue a captive maiden.",/ˈmeɪdn/,B2,damsel | young woman | girl | virgin,,ድንግል | ወጣት ሴት | ደናግል
maple,noun,A tree of northern temperate regions with distinctive lobed leaves and sweet sap used to make syrup.,"Every autumn, the maple trees turn brilliant shades of scarlet and amber.",/ˈmeɪpl/,B2,maple tree | acer,,ሜፕል | የሜፕል ዛፍ
mare,noun,A fully grown female horse or other equine animal.,The mare stood calmly beside her newborn foal in the stable.,/ˈmɛər/,B2,female horse | dam,stallion,ባዝራ | እንስት ፈረስ
mash,verb,"To crush, beat, or press food into a soft, pulpy, or uniform mass.",Use a fork to mash the ripe bananas before folding them into the batter.,/ˈmæʃ/,B2,crush | puree | smash | squish,,ማድቀቅ | መፍጨት | ማላላት | ማዋሃድ
masterpiece,noun,"A work of outstanding artistry, craftsmanship, skill, or excellence.",The newly restored fresco is recognized as the artist's greatest masterpiece.,/ˈmæstərpiːs/,B2,magnum opus | masterwork | tour de force | classic,failure | botch,ድንቅ ስራ | የጥበብ ቁንጮ | እጅግ የላቀ ስራ
maze,noun,"A complex, confusing network of paths or passages through which it is difficult to find a way.",Visitors often get lost navigating the maze of narrow streets in the historic center.,/ˈmeɪz/,B2,labyrinth | network | tangle | puzzle,,ውስብስብ መንገድ | ማዝ | መውጫው የማይታወቅ መንገድ
mega,adj,"Very large, massive, or exceptionally great, impressive, or successful.",The tech giant announced a mega merger that would reshape the entire industry.,/ˈmɛɡə/,B2,colossal | massive | huge | gigantic,tiny | miniature | microscopic,ግዙፍ | እጅግ ትልቅ | ሜጋ
mend,verb,"To repair, restore, or fix something broken, torn, or damaged; or to heal.",She spent the afternoon mending torn shirts and stitching loose buttons.,/ˈmɛnd/,B2,repair | fix | patch | restore,break | damage | ruin,መጠገን | መስፋት | ማደስ
mentor,noun,An experienced and trusted adviser who guides and counsels a less experienced person.,The senior engineer served as a supportive mentor to newly hired developers.,/ˈmɛntɔːr/,B2,adviser | counselor | guide | tutor,mentee | protege | novice,መካሪ | አማካሪ | አሰልጣኝ | መሪ
merchandise,noun,"Goods, commodities, or products bought, sold, or displayed in retail trade.",Shoppers crowded into the boutique to browse the new summer merchandise.,/ˈmɜːrtʃəndaɪs/,B2,goods | wares | commodities | products,,ሸቀጥ | የንግድ እቃ | ሸቀጣ ሸቀጥ | እቃ
mercury,noun,"A heavy, silvery liquid metallic chemical element used in thermometers, barometers, and scientific instruments.",Old clinical thermometers often contained silvery mercury to measure body temperature.,/ˈmɜːrkjəri/,B2,quicksilver | hydrargyrum,,ሜርኩሪ | ሲባቅ
mesh,noun,"Material made of a network of interlaced wire, thread, or plastic with evenly spaced openings.",The open window was covered with a fine metal mesh to keep out mosquitoes.,/ˈmɛʃ/,B2,netting | screen | lattice | web,,መረብ | ጥልፍልፍ | ሸበቦ
metabolism,noun,The complex biochemical processes in an organism by which food is converted into energy and living tissue.,Regular physical training can boost your resting metabolism and help burn calories.,/məˈtæbəlɪzəm/,B2,metabolic process | bioenergetics,,ሜታቦሊዝም | የምግብ መፈጨት ሂደት | የስርዓተ-ህይወት ኬሚካላዊ ሂደት
meteor,noun,"A small body from outer space that enters Earth's atmosphere, heating up and producing a streak of light.",We sat on the hillside and watched a bright meteor streak across the clear sky.,/ˈmiːtiər/,B2,shooting star | falling star | bolide | fireball,,ሚቲየር | ተወርዋሪ ኮከብ | የጠፈር ድንጋይ
micro,adj,Extremely small; miniature; or operating on a very localized or minute scale.,The electronics lab manufactures micro chips used in advanced medical devices.,/ˈmaɪkroʊ/,B2,microscopic | miniature | minute | tiny,macro | mega | gigantic,ረቂቅ | ጥቃቅን | እጅግ ትንሽ | ማይክሮ
mingle,verb,To mix or blend together; or to circulate and socialize with others at an event.,The conference host urged all attendees to mingle during the evening reception.,/ˈmɪŋɡl/,B2,socialize | mix | blend | circulate,isolate | separate | segregate,መቀላቀል | መደባለቅ | መወያየት | መግባባት
miraculous,adj,"Occurring by or resembling a divine miracle; extraordinary, wondrous, and inexplicable.",The trapped miners made a miraculous escape when rescuers dug an emergency shaft.,/mɪˈrækjələs/,B2,wondrous | marvelous | supernatural | phenomenal,ordinary | natural | normal,ተአምራዊ | አስደናቂ | ድንቅ | እፁብ
mischief,noun,"Playful, harmless misbehavior or trouble-making that causes minor annoyance.",The energetic puppy got into mischief by chewing through his master's slippers.,/ˈmɪstʃɪf/,B2,naughtiness | trouble | misconduct | misbehavior,obedience | compliance | good behavior,ተንኮል | ባለጌነት | ጥፋት | ብልጣብልጥነት
mole,noun,A small burrowing mammal with dark velvety fur; a pigmented spot on skin; or an infiltrated spy.,The gardener noticed fresh dirt mounds made by an active mole in the lawn.,/ˈmoʊl/,B2,burrower | spy | undercover agent | beauty mark,,ፍልፈል | የቁርበት ነጠብጣብ | ሰላይ
moss,noun,"A tiny, rootless green plant that grows in dense, cushiony carpets in damp, shady locations.",Velvety green moss blanketed the damp stones surrounding the forest waterfall.,/ˈmɒs/,B2,bryophyte | lichen,,ሽበት | አረንጓዴ አልጌ | ሞስ
moth,noun,"A nocturnal insect closely related to the butterfly, typically with feathery antennae and drab coloring.",A night moth fluttered repeatedly against the illuminated windowpane.,/ˈmɒθ/,B2,lepidopteran | night butterfly,,ብል | የልብስ ብል | የእሳት እራት
mule,noun,"A sterile hybrid animal produced by crossing a female horse and a male donkey, prized for endurance.",The sturdy mule carried heavy loads of camping gear up the rocky mountain trail.,/ˈmjuːl/,B2,pack animal | beast of burden,,በቅሎ | ድቅል እንስሳ
multicultural,adj,"Relating to, containing, or representing several different cultural or ethnic groups within a society.",Toronto is known worldwide as a vibrant multicultural city where people of diverse backgrounds live harmoniously.,/ˌmʌltiˈkʌltʃərəl/,B2,multiracial | multiethnic | diverse | cosmopolitan,monocultural | homogeneous,ባለብዙ ባሕል | በርካታ ባሕሎችን ያካተተ
mumble,verb,"To speak quietly and unclearly into one's breath, so that words are difficult to understand.","He began to mumble an apology, looking down nervously at his shoes.",/ˈmʌmbl/,B2,mutter | whisper | murmur | slur,enunciate | articulate | shout,ማጉረምረም | በለሆሳስ ማውራት | በግልጽ አለመናገር
muscular,adj,"Having well-developed muscles and physical strength, or relating to the body's muscles.","Years of dedicated rowing and weightlifting had given him a powerful, muscular build.",/ˈmʌskjələr/,B2,brawny | athletic | sturdy | robust,frail | weak | skinny,ጡንቻማ | ጉልበታም | የጡንቻ
mythology,noun,"A collection of traditional stories, myths, or legends belonging to a particular culture or religion, often dealing with gods and heroes.","Greek mythology contains fascinating tales of gods, goddesses, and heroic quests.",/mɪˈθɒlədʒi/,B2,folklore | legends | lore | traditions,fact | history | reality,አፈ ታሪክ | የትውፊት ታሪክ
nag,verb,"To persistently harass, criticize, or urge someone to do something in an annoying manner.",His mother continued to nag him every weekend about tidying up his messy bedroom.,/næɡ/,B2,pester | badger | scold | harass,praise | encourage | placate,መነዝነዝ | ማንጎራጎር | መጨቅጨቅ
nausea,noun,A feeling of sickness in the stomach with an urge to vomit.,The rough motion of the ferry boat brought on a severe wave of dizziness and nausea.,/ˈnɔːziə/,B2,queasiness | sickness | biliousness | dizziness,wellness | comfort,ማቅለሽለሽ | ማቅለሽለሽ ስሜት
nostalgia,noun,"A sentimental longing or wistful affection for the past, typically for a period or place with happy personal associations.",Looking at childhood photographs filled her heart with a deep sense of warmth and nostalgia.,/nɒˈstældʒə/,B2,reminiscence | longing | wistfulness | yearning,,ናፍቆት | የትዝታ ናፍቆት | የጥንት ትዝታ
nostril,noun,Either of the two external openings of the nose through which air and smells enter the respiratory system.,The cold winter air stung his nostrils as he stepped out of the warm log cabin.,/ˈnɒstrɪl/,B2,naris | nasal passage | nasal opening,,የአፍንጫ ቀዳዳ
notch,noun,"A V-shaped indentation cut into an edge or surface, or a level or step in a graduated scale.",He carved a tiny notch into the wooden stick to mark every day spent on the island.,/nɒtʃ/,B2,indentation | nick | cut | incision,,ጭረት | ቅርጽ | ደረጃ
nourish,verb,"To provide with food, substances, or conditions necessary for growth, health, and good condition.",A balanced diet rich in fresh vegetables helps nourish the body and strengthen the immune system.,/ˈnʌrɪʃ/,B2,feed | nurture | sustain | cherish,starve | deprive | neglect,መመገብ | መንከባከብ | ማሳደግ
novelty,noun,"The quality of being new, original, or unusual; also, a small, inexpensive, and amusing item.","Electric cars were once viewed as a novelty, but they have now become common everyday vehicles.",/ˈnɒvəlti/,B2,newness | originality | innovation | freshness,tradition | familiarity | commonness,አዲስነት | አዲስ ነገር | እንግዳነት
novice,noun,"A person who is new to and inexperienced in a job, field, or situation.","Although he was a complete novice at chess, he managed to defeat several experienced players.",/ˈnɒvɪs/,B2,beginner | learner | newcomer | apprentice,veteran | expert | master,ጀማሪ | ልምድ የሌለው | አዲስ ተማሪ
nudge,verb,"To poke or push gently, usually with the elbow, to attract attention; or to encourage someone gradually toward an action.",She gave him a quick nudge with her elbow when the speaker asked for volunteers.,/nʌdʒ/,B2,poke | jog | prod | prompt,repel | discourage | deter,በክርን መሸከክ | በቀስታ መግፋት | ማነሳሳት
obese,adj,Grossly fat or overweight to an extent that endangers health.,Doctors warned that an unhealthy sedentary lifestyle could cause patients to become severely obese.,/əʊˈbiːs/,B2,corpulent | overweight | stout | portly,underweight | slim | slender,እጅግ የወፈረ | ከልክ ያለፈ ውፍረት ያለው | ወፍራም
ominous,adj,"Giving the impression that something unpleasant, bad, or threatening is about to happen.","Dark ominous clouds gathered swiftly on the horizon, signaling an impending storm.",/ˈɒmɪnəs/,B2,threatening | menacing | foreboding | sinister,auspicious | promising | encouraging,ክፉ አብሳሪ | አስፈሪ | ክፉ ገላጭ | መጥፎ ምልክት ያለው
onwards,adv,In a continuing direction forward in space or time.,"From the tenth century onwards, the small coastal settlement grew rapidly into a bustling port.",/ˈɒnwədz/,B2,forward | ahead | onward | forth,backwards | backward,ወደ ፊት | ከዚያን ጊዜ ጀምሮ | ወደፊት
optimise,verb,"To make the best, most effective, or most efficient use of a situation, resource, or system.",Software engineers worked to optimise the algorithm in order to reduce server loading times.,/ˈɒptɪmaɪz/,B2,enhance | improve | maximize | streamline,worsen | impair | degrade,ማሻሻል | በላቀ ሁኔታ መጠቀም | አቅምን ማሳደግ
ordeal,noun,"A very unpleasant, painful, difficult, or grueling experience.",The lost hikers survived their three-day ordeal in the freezing wilderness without serious injuries.,/ɔːˈdiːl/,B2,trial | tribulation | hardship | nightmare,pleasure | delight | comfort,ፈተና | መከራ | መከራ ፈተና | አስቸጋሪ ሁኔታ
outing,noun,"A brief journey or excursion undertaken for pleasure, recreation, or education.",The school organized a day outing to the natural history museum for all fourth-grade students.,/ˈaʊtɪŋ/,B2,excursion | trip | jaunt | picnic,,ሽርሽር | ጉብኝት | የእግር ጉዞ | አጭር ጉዞ
outlaw,noun,"A person who has broken the law and remains at large, especially a fugitive from justice.",Robin Hood is a legendary outlaw who hid in Sherwood Forest and stole from the rich to feed the poor.,/ˈaʊtlɔː/,B2,fugitive | bandit | criminal | brigand,law-abiding citizen | protector,ወንበዴ | ሕገ-ወጥ | ሽፍታ | ከአገር የተባረረ
outskirts,noun,"The outer parts, borders, or fringes of a town, city, or urban area.","They chose to build their dream house on the quiet outskirts of town, away from heavy traffic.",/ˈaʊtskɜːts/,B2,suburbs | edges | fringes | borders,center | heart | downtown,የከተማ ዳርቻ | ዳርቻ | ዳርቻዎች
outweigh,verb,"To be greater, more significant, or more influential than something else.",The long-term economic advantages of renewable energy far outweigh the initial installation costs.,/ˌaʊtˈweɪ/,B2,surpass | exceed | overshadow | prevail over,pale in comparison | fall behind,መብለጥ | ማመዘን | የበለጠ ክብደት ማግኘት
overcrowd,verb,"To fill or crowd a place or vehicle with more people or things than is safe, desirable, or comfortable.",Commuters complained that railway operators continue to overcrowd passenger trains during morning rush hour.,/ˌəʊvəˈkraʊd/,B2,congest | cram | pack | jam,empty | clear | vacate,ማጨናነቅ | ከልክ በላይ ማጨናነቅ | ሰውን ማብዛት
overhear,verb,"To hear someone or something without meaning to, or without the speaker's knowledge.","Sitting in the cafe, I couldn't help but overhear their heated discussion about politics.",/ˌəʊvəˈhɪər/,B2,eavesdrop on | catch | listen in on | hear accidentally,ignore | miss | overlook,ሳያስቡት መስማት | ድንገት መስማት | በስውር መስማት
overtake,verb,To catch up with and pass someone or something moving in the same direction; or to happen suddenly and unexpectedly to someone.,The sports car accelerated quickly down the straight road to overtake the slow-moving truck.,/ˌəʊvəˈteɪk/,B2,pass | outstrip | surpass | exceed,lag behind | trail | fall behind,መቅደም | ደርሶ ማለፍ | ማለፍ | ድንገት መያዝ
oyster,noun,"A marine bivalve mollusc with a rough, irregular shell, cultivated for food or for the pearls it produces.",The seaside restaurant served fresh oysters on a bed of crushed ice with lemon.,/ˈɔɪstər/,B2,bivalve | mollusc | shellfish,,ኦይስተር | ዕንቁ አውጪ ዛጎል | የባሕር ዛጎል
pamphlet,noun,"A small, thin booklet or leaflet with a paper cover, typically providing information or arguments on a specific subject.",The health clinic distributed an informative pamphlet outlining proper hygiene practices.,/ˈpæmflət/,B2,leaflet | brochure | booklet | flyer,,የእጅ ጽሑፍ | ቡክሌት | አጭር መጽሔት | በሪካ
pant,verb,"To breathe with short, quick, labored breaths, typically as a result of strenuous exertion or intense heat.","The runners collapsed onto the grass, panting heavily after completing the grueling marathon.",/pænt/,B2,gasp | puff | wheeze | blow,,ማንከስከስ | መቆራረጥ | ትንፋሽ መቆራረጥ | አየር መጋጥ
parlour,noun,"A comfortable sitting room in a private house for receiving guests, or a business establishment offering specific services or goods.",She invited the guests into the parlour for warm tea and homemade pastries.,/ˈpɑːrlər/,B2,sitting room | lounge | drawing room | salon,,የእንግዳ ማረፊያ ክፍል | ሳሎን | የንግድ ሳሎን
parsley,noun,"A biennial herb with curly or flat aromatic green leaves, widely cultivated and used for culinary seasoning or garnish.",The chef sprinkled freshly chopped parsley over the grilled fish just before serving.,/ˈpɑːrsli/,B2,herb | seasoning | garnish,,ፐርስሊ | የድንብላል መሰል ቅጠል | የሾርባ ቅጠል
pastor,noun,A minister or ordained Christian leader having spiritual charge of a congregation or parish.,The pastor visited elderly members of the congregation at home each Sunday afternoon.,/ˈpæstər/,B2,minister | clergyman | priest | preacher,layperson | parishioner,ፓስተር | ቄስ | የሃይማኖት አባት | መጋቢ
payroll,noun,"A list of employees and the wages due to them, or the total sum of money paid by a business to its workforce.",The expanding technology startup added fifty new software developers to its monthly payroll.,/ˈpeɪroʊl/,B2,wage sheet | salary list | compensation | wages,,የደመወዝ መዝገብ | የደመወዝ ክፍያ | የሰራተኞች ክፍያ
pebble,noun,"A small, smooth, rounded stone, especially one worn down by the action of running water or waves on a beach.","The children spent the afternoon collecting colorful, polished pebbles along the riverbank.",/ˈpebl/,B2,stone | shingle | gravel | rocklet,boulder | monolith,ጠጠር | ትናንሽ ድንጋይ
peg,noun,"A short cylindrical pin or bolt of wood, metal, or plastic, used for fastening things together, hanging clothes, or marking a spot.",She hung her winter coat and woolen scarf on the wooden peg in the entryway.,/peɡ/,B2,pin | dowel | hook | stake,,ችንካር | ቁስማ | መስቀያ | ቋሚ
penis,noun,"The primary external male reproductive and copulatory organ of higher vertebrates, which also serves to convey urine.",Medical professionals examine the structure of the penis to detect any congenital or urinary abnormalities.,/ˈpiːnɪs/,B2,phallus | male reproductive organ,,ብልት | የወንድ ብልት | ቁላ
perimeter,noun,"The continuous outer boundary line enclosing a two-dimensional geometric shape or geographical area, or the total length of this line.",Security forces set up electrified fencing along the perimeter of the government compound.,/pəˈrɪmɪtər/,B2,boundary | border | edge | circumference,center | interior | middle | core,ዙሪያ | ወሰን | ዙሪያ ክልል | ዙሪያ ርዝመት
perk,noun,"An incidental benefit, privilege, or advantage granted to an employee in addition to standard salary or wages.",A company car and comprehensive health coverage were among the perks offered with the executive position.,/pɜːrk/,B2,benefit | bonus | advantage | perquisite,disadvantage | drawback | penalty,ተጨማሪ ጥቅም | ጉርሻ | ጥቅማጥቅም
pickle,noun,"A vegetable or fruit preserved in vinegar or salty brine; or informally, a difficult or awkward situation.",She added crunchy dill pickles to the sandwich for an extra burst of tart flavor.,/ˈpɪkl/,B2,relish | chutney | predicament | dilemma,,አቸቶ | ቆጣጤ | በሆምጣጤ የተዘጋጀ አትክልት | አጣብቂኝ
pigment,noun,A finely ground natural or synthetic coloring substance that gives color to other materials or biological tissues.,"Melanin is the dark biological pigment that gives color to human skin, hair, and eyes.",/ˈpɪɡmənt/,B2,colorant | dye | tint | stain,,ቀለም | የቀለም ቅመም | ማቅለሚያ | ሕብረ-ቀለም
plank,noun,"A long, flat, rectangular piece of sawn timber used in construction and carpentry; or a key policy item in a political party's platform.",The carpenters walked carefully across the wooden planks bridging the construction trench.,/plæŋk/,B2,board | timber | beam | slab,,ሳንቃ | ጣውላ | ወፍራም ሳንቃ
plaque,noun,A flat ornamental tablet fastened to a wall in commemoration of a person or event; or a sticky deposit of bacteria on teeth.,A commemorative bronze plaque was installed on the historic home where the poet once lived.,/plæk/,B2,tablet | plate | memorial | medal,,የመታሰቢያ ጽላት | ጽላት | የጥርስ ቆሻሻ (ፕላክ) | የመታሰቢያ ሰሌዳ
plateau,noun,"An area of relatively high, level ground; or a state of little or no growth or change following a period of rapid development.","After months of steady weight loss, her progress reached a plateau and remained steady for weeks.",/plæˈtoʊ/,B2,tableland | highland | mesa | flatland,valley | trough | abyss | decline,ደጋማ ሜዳ | ሰፋፊ ከፍተኛ ሜዳ | አምባ | ሜዳማ አምባ
plum,noun,"A sweet, juicy, round fruit with smooth purple, red, or yellow skin and a single hard stone; also something highly desirable.",She picked a ripe plum from the orchard tree and bit into its sweet flesh.,/plʌm/,B2,drupe | prune | choice | prize,,ፕለም | ፕለም ፍሬ
plump,adj,"Pleasantly fat, rounded, and full in shape or body; chubby.",The healthy newborn baby had plump cheeks and dimpled little hands.,/plʌmp/,B2,chubby | fleshy | rounded | stout,skinny | thin | slender | lean,የሞላ | የሰባ | ደልዳላ | ቦርቦክ ያለ
pneumonia,noun,"A serious infection and inflammation of one or both lungs, in which air sacs fill with fluid or pus, causing severe coughing and breathing difficulty.",The elderly patient was admitted to the intensive care unit after developing viral pneumonia.,/njuːˈməʊniə/,B2,lung infection | chest infection | pneumonitis,,የሳንባ ምች | ሳምባ ምች
poach,verb,"To illegally catch, kill, or trap game, fish, or wild animals on land that is private or protected; also to cook food gently in simmering liquid.",Armed park rangers patrol the wildlife sanctuary daily to stop poachers from killing elephants for their ivory.,/pəʊtʃ/,B2,hunt illegally | catch illegally | simmer | steam,protect | preserve,በህገ-ወጥ መንገድ ማደን | አድኖ መስረቅ | በፈላ ውሃ ማብሰል
polo,noun,"A ball game played on horseback between two opposing teams of four players, who use long wooden mallets to drive a small ball into the goal.",Spectators gathered on the green lawn to watch the annual international polo tournament.,/ˈpəʊləʊ/,B2,polo game | equestrian polo,,ፖሎ (በፈረስ ላይ ሆኖ በበትር ኳስ የመምታት ጨዋታ)
pornography,noun,"Printed, audio, or visual material that explicitly portrays sexual acts or organs, designed specifically to arouse erotic desire.",Parental filters were installed on the home computer network to block access to internet pornography.,/pɔːˈnɒɡrəfi/,B2,erotica | explicit material | adult entertainment,,የወሲብ ምስል | አሳፋሪ ጽሑፍ/ምስል | ፖርኖግራፊ
portable,adj,"Easily carried or moved around, usually because of being light, compact, or convenient.",He brought a portable charger so he could recharge his smartphone while traveling on the train.,/ˈpɔːtəbl/,B2,movable | transportable | mobile | compact,fixed | stationary | immovable,ተንቀሳቃሽ | በቀላሉ የሚጓጓዝ | ተሸካሚ
poultry,noun,"Domestic birds, such as chickens, turkeys, ducks, and geese, kept for their meat and eggs; also meat derived from these birds.",Farmers in the rural valley raise poultry to supply eggs and fresh chicken meat to city markets.,/ˈpəʊltri/,B2,fowl | domestic birds | chickens,,የቤት አእዋፍ | የዶሮ ዝርያ | ዶሮዎች
pre,prefix,"A prefix meaning occurring before, prior to, in advance of, or placed in front of something.","In English, words with the prefix 'pre'—such as 'preheat' and 'preview'—indicate an action happening beforehand.",/priː/,B2,before | prior to | anterior,post- | after | following,ቅድመ | በፊት | ቀደም ሲል
premiere,noun,"The first public performance, showing, or presentation of a film, musical play, opera, or other creative production.",Celebrities and directors walked the red carpet at the international film premiere in Paris.,/ˈpremieə/,B2,debut | first screening | opening | first night,finale | closing,የመጀመሪያ ዕይታ | የመጀመሪያ ዝግጅት | መድረክ ጅማሮ
preview,noun,"An opportunity to view, hear, or inspect something—such as an exhibition, movie, or product—before it is made available to the general public.",Critics who attended the early preview of the blockbuster film praised its groundbreaking visual effects.,/ˈpriːvjuː/,B2,sneak peek | trailer | advance screening | teaser,retrospective | review,ቅድመ እይታ | ቅድመ ማሳያ | አጭር ማስተዋወቂያ
prune,verb,"To trim or cut away dead, overgrown, or unwanted branches from a tree or shrub; also to reduce or cut back something unnecessary.",The gardener showed the apprentice how to prune rose bushes to encourage healthier blossoms in the summer.,/pruːn/,B2,trim | clip | snip | cut back,expand | lengthen | enlarge,መከርከም | ማሳጠር | ቆርጦ መቀነስ
punk,noun,"A subculture and fast, aggressive style of rock music originating in the 1970s; also a follower of this style, or an unruly, defiant young person.",The energetic rhythm of British punk music influenced generations of alternative rock bands.,/pʌŋk/,B2,punk rock | rebel | delinquent | nonconformist,conformist | traditionalist,ፓንክ (የሙዚቃና የባህል አይነት) | አመጸኛ ወጣት | ባለጌ
puppet,noun,A doll or artificial figure of a person or animal manipulated by hand or strings; also a person or leader controlled entirely by another power.,Critics accused the newly appointed prime minister of being a puppet of powerful corporate interests.,/ˈpʌpɪt/,B2,marionette | figurehead | pawn | instrument,leader | ruler | sovereign,አሻንጉሊት | ጥገኛ ገዥ | የተላላኪ አስተዳደር
purify,verb,"To make something pure and clean by removing impurities, contaminants, or pollutants.",A multi-stage filtration system is installed to purify river water before it reaches households.,/ˈpjʊərɪfaɪ/,B2,cleanse | decontaminate | filter | sanitize,contaminate | pollute | defile | taint,ማጣራት | ማጽዳት | ንጹህ ማድረግ
quartet,noun,A group of four musicians or singers performing together; also a musical composition arranged for four instruments or voices.,The string quartet received a standing ovation after their masterly performance at the concert hall.,/kwɔːˈtet/,B2,foursome | tetrad | ensemble of four,solo | duet | trio,አራትዮሽ | የአራት ተጫዋቾች ቡድን | አራት ሰው ያቀፈ ቡድን
queue,noun,"A line or sequence of people or vehicles waiting their turn to be served, enter, or move forward.",Commuters waited patiently in a long bus queue during the evening rush hour.,/kjuː/,B2,line | row | file | procession,,ሰልፍ | ረድፍ | ተራ
quilt,noun,"A thick bed covering made by stitching two layers of fabric with a soft, warm filling sandwiched in between.",She tucked herself under the warm handmade quilt as temperatures dropped below freezing outside.,/kwɪlt/,B2,bedspread | duvet | comforter | blanket,,የጥጥ ብርድ ልብስ | ኩዊልት | ወፍራም አልጋ ልብስ
racket,noun,"A piece of sports equipment with an oval frame and strung mesh used for hitting balls in tennis, squash, or badminton; also a loud disturbing noise or an illicit enterprise.",She practiced her backhand swings with a new graphite tennis racket every afternoon.,/ˈrækɪt/,B2,racquet | paddle | uproar | din,silence | quiet | stillness,ራኬት (የቴኒስ መምቻ) | ጩኸት | ህገ-ወጥ ድርጊት
radius,noun,"A straight line extending from the center of a circle or sphere to its circumference, or a circular area surrounding a central point within a given distance.",Several grocery stores and cafés are located within a one-mile radius of the residential complex.,/ˈreɪdiəs/,B2,range | reach | span | distance,diameter | circumference,ሬዲየስ | ራዲየስ | ግማሽ ዲያሜትር | ዙሪያ
raft,noun,"A flat floating structure made of logs, planks, or inflatable material, used for transport across water or recreational floating.",The survival team lashed wooden logs together to build a sturdy raft to cross the wide river.,/rɑːft/,B2,float | dinghy | flatboat | pontoon,,ጀልባ መሰል መንሳፈፊያ | ራፍት | ታንኳ
ragged,adj,"Torn, frayed, worn into tatters, or having an uneven, jagged, or rough surface or finish.","After hiking through dense brambles, his trousers were torn and looked completely ragged.",/ˈræɡɪd/,B2,tattered | frayed | torn | shaggy,neat | smooth | pristine | tidy,የተበጫጨቀ | ያረጀ | ቡትቶ | ያልተስተካከለ
rash,noun,"A temporary outbreak of red, itchy spots or patches on the skin resulting from irritation, allergy, or disease.",Touching poison ivy caused an intensely itchy red rash to spread across his forearms.,/ræʃ/,B2,skin eruption | hives | outbreak | eruption,,ሽፍታ | አለርጂክ ሽፍታ | የቆዳ ሽፍታ
razor,noun,"A sharp-edged instrument or appliance equipped with one or more cutting blades, used for shaving hair from the face or body.",He replaced the dull blade on his razor before beginning to shave his beard.,/ˈreɪzə/,B2,shaver | safety razor | blade | electric razor,,ምላጭ | ሬዘር | መላጫ
reap,verb,"To cut and collect a grain crop, or to obtain a benefit or consequence as a result of one's own efforts.",Farmers worked from dawn until dusk to reap the wheat before the autumn rains arrived.,/riːp/,B2,harvest | gather | garner | obtain,sow | plant,ማጨድ | መሰብሰብ | ማግኘት
rebound,verb,"To bounce back after striking a hard surface, or to recover in value, strength, or condition after a decline.",The national economy began to rebound following two consecutive years of deep recession.,/rɪˈbaʊnd/,B2,bounce back | recover | rally | ricochet,decline | deteriorate | crash,ተመልሶ መወንጨፍ | ማገገም | ማንሰራራት
recess,noun,"A temporary break or suspension of work in formal proceedings such as parliament, court, or school.",Parliament went into summer recess following a tense late-night debate on the budget.,/rɪˈsɛs/,B2,break | intermission | adjournment | hiatus,continuation | session,የእረፍት ጊዜ | እረፍት | የግብር ዕረፍት | ጉድጓዳ ቦታ
redeem,verb,"To compensate for faults or past failures, or to exchange a coupon, voucher, or token for goods or cash.",He hoped that years of devoted charitable service would redeem his reputation.,/rɪˈdiːm/,B2,compensate | reclaim | atone for | vindicate,ruin | forfeit | abandon,መቤዠት | ማካካስ | መልሶ መውሰድ | ስህተትን ማረም
reed,noun,"A tall, slender grass-like wetland plant, or a thin strip of material that vibrates to produce sound in woodwind instruments.",Water birds constructed safe nests concealed within the thick reeds along the riverbank.,/riːd/,B2,cane | rush | stalk | wetland plant,,ሸንበቆ | ቄጤማ
reflex,noun,"An automatic, involuntary, and rapid physical reaction to an external stimulus.",A quick reflex helped the goalkeeper parry the penalty kick away from the goal.,/ˈriːflɛks/,B2,reaction | impulse | instinct | automatic response,deliberate action | conscious choice,ያለፍላጎት የሚደረግ ፈጣን ምላሽ | ግብረመልስ | ቅፅበታዊ ምላሽ
registry,noun,"An official repository or office where records, lists, and certificates are systematically kept.",The newlyweds registered their civil marriage certificate at the district registry.,/ˈrɛdʒɪstri/,B2,archive | register | repository | record office,,መዝገብ ቤት | የምዝገባ ቢሮ | የመዝገብ ክፍል
respirator,noun,"A protective mask worn over the mouth and nose to prevent inhalation of harmful fumes, or a mechanical device aiding ventilation.",Industrial workers must wear an approved respirator when spraying volatile chemicals.,/ˈrɛspəreɪtər/,B2,breathing mask | ventilator | breathing apparatus,,የመተንፈሻ መሣሪያ | የትንፋሽ ማስክ | ሰው ሠራሽ መተንፈሻ
reverend,noun,"A member of the Christian clergy, often used formally as an ecclesiastical title or form of address.",The local reverend conducted the wedding ceremony and delivered an encouraging blessing.,/ˈrɛvərənd/,B2,clergyman | minister | pastor | priest,layman | layperson,ቄስ | ቄስ/አገልጋይ | መጋቢ
riddle,noun,"A mystifying, puzzling question or statement phrased as a conundrum to test ingenuity.",The children spent the afternoon trying to solve clever riddles from the storybook.,/ˈrɪdl/,B2,puzzle | enigma | conundrum | mystery,solution | explanation | answer,እንቆቅልሽ | ጥያቄ
robin,noun,"A small woodland songbird characterized by a reddish-orange chest, brownish feathers, and an upright posture.",A European robin landed on the garden spade to search the freshly turned soil for worms.,/ˈrɒbɪn/,B2,redbreast | songbird,,ቀይ ደረት ወፍ | ሮቢን ወፍ
rubble,noun,"Rough, broken fragments of masonry, stone, or brick from collapsed or demolished structures.",Search and rescue squads sifted carefully through piles of concrete rubble following the tremor.,/ˈrʌbl/,B2,debris | wreckage | ruins | fragments,,ፍርስራሽ | ፍራሽ ድንጋይ | የፈረሰ ግድግዳ ስብርባሪ
rugged,adj,"Having an uneven, rocky, or jagged surface; tough, durable, and capable of withstanding rough conditions.",The four-wheel-drive vehicle handled the rugged mountain trails with remarkable ease.,/ˈrʌɡɪd/,B2,rough | rocky | jagged | durable,smooth | flat | delicate,አባጣ ጎባጣ | ሻካራ | ጠንካራ | ሸካራ
rustle,verb,"To make a soft, light, rapid sound like that of dry leaves, paper, or silk brushing together.",Dry autumn leaves rustled gently in the afternoon breeze across the orchard.,/ˈrʌsl/,B2,crackle | whisper | swish | murmur,,ሽውሽው ማለት | የቅጠል ማፏጨት | ዝርክርክ ድምፅ ማሰማት
saloon,noun,"A public bar, tavern, or lounge where alcoholic beverages are served, or a large public room on a passenger ship.",The travelers stepped into the warm saloon to order drinks after a long journey across the countryside.,/səˈluːn/,B2,bar | tavern | pub | lounge,,መጠጥ ቤት | አዳራሽ
salvage,verb,"To rescue or recover property, cargo, or materials from potential loss or destruction, such as from a shipwreck or fire.",Divers managed to salvage several valuable artifacts from the sunken eighteenth-century ship.,/ˈsælvɪdʒ/,B2,rescue | recover | retrieve | save,abandon | forfeit | lose,መታደግ | ማዳን | ማትረፍ
satin,noun,"A smooth, lustrous fabric with a glossy surface on one side and a dull back, typically woven from silk or synthetic fibers.",Her elegant evening gown was made of deep emerald satin that caught the light beautifully.,/ˈsætɪn/,B2,silk | glossy fabric | sateen,,የሐር ጨርቅ | ሳቲን
satire,noun,"The use of irony, humor, exaggeration, or ridicule to expose and criticize human folly, vice, or political shortcomings.",The popular comedy show relied on political satire to highlight government corruption and incompetence.,/ˈsætaɪər/,B2,parody | lampoon | ridicule | mockery,praise | tribute | flattery,ስላቅ | ምጸት | አሽሙር
scalp,noun,"The layer of skin covering the human cranium, typically bearing the hair of the head.",Massaging the scalp gently stimulates blood circulation and helps relieve tension headaches.,/skælp/,B2,cranium skin | head skin,,የራስ ቆዳ
scarlet,adj,"Of a brilliant, vivid red color, sometimes with a slight orange tint.",The queen wore a magnificent scarlet robe trimmed with white fur during the official ceremony.,/ˈskɑːrlət/,B2,crimson | bright red | vermilion | ruby,,ደማቅ ቀይ | ጽጌሬዳዊ ቀይ
scorn,noun,"A feeling and expression of contempt, disdain, or belief that someone or something is entirely worthless.",The ambitious proposal was met with scorn and outright laughter by senior executives.,/skɔːrn/,B2,contempt | disdain | derision | mockery,respect | admiration | esteem,ንቀት | ማናቀስ | ፌዝ
scowl,verb,"To contract the brow in an angry, displeased, or sullen manner.",The librarian scowled at the noisy group of students until they lowered their voices.,/skaʊl/,B2,frown | glare | glower | grimace,smile | grin | beam,መኮሳተር | ፊት ማጨፍገግ | ማጉረምረም
screech,verb,"To emit a harsh, shrill, high-pitched cry or sound.",The delivery van's brakes began to screech loudly as it came to an abrupt stop before the crosswalk.,/skriːtʃ/,B2,shriek | scream | squawk | squeal,whisper | murmur,ማንቧረቅ | መጮህ | ማጓራት
scribble,verb,"To write or draw something in a hurried, careless, or messy manner.",She hurried to scribble down the professor's email address in the margin of her notebook.,/ˈskrɪbəl/,B2,scrawl | jot | doodle | jot down,,መጫርጣር | በችኮላ መጻፍ
scroll,noun,"A roll of parchment, papyrus, or paper, often with writing or ornamental painting inscribed upon it.",Archaeologists unrolled the ancient papyrus scroll with extreme care to prevent the brittle fibers from tearing.,/skroʊl/,B2,roll | parchment | manuscript | document,,ጥቅልል ብራና | ጥቅል ወረቀት
secrecy,noun,"The state of being kept hidden or secret, or the practice of maintaining confidentiality.",The government insisted on complete secrecy regarding the covert diplomatic negotiations underway.,/ˈsiːkrəsi/,B2,confidentiality | concealment | privacy | stealth,openness | transparency | publicity,ምስጢራዊነት | ድብቅነት
seizure,noun,"The forcible taking of property or persons by legal authority, or a sudden surge of electrical activity in the brain causing physical convulsions.",The border authorities announced a massive seizure of counterfeit currency and smuggled contraband.,/ˈsiːʒər/,B2,confiscation | capture | fit | convulsion,release | surrender | restitution,መውረስ | መያዝ | የሚጥል በሽታ መነሳት
sensory,adj,Pertaining to the senses or the biological transmission of physical sensations to the nervous system.,The newborn clinic conducts comprehensive sensory tests to evaluate infant hearing and vision development.,/ˈsɛnsəri/,B2,sensorial | perceptual | receptive | tactile,,የስሜት ሕዋሳት | የስሜት
serene,adj,"Untroubled, tranquil, calm, and free from turmoil or agitation.","Looking out over the calm, serene lake at daybreak brought her a profound sense of inner peace.",/səˈriːn/,B2,tranquil | calm | peaceful | placid,agitated | turbulent | stormy | anxious,ፀጥ ያለ | ሰላማዊ | እርጋታ የተሞላበት
sewer,noun,An underground network of conduits and pipes designed to carry off wastewater and refuse.,City engineers were deployed to clear an obstruction in the underground sewer before wastewater backed up.,/ˈsuːər/,B2,drain | cesspool | conduit | gutter,,የፍሳሽ ማስወገጃ | የቆሻሻ መውረጃ ቦይ
shear,verb,"To cut the wool or hair off an animal or person, or to cut something using a sharp bladed tool.",Farmhands gather every spring to shear the heavy wool coats from hundreds of sheep.,/ʃɪər/,B2,clip | trim | shave | fleece,,መሸለት | መከርከም | መቁረጥ
shimmer,verb,"To shine with a subdued, soft, flickering, or wavering light.",The turquoise waters of the lagoon seemed to shimmer brightly under the midday tropical sun.,/ˈʃɪmər/,B2,glisten | glimmer | twinkle | sparkle,,ብልጭልጭ ማለት | ማንጸባረቅ
shortcoming,noun,"A flaw, fault, or deficiency in someone's character, ability, or a system's functionality.","Despite a few minor shortcomings, the new organizational policy vastly improved employee morale.",/ˈʃɔːrtkʌmɪŋ/,B2,flaw | defect | weakness | inadequacy,strength | asset | virtue,ጉድለት | ድክመት | እክል
shrewd,adj,"Having or showing keen mental discernment, astute judgment, and practical insight.","Thanks to her shrewd business acumen, the startup negotiated favorable terms with international suppliers.",/ʃruːd/,B2,astute | sharp | clever | insightful,naive | foolish | obtuse,ብልህ | አርቆ አሳቢ | አስተዋይ
shriek,verb,"To utter a piercing, high-pitched scream or shout, especially in sudden fear, pain, or excitement.",She shrieked loudly when she walked into the darkened shed and saw a bat flying toward her.,/ʃriːk/,B2,scream | screech | squeal | yell,whisper | murmur,ማንቧረቅ | መጮህ | አምርሮ መጮህ
shutter,noun,"A hinged panel or screen fitted to a window, closed to protect against weather, provide security, or block light.",They firmly secured each exterior shutter across the windows before the hurricane reached the coastline.,/ˈʃʌtər/,B2,blind | screen | shade | louvre,,የመስኮት መዝጊያ | ሻተር
sideline,noun,"A secondary activity or line of business pursued alongside one's regular occupation, or the boundary line of a sports pitch.","While working as a schoolteacher, he earned extra income through a weekend sideline in furniture repair.",/ˈsaɪdlaɪn/,B2,side business | side gig | secondary occupation | hobby,primary job | main occupation,ተጓዳኝ ሥራ | ተጨማሪ ሥራ | የሜዳ ዳርቻ መስመር
sift,verb,"To pass a fine powder or material through a sieve to remove lumps, or to examine information or evidence in thorough detail.",Investigators had to sift through hundreds of witness statements to reconstruct what actually happened.,/sɪft/,B2,sieve | filter | strain | examine,,መንፋት | ማጣራት | ማበጠር
silhouette,noun,"The dark outline or shape of a person or object seen against a lighter, brighter background.",We could see the distinct silhouette of a lone hawk perched high upon the barren tree branch.,/ˌsɪluˈɛt/,B2,outline | shadow | profile | contour,,ጥላ ምስል | ቅርጽ | ገጽታ
sinister,adj,"Suggesting or threatening evil, danger, malice, or harm.","A sinister figure stepped out from the shadowy alley, causing the nervous pedestrian to quicken her pace.",/ˈsɪnɪstər/,B2,menacing | threatening | ominous | foreboding,innocent | benign | auspicious | benevolent,ክፉ | አስፈሪ | አደገኛ | ክፉ አሳቢ
siren,noun,"A device that generates a loud, prolonged warning signal, typically used by emergency services or in factories.",Residents rushed to find shelter upon hearing the emergency warning siren announce an approaching tornado.,/ˈsaɪrən/,B2,alarm | horn | hooter | warning signal,,ማስጠንቀቂያ ደወል | ጥሩምባ | ሳይረን
skim,verb,"To remove a floating substance from the surface of a liquid, or to read through a written text rapidly to grasp main ideas.",The student skimmed the introductory chapter before attending the lecture to get an overview of the subject.,/skɪm/,B2,scan | browse | glance over | cream off,scrutinize | pore over,ላይ ላዩን ማንበብ | ከላይ ማንሳት | ማጣራት
slay,verb,"To kill violently, intentionally, or in a mythological battle; or informally, to amuse or impress someone greatly.","In classical mythology, Perseus was sent on a deadly quest to slay the monstrous Gorgon Medusa.",/sleɪ/,B2,kill | murder | slaughter | execute,spare | revive | save,መግደል | ማረድ | ማጥፋት
sleek,adj,"Having a smooth, glossy surface or a streamlined, elegant, and stylish shape.",The modern luxury yacht featured sleek lines and polished teak decks that turned heads in the harbor.,/sliːk/,B2,smooth | glossy | streamlined | polished,rough | coarse | dull | scruffy,ለስላሳ | የሚያንጸባርቅ | የተስተካከለ
sling,noun,"A flexible supportive bandage looped around the neck to immobilize an injured arm, or a strap device used for throwing projectiles.",The doctor placed his fractured arm in a supportive sling and advised him to rest for four weeks.,/slɪŋ/,B2,bandage | strap | support | sling-shot,,ወንጭፍ | የእጅ አንጠልጣይ ማሰሪያ
slit,noun,"A long, straight, narrow cut or opening in a surface or material.",He peered through a tiny slit in the wooden fence to see what was causing the commotion outside.,/slɪt/,B2,opening | cut | incision | tear,,ስንጥቅ | ቀዳዳ | ቅዳጅ
slug,noun,"A slow-crawling terrestrial gastropod mollusk lacking an external shell, or a heavy piece of metal such as a bullet.","Moisture attracted dozens of hungry slugs to the vegetable garden overnight, damaging the cabbage leaves.",/slʌɡ/,B2,gastropod | snail-like creature | bullet,,ቀንድ አውጣ መሰል ትል (ያለ ቅርፊት) | ጥይት
sly,adj,"Having or exhibiting a cunning, deceitful, or scheming character, often acting secretly or stealthily.","The sly fox crept quietly along the perimeter of the farm fence, waiting for the guard dog to fall asleep.",/slaɪ/,B2,cunning | crafty | devious | wily,honest | straightforward | candid | ingenuous,ተንኮለኛ | ብልጣብልጥ | ሸንጋይ
snort,verb,"To make a sudden, loud sound by forcing breath violently through the nose, frequently expressing disdain or amusement.",He snorted with laughter when his colleague suggested working through the weekend without pay.,/snɔːrt/,B2,scoff | huff | sneer | chuckle,,በአፍንጫ መንፋት | ማፈናጠር | በንቀት መሳቅ
souvenir,noun,"An object kept or purchased as a reminder of a place visited, an occasion, or a notable event.",He brought home a handcrafted ceramic mug as a souvenir of his travels across the countryside.,/ˌsuːvəˈnɪər/,B2,memento | keepsake | token | reminder,,የመታሰቢያ ዕቃ | ማስታወሻ
sperm,noun,The mature reproductive cell of a male animal that unites with an ovum to fertilize an egg; or semen.,The specialized fertility laboratory examined the viability and motility of the sperm sample under a microscope.,/spɜːrm/,B2,spermatozoon | semen | seed,,የወንድ ዘር | የዘር ፈሳሽ
splinter,noun,"A small, thin, sharp piece of wood, glass, bone, or other hard material broken off from a larger body.",She winced when a tiny wooden splinter lodged deeply under her fingernail while handling unpolished timber.,/ˈsplɪntər/,B2,sliver | shard | fragment | chip,,ስባሪ | ሸንተረር | ቅርፊት
spreadsheet,noun,An interactive computer software application or digital grid of rows and columns used for organizing and calculating data.,The accountant entered the quarterly sales figures into a financial spreadsheet to analyze profit trends.,/ˈsprɛdʃiːt/,B2,worksheet | table | ledger | data sheet,,የስሌት ሰንጠረዥ | ስፕሬድሺት
squeak,verb,"To emit a short, high-pitched shrill cry or noise, often caused by mechanical friction or fright.",The rusty hinges on the heavy cellar door began to squeak loudly whenever anyone opened it.,/skwiːk/,B2,peep | chirp | creak | squeal,,ማጭጨት | ቀጭን ድምፅ ማሰማት | መጮኽ
squint,verb,"To look at something with eyes partially closed, typically to sharpen focus or reduce the glare of strong light.",He had to squint in the glaring midday sunlight to decipher the faint street sign across the boulevard.,/skwɪnt/,B2,peer | blink | peek | screw up one's eyes,,አይነ-ጭፍግግ ብሎ ማየት | አይንን አጣብቦ ማየት
staple,noun,"A basic or principal item, feature, or element of commerce, diet, or production.","Teff, barley, and wheat serve as the essential agricultural staple for millions of rural farming families.",/ˈsteɪpəl/,B2,mainstay | essential | principal | basic,luxury | nonessential,ዋና ምግብ | መሠረታዊ ፍጆታ | ዋና አካል
steroid,noun,"Any of a class of biologically active organic compounds, including synthetic hormones taken to promote muscle growth or reduce inflammation.",The physician prescribed a short course of an oral steroid to alleviate the severe allergic reaction.,/ˈstɛrɔɪd/,B2,corticosteroid | hormone | anabolic agent,,ስቴሮይድ | የሆርሞን መድኃኒት | የጡንቻ ማጎልበቻ
stoop,verb,To bend the head and torso forward and down; or to degrade oneself by descending to dishonorable or unfair behavior.,She refused to stoop to personal insults when defending her scientific thesis against aggressive critics.,/stuːp/,B2,bend | crouch | condescend | lower oneself,straighten | rise | elevate,ማጎንበስ | ማቀርቀር | ራሱን ዝቅ ማድረግ
stout,adj,"Somewhat fat, heavily built, and solidly proportioned; or demonstrating strong, steadfast courage and determination.",The ancient castle was defended by stout stone ramparts that withstood months of bombardment.,/staʊt/,B2,stocky | sturdy | robust | solid,frail | slender | flimsy | weak,ወፍራም | ደንዳና | ብርቱ | ጠንካራ
strait,noun,"A narrow maritime passage of water connecting two larger seas, oceans, or bodies of water.",The strategically vital strait serves as one of the busiest maritime shipping lanes in international commerce.,/streɪt/,B2,channel | sound | waterway | narrows,,የባሕር ሰላጤ | የውኃ መተላለፊያ
stranded,adj,"Left stuck in a distant or isolated location without the means to move, travel, or return home.",Dozens of stranded commuters sheltered in the train terminal when the violent blizzard halted all rail transport.,/ˈstrændɪd/,B2,marooned | isolated | abandoned | helpless,rescued | mobile | transit,የተሰናከለ | መውጫ ያጣ | ረዳት የሌለው
strangle,verb,"To kill or injure by squeezing or compressing the windpipe, preventing breathing; or to suppress the growth of something.",Excessive bureaucratic regulations threaten to strangle small innovative enterprises before they can turn a profit.,/ˈstræŋɡəl/,B2,choke | throttle | asphyxiate | suppress,liberate | unleash | free,ማነቅ | አንቆ መግደል | ማፈን
sturdy,adj,"Strong, soundly constructed, and capable of withstanding rough handling, physical stress, or harsh conditions.",Hikers in mountainous terrain need sturdy boots that provide good traction and solid ankle support.,/ˈstɜːrdi/,B2,robust | durable | solid | resilient,flimsy | fragile | weak,ጠንካራ | ደንዳና | የማይበላሽ
submerge,verb,"To push, sink, or plunge completely under the surface of water or another liquid; or to engulf.",The flash floodwaters rose so rapidly that they completely submerged vehicles parked along the riverbank.,/səbˈmɜːrdʒ/,B2,immerse | plunge | sink | inundate,surface | emerge | float,ማጥለቅለቅ | በውኃ ውስጥ መክተት | መስመጥ
suffice,verb,"To be adequate, satisfactory, or enough to meet a specified requirement, condition, or need.",A brief summary of your work history will suffice for the preliminary stage of the application.,/səˈfaɪs/,B2,serve | satisfy | do | be adequate,fall short | fail | lack,መብቃት | በቂ መሆን | ማርካት
swarm,noun,"A large, dense, moving mass of flying insects, bees, or other creatures, or a disorderly crowd of people.",A huge swarm of bees gathered near the hollow trunk of the old apple tree in the garden.,/swɔːrm/,B2,throng | flock | horde | mob,,መንጋ | ተምች | የነፍሳት መንጋ
swoop,verb,"To descend rapidly and gracefully through the air in a sudden, sweeping curve, especially to seize prey.",The hawk began to swoop down from its lofty perch to snatch a mouse running across the open field.,/swuːp/,B2,dive | pounce | descend | plummet,soar | ascend | climb,ተወንጭፎ መውረድ | ድንገት ማጥቃት | መንደርደር
synonym,noun,A word or expression that has the same or nearly the same meaning as another word in the same language.,The student consulted a thesaurus to find an appropriate synonym to avoid repeating the same adjective.,/ˈsɪnənɪm/,B2,equivalent | counterpart | metonym,antonym,ተመሳሳይ ቃል | ተለዋጭ ቃል
tab,noun,"A small projecting flap, strip, or marker used for grasping, opening, or identification; or an unpaid commercial bill or account.",The user kept several research articles open in separate browser tabs for quick cross-referencing.,/tæb/,B2,tag | flap | marker | label,,መለያ ምልክት | መክፈቻ | ትርዒት | የሒሳብ ሰሌዳ
taboo,noun,"A social, religious, or cultural prohibition or restriction placed on a particular practice, topic, or behavior.","In many societies, discussing personal financial matters openly remains a cultural taboo.",/təˈbuː/,B2,prohibition | ban | interdiction | restriction,permission | acceptance | sanction,እርም | ጽያፍ | ክልክል ነገር | የተከለከለ ልማድ
tally,noun,"A running count, record, or calculated total of points, scores, votes, or items.",The election committee kept an accurate tally of all the ballots cast throughout the day.,/ˈtæli/,B2,count | record | score | total,,ቆጠራ | ድምር | የቁጥር መዝገብ | የነጥብ ድምር
tanker,noun,"A large ship, truck, or aircraft designed to transport large quantities of liquids or gases in bulk, especially petroleum.",The massive oil tanker sailed carefully through the narrow strait to deliver crude oil to the refinery.,/ˈtæŋkər/,B2,tank ship | oiler | freight tanker | fuel carrier,,የነዳጅ መርከብ | ቦቴ መኪና | ፈሳሽ ጫኝ መኪና | ታንከር
tavern,noun,"An establishment licensed to sell alcoholic beverages and food to the public, traditionally also offering lodging to travelers.",The weary travelers stopped at the village tavern to enjoy a hearty meal and a warm fire.,/ˈtævərn/,B2,pub | inn | alehouse | bar,,መጠጥ ቤት | ግሮሰሪ | ማረፊያ ቤት
thorn,noun,"A stiff, sharp-pointed woody projection on the stem or branch of a plant, or figuratively a source of irritation.",He pricked his finger on a sharp thorn while pruning the rose bushes in the garden.,/θɔːrn/,B2,prickle | spike | spine | barb,,እሾህ | ኮረንቾ | እንቅፋት
tickle,verb,"To touch or stroke a sensitive part of the body lightly so as to provoke laughter, twitching, or tingling sensations.","The mother playfully tickled the baby's toes, making the child giggle with joy.",/ˈtɪkəl/,B2,titillate | stroke | itch,,ማኮርኮር | መኮርኮር | ማሳከክ
tier,noun,"One of a series of rows or layers placed one above another, or a rank in an organized hierarchy.",The grand stadium features three tiers of seating that accommodate more than fifty thousand spectators.,/tɪər/,B2,level | rank | layer | echelon,,ደረጃ | እርከን | ክፍል | ተርታ
trek,noun,"A long, arduous, and challenging journey, especially one undertaken on foot across difficult terrain.",The adventurous travelers completed an exhausting two-week trek across the high mountain passes.,/trɛk/,B2,hike | expedition | arduous journey | march,,አድካሚ ጉዞ | የእግር ጉዞ | ረጅም ጉዞ
tuberculosis,noun,"An infectious disease caused by Mycobacterium tuberculosis, primarily affecting the lungs and characterized by cough and fever.",Public health agencies distributed essential antibiotics to contain the spread of pulmonary tuberculosis.,/tuːˌbɜːrkjəˈloʊsɪs/,B2,TB | consumption | phthisis,,የሳንባ ነቀርሳ | ቲቢ
turbine,noun,"A machine that converts the kinetic energy of a moving fluid, steam, or gas into continuous mechanical energy via rotating blades.",Huge wind turbines installed on the windy hillside generate renewable electricity for thousands of homes.,/ˈtɜːrbaɪn/,B2,generator | motor | rotor | engine,,ተርባይን | የኃይል አመንጪ መንኰራኵር
twilight,noun,"The soft diffused light from the sky between sunset and full night, or an evening period preceding darkness.",The silhouette of the mountain range stood out sharply against the vibrant colors of the twilight sky.,/ˈtwaɪlaɪt/,B2,dusk | nightfall | sunset | gloaming,dawn | daybreak | sunrise,ጭላንጭል | ጀንበር ስትጠልቅ ያለው ብርሃን | ሠርከ ምሽት | ምሽት
ultraviolet,adj,Relating to or denoting electromagnetic radiation having a wavelength shorter than visible violet light but longer than X-rays.,Specialized sunglasses block harmful ultraviolet rays from damaging delicate retinal tissue.,/ˌʌltrəˈvaɪələt/,B2,UV | actinic,,አልትራቫዮሌት | ከአልትራቫዮሌት ጨረር ጋር የተያያዘ
umpire,noun,"An official appointed to supervise the play and enforce rules in sports competitions, such as cricket, tennis, or baseball.",The baseline umpire signaled that the tennis ball had landed well outside the boundary court.,/ˈʌmpaɪər/,B2,referee | arbitrator | adjudicator | judge,,ዳኛ | የግጥሚያ ዳኛ | አስታራቂ
underway,adj,Having commenced and currently progressing or happening; or in motion through the water.,Preparations for the annual cultural festival are already underway across all ten administrative districts.,/ˌʌndərˈweɪ/,B2,ongoing | in progress | proceeding | advancing,halted | stopped | terminated | suspended,በሂደት ላይ ያለ | የተጀመረ | በመካሄድ ላይ ያለ
uprising,noun,"An act of popular rebellion against an authority, ruling government, or occupying force.",Citizens took to the streets in a massive uprising against the tyrannical regime.,/ˈʌpˌraɪzɪŋ/,B2,rebellion | revolt | insurrection | mutiny,submission | obedience | suppression,ማመፅ | አመፅ | ውጊያ | ተቃውሞ
uranium,noun,"A heavy, silvery-white, dense radioactive metallic chemical element with atomic number 92, used as fuel in nuclear reactors and weapons.",Enriched uranium is used as fuel in commercial nuclear power plants to produce electricity.,/jʊˈreɪniəm/,B2,radioactive element | heavy metal,,ዩራኒየም
vagina,noun,The muscular canal extending from the external female genitalia to the cervix of the uterus in female mammals.,"The medical textbook illustrated the anatomy of the female reproductive system, including the vagina.",/vəˈdʒaɪnə/,B2,birth canal,,የሴት ብልት | እምስ
vain,adj,"Having or showing an excessively high opinion of one's appearance, abilities, or worth; also, producing no result or useless.",He made a vain attempt to rescue his luggage from the sinking boat before giving up.,/veɪn/,B2,conceited | egotistical | futile | fruitless,humble | modest | fruitful | productive,ትዕቢተኛ | ከንቱ | ከንቱ የሆነ
vandal,noun,A person who deliberately damages or destroys public or private property.,The park benches and statues were defaced overnight by an unknown vandal.,/ˈvændəl/,B2,defacer | destroyer | saboteur | hooligan,preserver | protector | builder,አውዳሚ | አጥፊ | ንብረት አውዳሚ
vanity,noun,"Excessive pride in or admiration of one's own appearance, achievements, or importance; also, the quality of being worthless or futile.",His obsession with mirror selfies was driven entirely by personal vanity.,/ˈvænɪti/,B2,conceit | narcissism | arrogance | pride,modesty | humility,ትምክህት | ከንቱ ውዳሴ | ከንቱነት | ኩራት
vapour,noun,"A substance in the form of gas or tiny droplets suspended in the air, especially one condensed from a liquid.",Dense water vapour rose from the surface of the hot thermal spring.,/ˈveɪpər/,B2,steam | mist | haze | fumes,,እንፋሎት | ጢስ | ጉም
vault,noun,"A secure room or compartment designed for the storage and safekeeping of valuables, or an arched masonry structure forming a ceiling or roof.",The bank guards locked the gold bars inside an underground steel vault.,/vɔːlt/,B2,safe | depository | strongroom | crypt,,የገንዘብ ማስቀመጫ ክፍል | ካዝና | ቅስት
vibrant,adj,"Full of energy, enthusiasm, and life; or bright, striking, and vivid in color.","The festival filled the city streets with vibrant music, dancing, and colorful banners.",/ˈvaɪbrənt/,B2,lively | energetic | vivid | dynamic,dull | lifeless | drab | sluggish,ህያው | ደማቅ | የደመቀ | ተንቀሳቃሽ
vicinity,noun,The area near or surrounding a particular place; closeness in space or proximity.,There are several good restaurants and cafes in the immediate vicinity of the hotel.,/vɪˈsɪnɪti/,B2,surroundings | proximity | neighborhood | locality,distance | remoteness,አካባቢ | አቅራቢያ | ዙሪያ
wade,verb,"To walk through water, mud, or another liquid that impedes normal movement.",The hikers had to wade across the shallow river because the bridge had washed away.,/weɪd/,B2,paddle | trudge | splash | slog,,ውሃ ረግጦ መሻገር | ጭቃ ውስጥ መራመድ
walnut,noun,"An edible wrinkly kernel enclosed in a hard rounded shell, produced by trees of the genus Juglans.",She chopped fresh walnut kernels and sprinkled them over the green salad.,/ˈwɔːlnʌt/,B2,nut | tree nut,,ዋልናት | ዋልነት | የለውዝ ዓይነት
warden,noun,"A person responsible for the supervision, care, or enforcement of regulations in a prison, park, or other institution.",The prison warden inspected the correctional facility to ensure high security standards were maintained.,/ˈwɔːrdn/,B2,superintendent | keeper | guardian | overseer,,ጠባቂ | ኃላፊ | የበላይ ተቆጣጣሪ | የወህኒ ቤት ኃላፊ
whine,verb,"To make a high-pitched, prolonged, complaining cry or sound; to complain in an annoying, petulant manner.",The spoiled child began to whine when his parents refused to buy him another toy.,/waɪn/,B2,whimper | complain | grumble | moan,praise | rejoice,ማጉረምረም | ማልቀስ | ማላዘን
whirl,verb,To turn or cause to turn around rapidly in circles; to spin or rotate quickly.,Wind caused autumn leaves to whirl around the courtyard in dizzying spirals.,/wɜːrl/,B2,spin | twirl | rotate | revolve,stand still | freeze,መሽከርከር | ማሽከርከር | መዞር
willow,noun,"A tree or shrub of the genus Salix with narrow leaves and flexible branches, typically growing near water.",The graceful branches of the weeping willow dipped gently into the calm pond.,/ˈwɪloʊ/,B2,willow tree | weeping willow,,ዊሎው ዛፍ | የዊሎው ዛፍ
wither,verb,"To become dry and shriveled; to fade, decay, or lose vitality or freshness.","Without adequate rainfall, the vibrant flowers in the garden began to wither and die.",/ˈwɪðər/,B2,shrivel | wilt | droop | dry up,thrive | bloom | flourish,መድረቅ | መክሰም | መርገፍ | መጠውለግ
withstand,verb,"To remain undamaged or unaffected by; to resist or hold out successfully against pressure, attack, or hardship.",The reinforced concrete building was engineered to withstand severe earthquake tremors.,/wɪðˈstænd/,B2,resist | endure | bear | tolerate,succumb | yield | surrender,መቋቋም | መበርታት | መከላከል
wobble,verb,"To move unsteadily from side to side; to shake or teeter in a shaky, unstable manner.",The antique dining chair started to wobble after one of its legs became loose.,/ˈwɒbl/,B2,teeter | sway | totter | stagger,stabilize | steady,መንገዳገድ | መወዛወዝ | መንቀጥቀጥ | መዋልለል
wrench,verb,"To pull, twist, or strain something suddenly and violently away from its position; or to injure a joint by sudden twisting.","The thief tried to wrench the purse violently out of her hands, but she held on tight.",/rɛntʃ/,B2,yank | twist | wrest | jerk,,መጠምዘዝ | በኃይል መንጠቅ | ማወላለቅ
yank,verb,"To pull, jerk, or snatch something with a sudden, forceful, sharp movement.",He had to yank the stubborn drawer repeatedly before it finally came open.,/jæŋk/,B2,jerk | pull | tug | wrench,push | shove,መንጠቅ | መጎተት | በኃይል መሳብ
yarn,noun,"Spun thread used for knitting, weaving, or sewing; or an informal, long, entertaining story or tall tale.",The old sailor gathered the neighborhood children and spun an adventurous yarn about pirates.,/jɑːrn/,B2,thread | spun wool | tale | story,,የፈተለ ክር | ክር | ተረት | ወሬ
yearn,verb,"To have an intense, heartfelt feeling of longing, craving, or desire for something or someone.",Immigrants living abroad often yearn deeply for the familiar sights and sounds of their homeland.,/jɜːrn/,B2,long | crave | pine | hanker,loathe | despise | recoil,መጓጓት | መናፈቅ | መመኘት | መጓጎት
yeast,noun,A microscopic single-celled fungus used in baking and brewing to produce carbon dioxide and alcohol through fermentation.,Bakers add yeast and warm water to flour to make the bread dough rise properly.,/jiːst/,B2,leaven | ferment | barm,,እርሾ
yen,noun,The basic monetary unit of Japan; or an informal strong craving or desire for something.,She exchanged her euros for Japanese yen before departing on her trip to Tokyo.,/jɛn/,B2,Japanese currency | craving | yearning | urge,,የን | የጃፓን ገንዘብ | ከፍተኛ ፍላጎት
zoom,verb,To move or travel very quickly with a humming or roaring sound; or to change smoothly from a long shot to a close-up with a camera lens.,Fast sports cars zoomed past the cheering spectators along the race track.,/zuːm/,B2,speed | rush | whiz | dart,crawl | creep | dawdle,መንደርደር | በፍጥነት መሮጥ | ማጉላት
