word,pos,definition,example,ipa,cefr,synonyms,antonyms,amharic
ironed,adj,Pressed or smoothed with a heated iron to remove creases and wrinkles.,He wore a freshly ironed white shirt for the important job interview.,/ˈaɪərnd/,B1,pressed | smoothed | unwrinkled | crease-free,wrinkled | creased | crumpled,የተተኮሰ | የተተኮሰበት
irresistible,adj,"Too attractive, enticing, or powerful to be resisted or opposed.",The delicious aroma of freshly baked bread was completely irresistible.,/ˌɪrɪˈzɪstəbl/,B2,compelling | enchanting | seductive | overpowering,resistible | repulsive | avoidable,የማይገታ | የማይቋቋሙት | እጅግ ማራኪ
irrigate,verb,"To supply dry land or crops with water by artificial means such as pipes, channels, or sprinklers.",Farmers constructed canals to irrigate their crops during the prolonged dry season.,/ˈɪrɪɡeɪt/,B2,water | hydrate | moisten | flood,dehydrate | dry out | desiccate,ማጠጣት | ማጠጣት (በመስኖ) | መስኖ ማልማት
irritable,adj,"Easily annoyed, frustrated, or made angry.",A severe lack of sleep left him feeling exhausted and irritable all morning.,/ˈɪrɪtəbl/,B2,cranky | testy | grouchy | peevish,patient | calm | cheerful | good-humored,ቶሎ የሚበሳጭ | ተናዳጅ | ቆጣሪ | ቶሎ የሚቆጣ
isle,noun,"An island, especially a small or picturesque one.",They spent their summer vacation sailing between the emerald isles of the Aegean Sea.,/aɪl/,B2,island | islet | key | atoll,mainland | continent,ደሴት | አነስተኛ ደሴት
itch,noun,"An irritating sensation on the skin causing a desire to scratch, or a restless desire or longing.",A soothing calamine lotion helped relieve the persistent itch from the mosquito bites.,/ɪtʃ/,B2,irritation | tingling | prickle | craving,,ማሳከክ | እከክ | ውክፍ
jaguar,noun,"A large, powerful spotted feline native to the tropical forests of Central and South America.",The solitary jaguar stalked silently through the dense Amazon rainforest in search of prey.,/ˈdʒæɡjuər/,B2,panther | feline | wildcat,,ጃጓር | የአሜሪካ ነብር
jealousy,noun,"The state or feeling of being resentful, envious, or bitter toward someone's advantages, success, or affection.",His sudden professional success sparked bitter jealousy among some of his former colleagues.,/ˈdʒeləsi/,B2,envy | resentment | possessiveness | bitterness,goodwill | contentment | generosity,ቅናት | ምቀኝነት
jeep,noun,"A sturdy, rugged motor vehicle designed for driving over rough terrain, typically equipped with four-wheel drive.",They rented an open-top jeep to explore the rocky mountain trails and riverbeds.,/dʒiːp/,B1,SUV | off-roader | truck | four-by-four,,ጂፕ | የሻካራ መንገድ መኪና
jelly,noun,"A sweet, semi-solid clear spread or dessert made from fruit juice and pectin or gelatin.",She spread homemade strawberry jelly generously over her morning toast.,/ˈdʒeli/,B1,jam | gelatin | preserve | marmalade,,ጄሊ | ጃም | ወፍራም ጣፋጭ መረቅ
jersey,noun,"A knitted garment worn on the upper body, especially a pullover sweater or a shirt worn by a sports team member.",The soccer star proudly pulled on his national team's green and gold jersey.,/ˈdʒɜːrzi/,B1,shirt | sweater | pullover | jumper,,ጀርሲ | የስፖርት ማልያ | የሹራብ ልብስ
jolly,adj,"Happy, cheerful, full of high spirits, and good humor.",The shopkeeper greeted all his regular customers with a warm smile and a jolly laugh.,/ˈdʒɑːli/,B2,cheerful | merry | jovial | gleeful,gloomy | miserable | sullen | somber,ደስተኛ | ተጫዋች | ሳቂታ | ፈንጠዝያኛ
jolt,verb,"To shake or dislodge abruptly and violently, or to shock someone into sudden action or awareness.",The loud crash jolted him awake in the middle of the night.,/dʒoʊlt/,B2,jerk | shock | jar | shake,soothe | calm | steady,መነቅነቅ | ማርገብገብ | ማስደንገጥ | ማናወጥ
jug,noun,"A deep container with a narrow mouth, a handle, and usually a spout, used for holding and pouring liquids.",She placed a large glass jug filled with freshly squeezed lemonade on the dining table.,/dʒʌɡ/,B1,pitcher | carafe | vessel | jar,,ጆግ | የውሃ እቃ | ማሰሮ
juggle,verb,"To continuously toss and catch several objects in the air, or to handle multiple responsibilities or tasks simultaneously.",Working parents often have to juggle full-time careers with demanding childcare duties.,/ˈdʒʌɡl/,B2,balance | maneuver | manage | toss,neglect | mishandle | drop,ማንጎላጀት | ማመጣጠን | ማስተባበር | በአንድ ጊዜ በርካታ ነገሮችን መያዝ
juror,noun,A member of a jury sworn to deliver an impartial verdict in an official legal trial.,Each juror listened carefully to the testimonies presented by both the defense and prosecution.,/ˈdʒʊrər/,B2,jury member | adjudicator | arbitrator,,የዳኝነት ጉባኤ አባል | የፍርድ ቤት ዳኛ ረዳት | ጁሪ
justly,adv,"In accordance with justice, fairness, or moral rightness; deservedly or legitimately.",The dedicated scientist was justly rewarded with an international award for her groundbreaking research.,/ˈdʒʌstli/,B2,fairly | deservedly | rightfully | equitably,unjustly | unfairly | undeservedly,በፍትሃዊነት | በትክክል | እንደሚገባው | በርትዕ
kettle,noun,"A metal or plastic container with a lid, spout, and handle, used for boiling water.",He filled the electric kettle with water and switched it on to make tea.,/ˈketl/,B1,teapot | boiler | cauldron,,ኬትል | ማንቆርቆሪያ
kidding,noun,"The act of teasing, joking, or speaking playfully without serious intent.",Don't take what he said to heart; it was only lighthearted kidding among friends.,/ˈkɪdɪŋ/,B1,joking | teasing | jesting | mocking,seriousness | earnestness | sincerity,መቀለድ | ቀልድ | ዋዛ
kite,noun,"A light frame covered with paper, cloth, or plastic designed to be flown in the wind at the end of a long string.",The children spent the breezy afternoon flying a colorful kite in the open meadow.,/kaɪt/,B1,flyer | sailplane | toy,,ካይት | የንፋስ አሻንጉሊት | በአየር ላይ የሚበር ወረቀት
knob,noun,"A rounded handle or projection used for opening a door, drawer, or operating a mechanical control.",She turned the brass door knob quietly so as not to wake the sleeping child.,/nɑːb/,B2,handle | dial | latch | switch,,እጀታ | ቆልፍ እጀታ | መቆጣጠሪያ ቁልፍ
knuckle,noun,"A joint of a finger, especially one between a finger and the rest of the hand.",His knuckles turned white as he clenched his hands into tight fists.,/ˈnʌkl/,B2,finger joint | joint | articulation,,የጣት መገጣጠሚያ | የጣት አንጓ
lance,noun,"A long weapon with a wooden shaft and a sharp pointed steel tip, historically used by mounted cavalry.",Medieval knights armed with heavy lances charged across the tournament field.,/læns/,C1,spear | javelin | pike | shaft,,ጦር | ረጅም ጦር
lantern,noun,"A portable protective lamp housing a light source, often with glass sides to shield the flame or bulb from wind.",The campers hung a battery-powered lantern from the center pole of their tent.,/ˈlæntərn/,B2,lamp | torch | beacon | light,,ፋኖስ | ማብሪያ | መብራት
latch,noun,"A mechanical fastening device with a bar fitting into a catch, used to secure a door or gate shut.",He lifted the iron latch and pushed open the garden gate to enter the courtyard.,/lætʃ/,B2,fastener | catch | bolt | clasp,,መቀርቀሪያ | ማሰሪያ | መዝጊያ
latent,adj,"Existing but dormant, hidden, or not yet manifest or developed.",The intensive music workshop helped uncover her latent talent for piano improvisation.,/ˈleɪtnt/,C1,dormant | hidden | underlying | potential,active | manifest | apparent | obvious,ድብቅ | ውስጣዊ | ገና ያልወጣ | የተኛ
latitude,noun,"The angular distance north or south of the earth's equator, or scope for freedom of action or thought.",The director gave the research team wide latitude in how to conduct their experiments.,/ˈlætɪtuːd/,B2,breadth | leeway | scope | parallel,restriction | limitation | constraint,ኬክሮስ | ነጻነት | የመንቀሳቀስ ነጻነት | ወሰን
lava,noun,"Hot molten or semi-fluid rock erupted from a volcano, or the solid rock formed when it cools and hardens.",Glowing rivers of red-hot lava poured down the northern slope of the active volcano.,/ˈlɑːvə/,B2,magma | molten rock | volcanic rock,,ላቫ | የእሳተ ጎመራ ፍሳሽ | ቅልጥ ድንጋይ
lavender,noun,"A small aromatic shrub with fragrant pale purple flowers, or a delicate pale purple color.",A bundle of dried lavender hung in the wardrobe to keep the clothes smelling fresh.,/ˈlævəndər/,B2,lilac | violet | herb,,ላቬንደር | ጥሩ መዓዛ ያለው ሐምራዊ አበባ | ፈካ ያለ ሐምራዊ ቀለም
ledge,noun,"A narrow horizontal surface projecting from a wall, cliff, or other vertical face.",The mountain goat stood poised gracefully on a narrow rock ledge high above the valley.,/ledʒ/,B2,shelf | sill | ridge | projection,,እርከን | የመስኮት ጠርዝ | የገደል ጠርዝ | ጠርዝ
lettuce,noun,"A cultivated leafy green vegetable with crisp, edible leaves, widely consumed raw in salads.","She chopped fresh crisp lettuce, cucumbers, and tomatoes to prepare a summer salad.",/ˈletɪs/,B1,salad green | leafy vegetable | greens,,ሰላጣ | የሰላጣ ቅጠል
levy,verb,"To officially impose or collect a tax, fee, fine, or financial penalty.",The municipal council voted to levy an additional tax on luxury goods to fund public parks.,/ˈlevi/,C1,impose | charge | exact | assess,waive | remit | revoke | cancel,መጣል (ግብር) | ማስከፈል | መሰብሰብ
lily,noun,"A bulbous plant with large, elegant, trumpet-shaped flowers, often white or brightly colored.",White lilies bloomed along the perimeter of the peaceful courtyard pond.,/ˈlɪli/,B2,blossom | bloom | flower,,ሊሊ | የውሃ አበባ | ጽጌረዳ መሰል አበባ
limousine,noun,"A large, luxurious automobile, especially one driven by a chauffeur and separated by a glass partition.",A sleek stretch limousine waited outside the opera house to transport the visiting delegates.,/ˈlɪməziːn/,B2,limo | luxury car | private car,,ሊሙዚን | የቅንጦት መኪና | ረጅም መኪና
lineage,noun,"Direct descent from a particular ancestor; ancestry, pedigree, or genealogical line.",The royal dynasty could trace its unbroken lineage back to the thirteenth century.,/ˈlɪniɪdʒ/,C1,ancestry | pedigree | descent | genealogy,,የዘር ሐረግ | ትውልድ | ዘር | ምንጭ
liner,noun,"A large passenger ship designed for scheduled ocean voyages, or an inner protective lining.",The historic ocean liner transported thousands of travelers across the Atlantic Ocean.,/ˈlaɪnər/,B2,ocean liner | cruise ship | passenger ship | vessel,,የመንገደኞች መርከብ | ትልቅ መርከብ | ውስጣዊ መሸፈኛ
liquidate,verb,"To convert assets into cash, settle debts, or officially wind up the financial affairs of a business.",The bankrupt firm was ordered to liquidate its commercial property to repay outstanding debts.,/ˈlɪkwɪdeɪt/,C1,dissolve | settle | sell off | cash in,invest | establish | maintain | finance,ማጣራት (ዕዳን) | ንብረትን ወደ ጥሬ ገንዘብ መቀየር | ማፍረስ | መክፈል
litre,noun,"A metric unit of capacity or volume equal to 1,000 cubic centimeters or one cubic decimeter.",Health experts recommend consuming at least two litres of fresh water each day.,/ˈliːtər/,B1,liter | volume unit | fluid measure,,ሊትር | የፈሳሽ መለኪያ
liturgy,noun,A customary form or set formula of public religious worship and ritual ceremonies in Christian churches.,The priest chanted the ancient liturgical prayers during the Sunday morning liturgy.,/ˈlɪtərdʒi/,C1,ritual | sacrament | ceremony | worship service,,ቅዳሴ | የሃይማኖት ሥርዓት | ሥርዓተ አምልኮ
lizard,noun,"A scaly-skinned reptile typically having a long body and tail, four legs, and movable eyelids.",A small green lizard sunned itself lazily atop the warm stone garden wall.,/ˈlɪzərd/,B1,reptile | saurian | gecko,,እንሽላሊት | ባለ ቅርፊት ተሳቢ
lo,interjection,"Used to draw attention to an interesting, surprising, or noteworthy sight or event.","They climbed to the mountain summit, and lo, a magnificent panorama opened before them.",/loʊ/,C2,behold | look | see | observe,,እነሆ | ተመልከት | እይ
loaf,noun,"A shaped mass of bread baked in one piece, or a molded mixture of food such as meat.",She purchased a freshly baked loaf of whole wheat bread from the local bakery.,/loʊf/,B1,bread | block | slab | cake,,ዳቦ | የዳቦ ቁራጭ | የተጋገረ ዳቦ
loathe,verb,"To feel intense dislike, disgust, or deep hatred toward someone or something.",He loathes standing in long lines at the supermarket on crowded weekend afternoons.,/loʊð/,C1,detest | hate | abhor | despise,love | adore | cherish | admire,መጥላት | መጸየፍ | መጸየፍ (በጣም መጥላት)
lobster,noun,"A large marine crustacean with a cylindrical body, stalked eyes, and two powerful pincers, prized as food.",The coastal restaurant serves freshly boiled lobster with garlic butter sauce.,/ˈlɑːbstər/,B2,crustacean | shellfish | crayfish,,ሎብስተር | የባህር ሸርጣን መሰል እንስሳ
locality,noun,"A particular neighborhood, district, or area surrounding a specific place.",Several endemic bird species are found nowhere else in the world except this remote locality.,/loʊˈkæləti/,B2,neighborhood | district | area | region,,አካባቢ | መንደር | ሰፈር | ስፍራ
locker,noun,"A small, narrow lockable compartment or cupboard used for safely storing personal belongings.",The athletes placed their gym bags and personal gear into their lockers before practice.,/ˈlɑːkər/,B1,compartment | cabinet | cubby | closet,,ሎከር | መቆለፊያ ያለው ሳጥን | የዕቃ ማስቀመጫ ሳጥን
locomotive,noun,A powered rail vehicle used for pulling or pushing trains along a railroad track.,The powerful diesel locomotive hauled dozens of heavy freight wagons across the country.,/ˌloʊkəˈmoʊtɪv/,B2,engine | train engine | railway engine,,ሎኮሞቲቭ | የባቡር ሞተር | የባቡር መጎተቻ ራስ
locus,noun,"A particular position, point, or place where something occurs or is situated; a focal point.",The vibrant university library served as the locus of student intellectual life and research.,/ˈloʊkəs/,C1,center | focus | position | point,periphery | boundary,ማዕከል | መገኛ ቦታ | ስፍራ | ቦታ
loft,noun,"A room or space directly under the roof of a house, or an open-concept upper residential apartment.",The architect converted the old industrial warehouse into modern loft apartments.,/lɔːft/,B2,attic | garret | mezzanine | upper floor,basement | cellar,የጣሪያ ስር ክፍል | ኮርኒስ ስር ያለ ክፍል | ሰገነት
logistics,noun,"The detailed organization, planning, and implementation of a complex operation involving supplies and personnel.",Managing the international distribution logistics required sophisticated software and round-the-clock coordination.,/ləˈdʒɪstɪks/,C1,coordination | planning | organization | management,disorder | chaos | disorganization,ሎጂስቲክስ | የማጓጓዣ እና የአቅርቦት አስተዳደር | የሥራ ቅንጅት
lottery,noun,A process or game of chance in which participants purchase tickets for the possibility of winning prizes or money.,Millions of people bought tickets hoping to win the national lottery jackpot.,/ˈlɒtəri/,B1,raffle | sweepstake | draw | tombola,,ሎተሪ | እጣ | የዕድል ጨዋታ
lotus,noun,"An aquatic plant with large, beautiful floating leaves and showy flowers, regarded as sacred in several Asian traditions.",Pink lotus blossoms floated gracefully on the surface of the temple pond.,/ˈloʊtəs/,C1,water lily | sacred lotus,,ሎተስ | የውሃ አበባ
lucrative,adj,"Producing a great deal of profit, wealth, or financial gain.",She left her teaching job to pursue a lucrative career in international finance.,/ˈluːkrətɪv/,C1,profitable | gainful | rewarding | remunerative,unprofitable | loss-making | fruitless,አትራፊ | ትርፋማ | ከፍተኛ ገቢ የሚያስገኝ
luggage,noun,"Suitcases, bags, and baggage used to contain personal belongings when traveling.",The airline apologized after losing her luggage during a flight transfer.,/ˈlʌɡɪdʒ/,B1,baggage | bags | suitcases | belongings,,ሻንጣ | ጓዝ | እቃ
lumber,noun,"Timber or logs sawed and prepared for use in building, construction, and carpentry.",The workers unloaded stacked lumber to build the frame of the new house.,/ˈlʌmbər/,B2,timber | wood | planks | boards,,ጣውላ | ሳንቃ | እንጨት
luminous,adj,"Emitting, reflecting, or glowing with steady radiant light.",The watch featured luminous hands so the time could be read in pitch darkness.,/ˈluːmɪnəs/,C1,radiant | glowing | shining | incandescent,dark | dim | dull,አንጸባራቂ | የሚያበራ | ብሩህ | ፍንትው ያለ
lurch,verb,"To make an abrupt, uncontrolled, and unsteady swaying or staggering movement.",The ferry lurched violently as a sudden wave struck its side.,/ˈlɜːrtʃ/,C1,stagger | stumble | reel | sway,steady | stabilize,መንገዳገድ | ድንገት ማዘንበል | መወዛወዝ
lush,adj,Growing luxuriantly and vigorously; abundant and thriving in vegetation.,The valley was covered in lush green pastures after weeks of steady rain.,/ˈlʌʃ/,B2,luxuriant | verdant | flourishing | dense,barren | sparse | withered,ለምለም | የደራ | የተንሰራፋ
magnify,verb,"To make something appear larger than it is, especially through a lens or microscope; or to exaggerate.",The microscope is able to magnify microscopic bacteria thousands of times.,/ˈmæɡnɪfaɪ/,B2,enlarge | amplify | expand | exaggerate,diminish | reduce | shrink,ማጉላት | ማተለቅ | ማጋነን
mahogany,noun,"A hard, durable reddish-brown wood from a tropical tree, widely prized for fine furniture.",The library was furnished with a massive desk made of polished mahogany.,/məˈhɒɡəni/,C1,hardwood | timber,,ማሆጋኒ | ጠንካራ ቀይ እንጨት
maiden,noun,"An archaic or literary term for a young, unmarried woman or girl.","In ancient legends, the knight journeyed far to rescue a captive maiden.",/ˈmeɪdn/,B2,damsel | young woman | girl | virgin,,ድንግል | ወጣት ሴት | ደናግል
makeup,noun,Cosmetics applied to the face to enhance or alter one's physical appearance.,She carefully removed her makeup before washing her face each night.,/ˈmeɪkʌp/,B1,cosmetics | face paint | beauty products,,ሜካፕ | የፊት መዋቢያ | ውበት ማድመቂያ
malign,verb,To speak about someone or something in a spitefully critical or defamatory manner.,He felt that the tabloid article was designed purely to malign his character.,/məˈlaɪn/,C1,slander | defame | vilify | disparage,praise | compliment | commend,ማጥላላት | ስም ማጥፋት | ማነወር
mantle,noun,"A loose, sleeveless cloak or cape; or an important role or responsibility passed to a successor.",The young diplomat assumed the mantle of leadership during the peace talks.,/ˈmæntl/,C1,cloak | cape | role | burden,,ካባ | መጎናጸፊያ | ኃላፊነት | የአመራር ድርሻ
maple,noun,A tree of northern temperate regions with distinctive lobed leaves and sweet sap used to make syrup.,"Every autumn, the maple trees turn brilliant shades of scarlet and amber.",/ˈmeɪpl/,B2,maple tree | acer,,ሜፕል | የሜፕል ዛፍ
mar,verb,"To impair, spoil, or damage the appearance, quality, or perfection of something.",A series of violent scuffles threatened to mar the peaceful protest.,/ˈmɑːr/,C1,spoil | ruin | tarnish | blemish,enhance | improve | restore,ማበላሸት | ማጉደፍ | ማዛባት
mare,noun,A fully grown female horse or other equine animal.,The mare stood calmly beside her newborn foal in the stable.,/ˈmɛər/,B2,female horse | dam,stallion,ባዝራ | እንስት ፈረስ
maritime,adj,"Connected with the sea, seafaring activities, navigation, or commercial shipping.",The port city prospered thanks to its strategic position on key maritime trade routes.,/ˈmærɪtaɪm/,C1,nautical | naval | marine | oceanic,inland | terrestrial,የባህር | የባህር ጉዞ ነክ | የባህር ንግድ ነክ
martial,adj,"Relating to war, armed conflict, combat, or military life.",The authorities declared martial law to restore order across the capital.,/ˈmɑːrʃl/,C1,military | warlike | soldierly | combative,civil | civilian | peaceful,ወታደራዊ | የጦር | የውጊያ
mash,verb,"To crush, beat, or press food into a soft, pulpy, or uniform mass.",Use a fork to mash the ripe bananas before folding them into the batter.,/ˈmæʃ/,B2,crush | puree | smash | squish,,ማድቀቅ | መፍጨት | ማላላት | ማዋሃድ
masterpiece,noun,"A work of outstanding artistry, craftsmanship, skill, or excellence.",The newly restored fresco is recognized as the artist's greatest masterpiece.,/ˈmæstərpiːs/,B2,magnum opus | masterwork | tour de force | classic,failure | botch,ድንቅ ስራ | የጥበብ ቁንጮ | እጅግ የላቀ ስራ
materialize,verb,To become actual fact or reality; or to appear unexpectedly in bodily form.,"Despite all the optimistic promises, the anticipated investments never materialized.",/məˈtɪəriəlaɪz/,C1,appear | emerge | manifest | eventuate,vanish | disappear | fade,እውን መሆን | መከሰት | መገለጥ | ተግባራዊ መሆን
maze,noun,"A complex, confusing network of paths or passages through which it is difficult to find a way.",Visitors often get lost navigating the maze of narrow streets in the historic center.,/ˈmeɪz/,B2,labyrinth | network | tangle | puzzle,,ውስብስብ መንገድ | ማዝ | መውጫው የማይታወቅ መንገድ
mega,adj,"Very large, massive, or exceptionally great, impressive, or successful.",The tech giant announced a mega merger that would reshape the entire industry.,/ˈmɛɡə/,B2,colossal | massive | huge | gigantic,tiny | miniature | microscopic,ግዙፍ | እጅግ ትልቅ | ሜጋ
melancholy,noun,"A deep, pensive, and long-lasting feeling of sadness or quiet sorrow.",A gentle melancholy pervaded the music of the acoustic guitar.,/ˈmɛlənkəli/,C1,sadness | gloom | despondency | sorrow,joy | cheerfulness | happiness,ሃዘን | ትካዜ | የልብ ድብርት
memorandum,noun,"A written message, note, or briefing used in business or official communication.",The department head circulated an urgent memorandum regarding budget changes.,/ˌmɛməˈrændəm/,C1,memo | notice | briefing | circular,,ማስታወሻ | መግባቢያ ሰነድ | የጽሁፍ መልእክት
mend,verb,"To repair, restore, or fix something broken, torn, or damaged; or to heal.",She spent the afternoon mending torn shirts and stitching loose buttons.,/ˈmɛnd/,B2,repair | fix | patch | restore,break | damage | ruin,መጠገን | መስፋት | ማደስ
mentor,noun,An experienced and trusted adviser who guides and counsels a less experienced person.,The senior engineer served as a supportive mentor to newly hired developers.,/ˈmɛntɔːr/,B2,adviser | counselor | guide | tutor,mentee | protege | novice,መካሪ | አማካሪ | አሰልጣኝ | መሪ
merchandise,noun,"Goods, commodities, or products bought, sold, or displayed in retail trade.",Shoppers crowded into the boutique to browse the new summer merchandise.,/ˈmɜːrtʃəndaɪs/,B2,goods | wares | commodities | products,,ሸቀጥ | የንግድ እቃ | ሸቀጣ ሸቀጥ | እቃ
mercury,noun,"A heavy, silvery liquid metallic chemical element used in thermometers, barometers, and scientific instruments.",Old clinical thermometers often contained silvery mercury to measure body temperature.,/ˈmɜːrkjəri/,B2,quicksilver | hydrargyrum,,ሜርኩሪ | ሲባቅ
mesh,noun,"Material made of a network of interlaced wire, thread, or plastic with evenly spaced openings.",The open window was covered with a fine metal mesh to keep out mosquitoes.,/ˈmɛʃ/,B2,netting | screen | lattice | web,,መረብ | ጥልፍልፍ | ሸበቦ
metabolism,noun,The complex biochemical processes in an organism by which food is converted into energy and living tissue.,Regular physical training can boost your resting metabolism and help burn calories.,/məˈtæbəlɪzəm/,B2,metabolic process | bioenergetics,,ሜታቦሊዝም | የምግብ መፈጨት ሂደት | የስርዓተ-ህይወት ኬሚካላዊ ሂደት
metaphysic,noun,"The branch of philosophy that deals with the fundamental nature of reality, existence, and being.",His theoretical dissertation explored fundamental questions of metaphysic and human consciousness.,/ˌmɛtəˈfɪzɪk/,C2,metaphysics | ontology | philosophy of being,,ሜታፊዚክስ | የፍልስፍና ጥናት | ህልውናዊ ፍልስፍና
meteor,noun,"A small body from outer space that enters Earth's atmosphere, heating up and producing a streak of light.",We sat on the hillside and watched a bright meteor streak across the clear sky.,/ˈmiːtiər/,B2,shooting star | falling star | bolide | fireball,,ሚቲየር | ተወርዋሪ ኮከብ | የጠፈር ድንጋይ
meticulous,adj,"Showing extreme care, thoroughness, and attention to small details.",The restoration of the antique clock required months of meticulous hand craftsmanship.,/məˈtɪkjələs/,C1,scrupulous | painstaking | conscientious | thorough,careless | sloppy | negligent,ጥንቁቅ | ረቂቅ | ዝርዝር አጥኚ | ንቁ
micro,adj,Extremely small; miniature; or operating on a very localized or minute scale.,The electronics lab manufactures micro chips used in advanced medical devices.,/ˈmaɪkroʊ/,B2,microscopic | miniature | minute | tiny,macro | mega | gigantic,ረቂቅ | ጥቃቅን | እጅግ ትንሽ | ማይክሮ
millionaire,noun,A person whose assets or net wealth are valued at one million or more currency units.,The technology founder became a self-made millionaire before reaching thirty.,/ˌmɪljəˈnɛər/,B1,tycoon | magnate | plutocrat | wealthy person,pauper | bankrupt,ሚሊየነር | ከበርቴ | ሃብታም | ባለጸጋ
mince,verb,"To cut, chop, or grind food into very small, fine pieces.",The recipe calls for a chef to finely mince two cloves of garlic.,/ˈmɪns/,C1,chop | grind | dice | hash,,መክተፍ | ማድቀቅ | ማደቆስ
mingle,verb,To mix or blend together; or to circulate and socialize with others at an event.,The conference host urged all attendees to mingle during the evening reception.,/ˈmɪŋɡl/,B2,socialize | mix | blend | circulate,isolate | separate | segregate,መቀላቀል | መደባለቅ | መወያየት | መግባባት
mini,adj,Very small or compact; a smaller version of something standard.,Each guest room includes a mini fridge stocked with complimentary bottled water.,/ˈmɪni/,B1,miniature | small | compact | diminutive,maxi | giant | huge,አነስተኛ | ሚኒ | ጥቃቅን | ትንሽ
miraculous,adj,"Occurring by or resembling a divine miracle; extraordinary, wondrous, and inexplicable.",The trapped miners made a miraculous escape when rescuers dug an emergency shaft.,/mɪˈrækjələs/,B2,wondrous | marvelous | supernatural | phenomenal,ordinary | natural | normal,ተአምራዊ | አስደናቂ | ድንቅ | እፁብ
mischief,noun,"Playful, harmless misbehavior or trouble-making that causes minor annoyance.",The energetic puppy got into mischief by chewing through his master's slippers.,/ˈmɪstʃɪf/,B2,naughtiness | trouble | misconduct | misbehavior,obedience | compliance | good behavior,ተንኮል | ባለጌነት | ጥፋት | ብልጣብልጥነት
mole,noun,A small burrowing mammal with dark velvety fur; a pigmented spot on skin; or an infiltrated spy.,The gardener noticed fresh dirt mounds made by an active mole in the lawn.,/ˈmoʊl/,B2,burrower | spy | undercover agent | beauty mark,,ፍልፈል | የቁርበት ነጠብጣብ | ሰላይ
mop,noun,A cleaning tool consisting of a bundle of thick strings or sponge attached to a long handle.,He grabbed a bucket of soapy water and a damp mop to clean the kitchen floor.,/ˈmɒp/,B1,swab | sponge | floor cleaner | broom,,ሞፕ | ወለል መወያያ | የወለል ጨርቅ
morbid,adj,"Characterized by an abnormal, unhealthy interest in disturbing, gruesome subjects such as death.",She had an oddly morbid curiosity about unsolved historical murders.,/ˈmɔːrbɪd/,C1,macabre | gruesome | ghoulish | unwholesome,wholesome | cheerful | healthy,አስፈሪ | ስለ ሞት የሚያስብ | ደስ የማይል | ህመምተኛ
mosque,noun,A Muslim place of worship.,Devout worshippers gathered at the grand mosque for communal Friday prayers.,/ˈmɒsk/,B1,masjid | Islamic temple | house of worship,,መስጊድ | የሙስሊሞች መስገጃ
moss,noun,"A tiny, rootless green plant that grows in dense, cushiony carpets in damp, shady locations.",Velvety green moss blanketed the damp stones surrounding the forest waterfall.,/ˈmɒs/,B2,bryophyte | lichen,,ሽበት | አረንጓዴ አልጌ | ሞስ
moth,noun,"A nocturnal insect closely related to the butterfly, typically with feathery antennae and drab coloring.",A night moth fluttered repeatedly against the illuminated windowpane.,/ˈmɒθ/,B2,lepidopteran | night butterfly,,ብል | የልብስ ብል | የእሳት እራት
muffle,verb,"To wrap, deaden, or suppress a sound, making it quieter or less distinct.",He wrapped a thick wool scarf around his face to muffle his coughs.,/ˈmʌfl/,C1,deaden | mute | dampen | stifle,amplify | magnify | louden,ድምጽ ማፈን | ማደብዘዝ | ማዳፈን | ድምጽ መቀነስ
mule,noun,"A sterile hybrid animal produced by crossing a female horse and a male donkey, prized for endurance.",The sturdy mule carried heavy loads of camping gear up the rocky mountain trail.,/ˈmjuːl/,B2,pack animal | beast of burden,,በቅሎ | ድቅል እንስሳ
multicultural,adj,"Relating to, containing, or representing several different cultural or ethnic groups within a society.",Toronto is known worldwide as a vibrant multicultural city where people of diverse backgrounds live harmoniously.,/ˌmʌltiˈkʌltʃərəl/,B2,multiracial | multiethnic | diverse | cosmopolitan,monocultural | homogeneous,ባለብዙ ባሕል | በርካታ ባሕሎችን ያካተተ
multitude,noun,"A very large number of people or things, or a great crowd gathered together.",A multitude of fans gathered outside the stadium hoping to catch a glimpse of the players.,/ˈmʌltɪtjuːd/,C1,crowd | horde | throng | abundance,handful | scarcity | minority,እልፍ | ሕዝበ ብዛት | እጅግ ብዙ ቁጥር | ጭፍራ
mumble,verb,"To speak quietly and unclearly into one's breath, so that words are difficult to understand.","He began to mumble an apology, looking down nervously at his shoes.",/ˈmʌmbl/,B2,mutter | whisper | murmur | slur,enunciate | articulate | shout,ማጉረምረም | በለሆሳስ ማውራት | በግልጽ አለመናገር
mundane,adj,"Lacking interest or excitement; dull, ordinary, and relating to everyday life rather than spiritual or exceptional matters.",She found herself bored with the mundane routine of washing dishes and doing laundry every day.,/mʌnˈdeɪn/,C1,ordinary | commonplace | dull | humdrum,extraordinary | exciting | exceptional,የተለመደ | ዓለማዊ | አሰልቺ | የዕለት ተዕለት
muscular,adj,"Having well-developed muscles and physical strength, or relating to the body's muscles.","Years of dedicated rowing and weightlifting had given him a powerful, muscular build.",/ˈmʌskjələr/,B2,brawny | athletic | sturdy | robust,frail | weak | skinny,ጡንቻማ | ጉልበታም | የጡንቻ
mustard,noun,"A pungent yellow or brown condiment made from the crushed seeds of a mustard plant, typically mixed with vinegar and water.",He spread a generous layer of spicy Dijon mustard across his roast beef sandwich.,/ˈmʌstərd/,B1,condiment | relish | seasoning,,ሰናፍጭ
muster,verb,"To gather, summon, or produce something such as courage, energy, or military troops.",She tried to muster the courage to tell her boss that she was resigning from her post.,/ˈmʌstər/,C1,gather | summon | rally | assemble,disperse | scatter | disband,መሰብሰብ | ማሰባሰብ | ማመንጨት
myriad,noun,"An extremely great, countless, or indefinitely large number of people or things.",A myriad of glittering stars lit up the cloudless midnight sky over the desert.,/ˈmɪriəd/,C1,multitude | host | plethora | abundance,handful | scarcity | pittance,እልፍ | ቁጥር ስፍር የሌለው | እጅግ ብዙ
mythology,noun,"A collection of traditional stories, myths, or legends belonging to a particular culture or religion, often dealing with gods and heroes.","Greek mythology contains fascinating tales of gods, goddesses, and heroic quests.",/mɪˈθɒlədʒi/,B2,folklore | legends | lore | traditions,fact | history | reality,አፈ ታሪክ | የትውፊት ታሪክ
nag,verb,"To persistently harass, criticize, or urge someone to do something in an annoying manner.",His mother continued to nag him every weekend about tidying up his messy bedroom.,/næɡ/,B2,pester | badger | scold | harass,praise | encourage | placate,መነዝነዝ | ማንጎራጎር | መጨቅጨቅ
nap,noun,"A short period of sleep, typically taken during the daytime.","After lunch, the grandfather liked to take a refreshing twenty-minute nap in his armchair.",/næp/,B1,siesta | snooze | catnap | rest,wakefulness | insomnia,ጭልፍታ | የእንቅልፍ ጭልፍታ | አጭር እንቅልፍ
nausea,noun,A feeling of sickness in the stomach with an urge to vomit.,The rough motion of the ferry boat brought on a severe wave of dizziness and nausea.,/ˈnɔːziə/,B2,queasiness | sickness | biliousness | dizziness,wellness | comfort,ማቅለሽለሽ | ማቅለሽለሽ ስሜት
necessitate,verb,To make something necessary as a result or an unavoidable consequence.,The unexpected rise in product demand will necessitate hiring additional warehouse staff.,/nəˈsɛsɪteɪt/,C1,require | demand | entail | compel,preclude | obviate | prevent,ግድ ማለት | የግድ አስፈላጊ ማድረግ | ማስገደድ
necklace,noun,"An ornamental chain, string of beads, or band worn around the neck.",She received a delicate silver necklace adorned with a small pearl as a graduation gift.,/ˈnɛklɪs/,B1,choker | pendant | chain | string of beads,,የአንገት ሐብል | ድሪ | አልቦ
neuron,noun,A specialized cell transmitting nerve impulses throughout the nervous system; a nerve cell.,Each neuron in the human brain can form thousands of synaptic connections with adjacent cells.,/ˈnjʊərɒn/,C1,nerve cell | neural unit,,የነርቭ ሕዋስ | ኒውሮን
niece,noun,"The daughter of one's brother or sister, or of one's brother-in-law or sister-in-law.",He bought a colorful picture book as a birthday present for his five-year-old niece.,/niːs/,B1,brother's daughter | sister's daughter,nephew,የወንድም ልጅ (ሴት) | የእህት ልጅ (ሴት)
nightclub,noun,"An entertainment venue open until late at night, featuring music, dancing, and alcoholic drinks.",The downtown nightclub drew large crowds of young people every Friday night for live DJ sets.,/ˈnaɪtklʌb/,B1,disco | dance club | club | cabaret,,የምሽት ክበብ | የምሽት መዝናኛ
nitrate,noun,"A chemical compound or salt containing the polyatomic ion NO3⁻, widely used in agricultural fertilizers and explosives.",Excessive agricultural runoff can contaminate nearby drinking water supplies with high levels of nitrate.,/ˈnaɪtreɪt/,C1,saltpetre | inorganic compound | chemical salt,,ናይትሬት | የናይትሪክ አሲድ ጨው
nostalgia,noun,"A sentimental longing or wistful affection for the past, typically for a period or place with happy personal associations.",Looking at childhood photographs filled her heart with a deep sense of warmth and nostalgia.,/nɒˈstældʒə/,B2,reminiscence | longing | wistfulness | yearning,,ናፍቆት | የትዝታ ናፍቆት | የጥንት ትዝታ
nostril,noun,Either of the two external openings of the nose through which air and smells enter the respiratory system.,The cold winter air stung his nostrils as he stepped out of the warm log cabin.,/ˈnɒstrɪl/,B2,naris | nasal passage | nasal opening,,የአፍንጫ ቀዳዳ
notate,verb,"To write or set down in a system of specialized notation, such as musical symbols or shorthand.",The composer worked through the night to notate the orchestral harmonies he heard in his mind.,/nəʊˈteɪt/,C2,transcribe | record | write down | annotate,,በምልክት መጻፍ | መመዝገብ | በሙዚቃ ኖታ ማስፈር
notch,noun,"A V-shaped indentation cut into an edge or surface, or a level or step in a graduated scale.",He carved a tiny notch into the wooden stick to mark every day spent on the island.,/nɒtʃ/,B2,indentation | nick | cut | incision,,ጭረት | ቅርጽ | ደረጃ
notwithstanding,prep,In spite of; despite; without being prevented or affected by.,"Notwithstanding the torrential rain and muddy roads, hundreds of dedicated supporters attended the outdoor rally.",/ˌnɒtwɪθˈstændɪŋ/,C1,despite | in spite of | regardless of | although,because of | owing to,ቢሆንም | ሳይወሰን | ምንም እንኳን ... ቢሆንም
nourish,verb,"To provide with food, substances, or conditions necessary for growth, health, and good condition.",A balanced diet rich in fresh vegetables helps nourish the body and strengthen the immune system.,/ˈnʌrɪʃ/,B2,feed | nurture | sustain | cherish,starve | deprive | neglect,መመገብ | መንከባከብ | ማሳደግ
novelty,noun,"The quality of being new, original, or unusual; also, a small, inexpensive, and amusing item.","Electric cars were once viewed as a novelty, but they have now become common everyday vehicles.",/ˈnɒvəlti/,B2,newness | originality | innovation | freshness,tradition | familiarity | commonness,አዲስነት | አዲስ ነገር | እንግዳነት
novice,noun,"A person who is new to and inexperienced in a job, field, or situation.","Although he was a complete novice at chess, he managed to defeat several experienced players.",/ˈnɒvɪs/,B2,beginner | learner | newcomer | apprentice,veteran | expert | master,ጀማሪ | ልምድ የሌለው | አዲስ ተማሪ
nudge,verb,"To poke or push gently, usually with the elbow, to attract attention; or to encourage someone gradually toward an action.",She gave him a quick nudge with her elbow when the speaker asked for volunteers.,/nʌdʒ/,B2,poke | jog | prod | prompt,repel | discourage | deter,በክርን መሸከክ | በቀስታ መግፋት | ማነሳሳት
nylon,noun,"A tough, lightweight, elastic synthetic polyamide material used widely in textiles, ropes, and bristles.",Her mountaineering jacket was made of durable nylon that repelled wind and rain.,/ˈnaɪlɒn/,B1,synthetic fiber | polyamide | polymer,,ናይለን | ፕላስቲክ ጨርቅ
obese,adj,Grossly fat or overweight to an extent that endangers health.,Doctors warned that an unhealthy sedentary lifestyle could cause patients to become severely obese.,/əʊˈbiːs/,B2,corpulent | overweight | stout | portly,underweight | slim | slender,እጅግ የወፈረ | ከልክ ያለፈ ውፍረት ያለው | ወፍራም
ominous,adj,"Giving the impression that something unpleasant, bad, or threatening is about to happen.","Dark ominous clouds gathered swiftly on the horizon, signaling an impending storm.",/ˈɒmɪnəs/,B2,threatening | menacing | foreboding | sinister,auspicious | promising | encouraging,ክፉ አብሳሪ | አስፈሪ | ክፉ ገላጭ | መጥፎ ምልክት ያለው
omission,noun,"The act of leaving someone or something out, or a person or thing that has been omitted.",The omission of her name from the guest list was a genuine administrative mistake.,/əʊˈmɪʃn/,C1,exclusion | leaving out | deletion | oversight,inclusion | addition | insertion,መተው | ማግለል | መቅረት | አለማካተት
onwards,adv,In a continuing direction forward in space or time.,"From the tenth century onwards, the small coastal settlement grew rapidly into a bustling port.",/ˈɒnwədz/,B2,forward | ahead | onward | forth,backwards | backward,ወደ ፊት | ከዚያን ጊዜ ጀምሮ | ወደፊት
opportune,adj,"Done, occurring, or chosen at a favorable, advantageous, or particularly suitable time.","The unexpected grant arrived at an opportune moment, saving the struggling laboratory from closure.",/ˈɒpətjuːn/,C1,timely | auspicious | suitable | propitious,inopportune | untimely | inappropriate,ምቹ | አመቺ | ተስማሚ | በጊዜው የሆነ
optimise,verb,"To make the best, most effective, or most efficient use of a situation, resource, or system.",Software engineers worked to optimise the algorithm in order to reduce server loading times.,/ˈɒptɪmaɪz/,B2,enhance | improve | maximize | streamline,worsen | impair | degrade,ማሻሻል | በላቀ ሁኔታ መጠቀም | አቅምን ማሳደግ
oracle,noun,"A person, medium, or priest considered to provide wise, authoritative decisions or inspired prophecies from a deity.",Ancient Greek warriors regularly traveled to Delphi to consult the oracle before going to war.,/ˈɒrəkl/,C1,prophet | seer | soothsayer | visionary,,ሟርተኛ | ጠንቋይ | ቃለ እግዚአብሔር አድራሽ | ትንቢት ተናጋሪ
orchard,noun,A piece of enclosed land planted with fruit trees or nut trees.,"In early autumn, the family visited an apple orchard to pick fresh fruit for homemade cider.",/ˈɔːtʃəd/,B1,fruit garden | grove | plantation,,የፍራፍሬ እርሻ | የፍራፍሬ አትክልት ቦታ
ordeal,noun,"A very unpleasant, painful, difficult, or grueling experience.",The lost hikers survived their three-day ordeal in the freezing wilderness without serious injuries.,/ɔːˈdiːl/,B2,trial | tribulation | hardship | nightmare,pleasure | delight | comfort,ፈተና | መከራ | መከራ ፈተና | አስቸጋሪ ሁኔታ
ore,noun,A naturally occurring solid material or rock from which a valuable metal or mineral can be extracted profitably.,Miners extracted tons of iron ore from deep subterranean shafts inside the mountain.,/ɔːr/,C1,mineral deposit | raw mineral | rock ore,,ማዕድን | ጥሬ ማዕድን | የብረት ድንጋይ
oscar,noun,A statuette awarded annually by the Academy of Motion Picture Arts and Sciences for outstanding cinematic achievement; also an award won.,The veteran actor finally won an Oscar for his gripping performance in the historical drama.,/ˈɒskər/,B1,Academy Award | cinematic prize | statuette,,ኦስካር | የኦስካር ሽልማት
oscillate,verb,"To swing or move back and forth at a regular speed, or to waver continually between different opinions or states.",The heavy pendulum continued to oscillate steadily inside the antique grandfather clock.,/ˈɒsɪleɪt/,C1,swing | fluctuate | vibrate | waver,stabilize | settle | remain steady,መወዛወዝ | መንቀጥቀጥ | መዋዠቅ | ወዲያ ወዲህ ማለት
ostensible,adj,"Stated or appearing to be true, but not necessarily so; pretended or outwardly apparent.","The ostensible purpose of his business trip was trade negotiations, but he secretly met with opposition leaders.",/ɒˈstɛnsəbl/,C2,apparent | outward | seeming | superficial,genuine | real | actual,ይስሙላ | የሚታይ | ሽፋን የሆነ | ውጫዊ
oust,verb,"To drive out or expel someone from a position, place, or office, often by force or political maneuvering.",Rebel forces joined together in a concerted effort to oust the authoritarian military dictator from power.,/aʊst/,C1,expel | overthrow | depose | evict,install | reinstate | appoint,ማባረር | ከሥልጣን ማውረድ | ማስወጣት | መገልበጥ
outing,noun,"A brief journey or excursion undertaken for pleasure, recreation, or education.",The school organized a day outing to the natural history museum for all fourth-grade students.,/ˈaʊtɪŋ/,B2,excursion | trip | jaunt | picnic,,ሽርሽር | ጉብኝት | የእግር ጉዞ | አጭር ጉዞ
outlaw,noun,"A person who has broken the law and remains at large, especially a fugitive from justice.",Robin Hood is a legendary outlaw who hid in Sherwood Forest and stole from the rich to feed the poor.,/ˈaʊtlɔː/,B2,fugitive | bandit | criminal | brigand,law-abiding citizen | protector,ወንበዴ | ሕገ-ወጥ | ሽፍታ | ከአገር የተባረረ
outskirts,noun,"The outer parts, borders, or fringes of a town, city, or urban area.","They chose to build their dream house on the quiet outskirts of town, away from heavy traffic.",/ˈaʊtskɜːts/,B2,suburbs | edges | fringes | borders,center | heart | downtown,የከተማ ዳርቻ | ዳርቻ | ዳርቻዎች
outweigh,verb,"To be greater, more significant, or more influential than something else.",The long-term economic advantages of renewable energy far outweigh the initial installation costs.,/ˌaʊtˈweɪ/,B2,surpass | exceed | overshadow | prevail over,pale in comparison | fall behind,መብለጥ | ማመዘን | የበለጠ ክብደት ማግኘት
overcrowd,verb,"To fill or crowd a place or vehicle with more people or things than is safe, desirable, or comfortable.",Commuters complained that railway operators continue to overcrowd passenger trains during morning rush hour.,/ˌəʊvəˈkraʊd/,B2,congest | cram | pack | jam,empty | clear | vacate,ማጨናነቅ | ከልክ በላይ ማጨናነቅ | ሰውን ማብዛት
overhaul,verb,"To thoroughly examine, repair, renovate, or remodel a machine, system, or organization.",The government announced an ambitious plan to completely overhaul the outdated healthcare system.,/ˌəʊvəˈhɔːl/,C1,renovate | revamp | reconstruct | service,neglect | ignore | abandon,ማደስ | ጠግኖ ማደስ | ሙሉ ምርመራና ጥገና ማድረግ | መቀየር
overhear,verb,"To hear someone or something without meaning to, or without the speaker's knowledge.","Sitting in the cafe, I couldn't help but overhear their heated discussion about politics.",/ˌəʊvəˈhɪər/,B2,eavesdrop on | catch | listen in on | hear accidentally,ignore | miss | overlook,ሳያስቡት መስማት | ድንገት መስማት | በስውር መስማት
overtake,verb,To catch up with and pass someone or something moving in the same direction; or to happen suddenly and unexpectedly to someone.,The sports car accelerated quickly down the straight road to overtake the slow-moving truck.,/ˌəʊvəˈteɪk/,B2,pass | outstrip | surpass | exceed,lag behind | trail | fall behind,መቅደም | ደርሶ ማለፍ | ማለፍ | ድንገት መያዝ
overweight,adj,"Above a weight considered normal, desirable, or healthy for a person of a particular height and build.",The doctor advised him to adopt a healthier diet and exercise regularly after declaring him overweight.,/ˌoʊvərˈweɪt/,B1,heavy | corpulent | chubby | plump,underweight | slim | slender | thin,ከመጠን ያለፈ ውፍረት ያለው | ወፍራም | የከበደ
oxide,noun,A binary chemical compound composed of oxygen combined with another chemical element.,Iron oxide forms on exposed metal surfaces when steel reacts with moisture and oxygen.,/ˈɑːksaɪd/,C1,chemical compound | oxygen compound,,ኦክሳይድ | የኦክስጅን ውህድ
oyster,noun,"A marine bivalve mollusc with a rough, irregular shell, cultivated for food or for the pearls it produces.",The seaside restaurant served fresh oysters on a bed of crushed ice with lemon.,/ˈɔɪstər/,B2,bivalve | mollusc | shellfish,,ኦይስተር | ዕንቁ አውጪ ዛጎል | የባሕር ዛጎል
pagan,noun,"A person holding religious beliefs other than those of the main world religions, especially polytheistic or nature-based beliefs.",Ancient pagans gathered at stone monuments to celebrate the summer solstice.,/ˈpeɪɡən/,C1,heathen | polytheist | idolater | infidel,monotheist | believer | Christian | Muslim,አረማዊ | ጣዖት አምላኪ | አረመኔ
palette,noun,"A thin board or slab on which an artist mixes paints, or the specific range of colors used in a particular artwork.",The painter squeezed vibrant oils onto her wooden palette before beginning the portrait.,/ˈpælət/,C1,color scheme | color board | range | assortment,,የቀለም ማደባለቂያ ሰሌዳ | የቀለም ቅንብር | የቀለም ምርጫ
pamphlet,noun,"A small, thin booklet or leaflet with a paper cover, typically providing information or arguments on a specific subject.",The health clinic distributed an informative pamphlet outlining proper hygiene practices.,/ˈpæmflət/,B2,leaflet | brochure | booklet | flyer,,የእጅ ጽሑፍ | ቡክሌት | አጭር መጽሔት | በሪካ
pant,verb,"To breathe with short, quick, labored breaths, typically as a result of strenuous exertion or intense heat.","The runners collapsed onto the grass, panting heavily after completing the grueling marathon.",/pænt/,B2,gasp | puff | wheeze | blow,,ማንከስከስ | መቆራረጥ | ትንፋሽ መቆራረጥ | አየር መጋጥ
papal,adj,"Relating to or associated with the Pope, the bishop of Rome and leader of the Roman Catholic Church.",Thousands of pilgrims gathered in Saint Peter's Square to receive the papal blessing.,/ˈpeɪpl/,C1,pontifical | apostolic | Vatican,secular | lay,የፓፓ | የርዕሰ ሊቃነ ጳጳሳት | የቫቲካን
parachute,noun,A cloth canopy designed to fill with air and slow the descent of a person or dropped cargo from an aircraft.,The skydiving instructor checked that the emergency parachute was packed correctly.,/ˈpærəʃuːt/,B1,chute | canopy,,ፓራሹት | የአየር ጃንጥላ | አየር ወራጅ ጃንጥላ
paramount,adj,"More important than anything else; supreme in rank, authority, or significance.",Passenger safety is of paramount importance to all commercial airline operators.,/ˈpærəmaʊnt/,C1,supreme | foremost | predominant | primary,subordinate | minor | secondary | negligible,ከሁሉ የላቀ | እጅግ አስፈላጊ | ዋና | ቀዳሚ
parlour,noun,"A comfortable sitting room in a private house for receiving guests, or a business establishment offering specific services or goods.",She invited the guests into the parlour for warm tea and homemade pastries.,/ˈpɑːrlər/,B2,sitting room | lounge | drawing room | salon,,የእንግዳ ማረፊያ ክፍል | ሳሎን | የንግድ ሳሎን
parody,noun,"An imitation of the style of a particular writer, artist, or genre with deliberate exaggeration for humorous effect.",The comedy troupe performed a witty parody of popular political talk shows.,/ˈpærədi/,C1,spoof | satire | caricature | lampoon,homage | tribute,አስቂኝ አስመስሎ ማቅረብ | ቀልዳዊ ቅጂ | ማላገጫ | ፌዝ
parrot,noun,"A mainly tropical bird with bright plumage, a hooked bill, and the ability to mimic human sounds and speech.",The colorful parrot perched on its wooden stand and greeted visitors with a loud squawk.,/ˈpærət/,B1,mimic | imitator,,በቀቀን | ቃላትን የምትደግም ወፍ
parsley,noun,"A biennial herb with curly or flat aromatic green leaves, widely cultivated and used for culinary seasoning or garnish.",The chef sprinkled freshly chopped parsley over the grilled fish just before serving.,/ˈpɑːrsli/,B2,herb | seasoning | garnish,,ፐርስሊ | የድንብላል መሰል ቅጠል | የሾርባ ቅጠል
partiality,noun,Unfair bias or favoritism toward one party over another; or a strong liking or preference for something.,The judge was criticized for showing partiality toward the wealthy defendant during the trial.,/ˌpɑːrʃiˈæləti/,C1,bias | favoritism | prejudice | predilection,impartiality | neutrality | fairness | objectivity,አድልዎ | ወገንተኝነት | ማድላት | ዝንባሌ
partition,noun,"A structure, wall, or screen that divides a room or space into distinct parts; or the division of a country into separate territories.",Movable wooden partitions were installed to divide the conference room into smaller workshop areas.,/pɑːrˈtɪʃn/,C1,divider | screen | barrier | separation,unification | union | connection,መጋረጃ | መለያ ግድግዳ | መከፋፈል | ክፍፍል
pastor,noun,A minister or ordained Christian leader having spiritual charge of a congregation or parish.,The pastor visited elderly members of the congregation at home each Sunday afternoon.,/ˈpæstər/,B2,minister | clergyman | priest | preacher,layperson | parishioner,ፓስተር | ቄስ | የሃይማኖት አባት | መጋቢ
pathology,noun,"The scientific study of diseases and the bodily changes caused by them, or the structural manifestations of a disease.",The pathology report confirmed that the tissue removed during the biopsy was non-cancerous.,/pəˈθɑːlədʒi/,C1,disease study | medical diagnosis | etiology,,ፓቶሎጂ | የበሽታ ጥናት | የበሽታ ምርመራ ሳይንስ
patio,noun,"A paved outdoor area adjoining a residence, commonly used for dining, relaxation, or entertaining guests.",They enjoyed eating dinner out on the stone patio during warm summer evenings.,/ˈpætioʊ/,B1,terrace | courtyard | veranda | deck,,የጓሮ በረንዳ | የተነጠፈ ግቢ | ክፍት በረንዳ | ደጅ
patronage,noun,"Financial, moral, or official support given by a patron to an artist or cause; or the regular commercial support given by customers.",Arts organizations rely heavily on government grants and wealthy private patronage to remain open.,/ˈpeɪtrənɪdʒ/,C1,sponsorship | backing | support | clientele,boycott | opposition | discouragement,ደጋፊነት | ጠባቂነት | እርዳታ | ደንበኝነት
pavilion,noun,"A decorative building, marquee, or open ornamental structure located in a park or grounds, or a large arena for public events.",The royal concert took place inside a lavish pavilion erected in the palace gardens.,/pəˈvɪljən/,C1,gazebo | marquee | canopy | hall,,ድንኳን መሰል አዳራሽ | የፓርክ መጠለያ | ማሳያ አዳራሽ | ድንኳን
paw,noun,"The foot of an animal that has claws or pads, typical of four-legged mammals such as cats, dogs, and bears.",The injured dog whined softly and held up its front paw for the veterinarian to examine.,/pɔː/,B1,foot | pad | claw | padfoot,,የእንስሳ እግር | መዳፍ | ጥፍር
payroll,noun,"A list of employees and the wages due to them, or the total sum of money paid by a business to its workforce.",The expanding technology startup added fifty new software developers to its monthly payroll.,/ˈpeɪroʊl/,B2,wage sheet | salary list | compensation | wages,,የደመወዝ መዝገብ | የደመወዝ ክፍያ | የሰራተኞች ክፍያ
peanut,noun,The edible seed of a widely cultivated South American plant that ripens underground within a woody pod.,He spread crunchy peanut butter onto warm toast for a quick breakfast.,/ˈpiːnʌt/,B1,groundnut | goober | earthnut,,ለውዝ | ኦቾሎኒ
pear,noun,"A sweet, fleshy yellowish- or brownish-green fruit with a tapering top and rounded base, grown on deciduous trees.","She sliced a ripe, juicy pear and served it alongside sharp blue cheese.",/per/,B1,pome | orchard fruit,,ፒር | ፔር | የፒር ፍሬ
pebble,noun,"A small, smooth, rounded stone, especially one worn down by the action of running water or waves on a beach.","The children spent the afternoon collecting colorful, polished pebbles along the riverbank.",/ˈpebl/,B2,stone | shingle | gravel | rocklet,boulder | monolith,ጠጠር | ትናንሽ ድንጋይ
pedagogy,noun,"The method, theory, and practice of teaching, especially as an academic subject or educational approach.",Modern pedagogy emphasizes critical thinking and active student engagement over rote memorization.,/ˈpedəɡɑːdʒi/,C1,instruction | educational method | teaching | didactics,,ሥነ ትምህርት | የማስተማር ዘዴ | የማስተማር ሥነ ዘዴ
peg,noun,"A short cylindrical pin or bolt of wood, metal, or plastic, used for fastening things together, hanging clothes, or marking a spot.",She hung her winter coat and woolen scarf on the wooden peg in the entryway.,/peɡ/,B2,pin | dowel | hook | stake,,ችንካር | ቁስማ | መስቀያ | ቋሚ
penis,noun,"The primary external male reproductive and copulatory organ of higher vertebrates, which also serves to convey urine.",Medical professionals examine the structure of the penis to detect any congenital or urinary abnormalities.,/ˈpiːnɪs/,B2,phallus | male reproductive organ,,ብልት | የወንድ ብልት | ቁላ
perennial,adj,Lasting or continuing for a very long or indefinite time; perpetually enduring or constantly recurring.,Traffic congestion during rush hour remains a perennial challenge for commuters in the capital city.,/pəˈreniəl/,C1,enduring | everlasting | perpetual | persistent,ephemeral | transient | fleeting | short-lived,ዘላቂ | ዓመታዊ | የማይቋረጥ | ቋሚ
perimeter,noun,"The continuous outer boundary line enclosing a two-dimensional geometric shape or geographical area, or the total length of this line.",Security forces set up electrified fencing along the perimeter of the government compound.,/pəˈrɪmɪtər/,B2,boundary | border | edge | circumference,center | interior | middle | core,ዙሪያ | ወሰን | ዙሪያ ክልል | ዙሪያ ርዝመት
perish,verb,"To die, expire, or be completely destroyed, especially in a violent, premature, or catastrophic manner.",Thousands of head of cattle perished during the severe drought that struck the eastern province.,/ˈperɪʃ/,C1,die | expire | succumb | vanish,survive | live | endure | thrive,መጥፋት | መሞት | ማለቅ | መውደም
perk,noun,"An incidental benefit, privilege, or advantage granted to an employee in addition to standard salary or wages.",A company car and comprehensive health coverage were among the perks offered with the executive position.,/pɜːrk/,B2,benefit | bonus | advantage | perquisite,disadvantage | drawback | penalty,ተጨማሪ ጥቅም | ጉርሻ | ጥቅማጥቅም
perpetrate,verb,"To commit, carry out, or perform an illegal, immoral, or harmful action.",Investigators gathered forensic evidence to determine who perpetrated the cyber attack on the bank.,/ˈpɜːrpətreɪt/,C1,commit | execute | perform | inflict,prevent | stop | deter | halt,መፈጸም | ማካሄድ | በደል መፈጸም | ወንጀል መሥራት
perpetual,adj,Never ending or changing; occurring continuously without interruption or so frequently as to seem continuous.,"The polar peaks exist in a state of perpetual winter, cloaked in ice throughout every season.",/pərˈpetʃuəl/,C1,endless | eternal | ceaseless | unending,temporary | transient | intermittent | sporadic,የማያቋርጥ | ዘላለማዊ | ቋሚ | የማይቋረጥ
perpetuate,verb,"To cause an undesirable situation, belief, or custom to continue indefinitely or be preserved indefinitely.",Biased media coverage can easily perpetuate unfounded prejudices against minority communities.,/pərˈpetʃueɪt/,C1,preserve | sustain | maintain | prolong,abolish | discontinue | eradicate | eliminate,ማስቀጠል | ማቆየት | እንዳይቋረጥ ማድረግ | ማራዘም
pervasive,adj,"Spreading widely throughout every part of an area, society, or group, especially of an unwelcome influence or aroma.",The pervasive influence of smartphone technology has fundamentally altered how humans socialize.,/pərˈveɪsɪv/,C1,widespread | prevalent | ubiquitous | permeating,rare | localized | isolated | limited,የተስፋፋ | በሁሉም ቦታ የሚገኝ | ሰርጎ የገባ | የተሰራጨ
perverse,adj,"Deliberately behaving in a way that is unreasonable, unacceptable, or stubbornly contrary to what is expected or normal.","She displayed a perverse refusal to accept any assistance, even when she desperately needed it.",/pərˈvɜːrs/,C2,contrary | stubborn | obstinate | unreasonable,reasonable | compliant | agreeable | cooperative,ግትር | የተጣመመ | እምቢተኛ | የማይበጅ
petal,noun,"Each of the individual segments of the corolla of a flower, which are modified leaves and typically vividly colored.",Delicate pink petals fell gently from the cherry blossom trees in the spring breeze.,/ˈpetl/,B1,floral leaf | corolla leaf,,የአበባ ቅጠል | የፈካ ቅጠል
pharmacy,noun,"A shop, retail store, or hospital department where medicinal prescription drugs and remedies are prepared and dispensed.",He took the prescription directly to the neighborhood pharmacy to obtain the required medicine.,/ˈfɑːrməsi/,B1,drugstore | chemist | dispensary | apothecary,,መድኃኒት ቤት | ፋርማሲ
physiological,adj,Relating to the normal functioning and biological processes of living organisms and their organs or tissues.,Scientists studied the physiological changes that occur in the human body during deep sleep.,/ˌfɪziəˈlɑːdʒɪkl/,C1,biological | bodily | physical | somatic,psychological | mental,የሥነ-ሕይወት ተግባራዊ | አካላዊ | የሥነ-አካል ተግባር ነክ
picket,noun,"A person or group standing outside an enterprise in industrial protest, or a pointed wooden stake driven into the ground.",Union representatives organized a peaceful picket outside the factory gates during the national strike.,/ˈpɪkɪt/,C1,protester | striker | picket line | stake,,ተቃዋሚ ሰልፈኛ | የሰልፍ ጠባቂ | ቆጠሮ | የእንጨት ምሰሶ
pickle,noun,"A vegetable or fruit preserved in vinegar or salty brine; or informally, a difficult or awkward situation.",She added crunchy dill pickles to the sandwich for an extra burst of tart flavor.,/ˈpɪkl/,B2,relish | chutney | predicament | dilemma,,አቸቶ | ቆጣጤ | በሆምጣጤ የተዘጋጀ አትክልት | አጣብቂኝ
pigment,noun,A finely ground natural or synthetic coloring substance that gives color to other materials or biological tissues.,"Melanin is the dark biological pigment that gives color to human skin, hair, and eyes.",/ˈpɪɡmənt/,B2,colorant | dye | tint | stain,,ቀለም | የቀለም ቅመም | ማቅለሚያ | ሕብረ-ቀለም
pike,noun,"A long-bodied, sharp-toothed predatory freshwater fish; or historically, an infantry weapon with a pointed steel head on a long wooden shaft.",Medieval foot soldiers stood shoulder to shoulder holding long pikes to ward off cavalry charges.,/paɪk/,C1,spear | lance | predator fish,,ፓይክ (ዓሣ) | ጦር | ረጅም ጦር
pinpoint,verb,"To find, identify, or determine the exact position, nature, or cause of something with precision.",Technicians used specialized acoustic equipment to pinpoint the exact leak in the underground pipe.,/ˈpɪnpɔɪnt/,C1,identify | locate | determine | specify,generalize | overlook | misidentify,በትክክል ማመልከት | ለይቶ ማወቅ | አድራሻን በትክክል መለየት
planed,verb,"Smoothed, shaved, or leveled wood using a carpenter's plane; or glided swiftly across the surface of water.",The woodworker planed the rough cedar boards until their surfaces were perfectly flat and smooth.,/pleɪnd/,C1,smoothed | leveled | shaved | flattened,roughened,አለሰለሰ | በመሞረጃ አለዘበ | አፋተገ | ሞረደ
plank,noun,"A long, flat, rectangular piece of sawn timber used in construction and carpentry; or a key policy item in a political party's platform.",The carpenters walked carefully across the wooden planks bridging the construction trench.,/plæŋk/,B2,board | timber | beam | slab,,ሳንቃ | ጣውላ | ወፍራም ሳንቃ
plaque,noun,A flat ornamental tablet fastened to a wall in commemoration of a person or event; or a sticky deposit of bacteria on teeth.,A commemorative bronze plaque was installed on the historic home where the poet once lived.,/plæk/,B2,tablet | plate | memorial | medal,,የመታሰቢያ ጽላት | ጽላት | የጥርስ ቆሻሻ (ፕላክ) | የመታሰቢያ ሰሌዳ
plateau,noun,"An area of relatively high, level ground; or a state of little or no growth or change following a period of rapid development.","After months of steady weight loss, her progress reached a plateau and remained steady for weeks.",/plæˈtoʊ/,B2,tableland | highland | mesa | flatland,valley | trough | abyss | decline,ደጋማ ሜዳ | ሰፋፊ ከፍተኛ ሜዳ | አምባ | ሜዳማ አምባ
plight,noun,"A dangerous, difficult, or otherwise unfortunate and distressing situation.",The international community united to address the desperate plight of the earthquake survivors.,/plaɪt/,C1,predicament | quandary | dilemma | hardship,advantage | blessing | boon,አስቸጋሪ ሁኔታ | መከራ | ችግር | ስቃይ
plum,noun,"A sweet, juicy, round fruit with smooth purple, red, or yellow skin and a single hard stone; also something highly desirable.",She picked a ripe plum from the orchard tree and bit into its sweet flesh.,/plʌm/,B2,drupe | prune | choice | prize,,ፕለም | ፕለም ፍሬ
plume,noun,"A large, long feather or arrangement of feathers, or a tall, spreading column of smoke, dust, or steam rising into the air.",A massive plume of black smoke billowed into the sky following the oil refinery explosion.,/pluːm/,C1,feather | column | cloud | quill,,ላባ | የጭስ አምድ | የጢስ ጉድፍ
plump,adj,"Pleasantly fat, rounded, and full in shape or body; chubby.",The healthy newborn baby had plump cheeks and dimpled little hands.,/plʌmp/,B2,chubby | fleshy | rounded | stout,skinny | thin | slender | lean,የሞላ | የሰባ | ደልዳላ | ቦርቦክ ያለ
pneumonia,noun,"A serious infection and inflammation of one or both lungs, in which air sacs fill with fluid or pus, causing severe coughing and breathing difficulty.",The elderly patient was admitted to the intensive care unit after developing viral pneumonia.,/njuːˈməʊniə/,B2,lung infection | chest infection | pneumonitis,,የሳንባ ምች | ሳምባ ምች
poach,verb,"To illegally catch, kill, or trap game, fish, or wild animals on land that is private or protected; also to cook food gently in simmering liquid.",Armed park rangers patrol the wildlife sanctuary daily to stop poachers from killing elephants for their ivory.,/pəʊtʃ/,B2,hunt illegally | catch illegally | simmer | steam,protect | preserve,በህገ-ወጥ መንገድ ማደን | አድኖ መስረቅ | በፈላ ውሃ ማብሰል
polo,noun,"A ball game played on horseback between two opposing teams of four players, who use long wooden mallets to drive a small ball into the goal.",Spectators gathered on the green lawn to watch the annual international polo tournament.,/ˈpəʊləʊ/,B2,polo game | equestrian polo,,ፖሎ (በፈረስ ላይ ሆኖ በበትር ኳስ የመምታት ጨዋታ)
polymer,noun,A chemical substance formed of very large molecules consisting of many similar or identical smaller units bonded together.,Scientists are engineering biodegradable polymers to replace conventional petroleum-based plastics.,/ˈpɒlɪmə/,C1,macromolecule | synthetic compound | resin,monomer,ፖሊመር | ቅንብር ሞለኪውል
pornography,noun,"Printed, audio, or visual material that explicitly portrays sexual acts or organs, designed specifically to arouse erotic desire.",Parental filters were installed on the home computer network to block access to internet pornography.,/pɔːˈnɒɡrəfi/,B2,erotica | explicit material | adult entertainment,,የወሲብ ምስል | አሳፋሪ ጽሑፍ/ምስል | ፖርኖግራፊ
portable,adj,"Easily carried or moved around, usually because of being light, compact, or convenient.",He brought a portable charger so he could recharge his smartphone while traveling on the train.,/ˈpɔːtəbl/,B2,movable | transportable | mobile | compact,fixed | stationary | immovable,ተንቀሳቃሽ | በቀላሉ የሚጓጓዝ | ተሸካሚ
portal,noun,"A large, monumental door or grand entrance; also a website that serves as a central gateway to a range of internet services and information.",Students can submit assignments and check exam scores through the university's online learning portal.,/ˈpɔːtl/,C1,gateway | doorway | entrance | web portal,exit,መግቢያ | በር | ዋና መግቢያ | ፖርታል (የድረ-ገጽ መግቢያ)
poultry,noun,"Domestic birds, such as chickens, turkeys, ducks, and geese, kept for their meat and eggs; also meat derived from these birds.",Farmers in the rural valley raise poultry to supply eggs and fresh chicken meat to city markets.,/ˈpəʊltri/,B2,fowl | domestic birds | chickens,,የቤት አእዋፍ | የዶሮ ዝርያ | ዶሮዎች
pre,prefix,"A prefix meaning occurring before, prior to, in advance of, or placed in front of something.","In English, words with the prefix 'pre'—such as 'preheat' and 'preview'—indicate an action happening beforehand.",/priː/,B2,before | prior to | anterior,post- | after | following,ቅድመ | በፊት | ቀደም ሲል
precarious,adj,"Not securely held or positioned; dangerously unstable, uncertain, or dependent on chance circumstances.",The economic crisis left many low-income families in a precarious financial situation.,/prɪˈkeəriəs/,C1,hazardous | perilous | insecure | unstable,secure | stable | safe | solid,አስተማማኝ ያልሆነ | አደገኛ | የሚዋልል | ስጋት ያለበት
preclude,verb,"To make something impossible in advance, or to rule it out and prevent it from happening.",Her chronic knee injury precluded her from continuing a professional career in marathon running.,/prɪˈkluːd/,C1,prevent | rule out | prohibit | inhibit,permit | allow | enable | facilitate,መከልከል | ማገድ | እንዳይሆን ማድረግ | ማሰናከል
premiere,noun,"The first public performance, showing, or presentation of a film, musical play, opera, or other creative production.",Celebrities and directors walked the red carpet at the international film premiere in Paris.,/ˈpremieə/,B2,debut | first screening | opening | first night,finale | closing,የመጀመሪያ ዕይታ | የመጀመሪያ ዝግጅት | መድረክ ጅማሮ
presuppose,verb,To require something as an essential prior condition in order to be true or effective; to take for granted beforehand.,Real democratic governance presupposes that citizens enjoy the freedom to voice their opinions without fear.,/ˌpriːsəˈpəʊz/,C1,assume | presume | require | postulate,disprove | dispute | question,አስቀድሞ መገመት | ቅድመ ሁኔታ ማድረግ | እንደተሟላ መቁጠር
preview,noun,"An opportunity to view, hear, or inspect something—such as an exhibition, movie, or product—before it is made available to the general public.",Critics who attended the early preview of the blockbuster film praised its groundbreaking visual effects.,/ˈpriːvjuː/,B2,sneak peek | trailer | advance screening | teaser,retrospective | review,ቅድመ እይታ | ቅድመ ማሳያ | አጭር ማስተዋወቂያ
procure,verb,"To obtain, acquire, or bring about something through deliberate effort, care, or negotiation.",The procurement team managed to procure essential surgical masks during the global supply shortage.,/prəˈkjʊə/,C1,obtain | acquire | secure | get,lose | forfeit | relinquish,ማግኘት | ማሟላት | መግዛት | ማቅረብ
prod,verb,"To poke or push someone or something with a finger or pointed object; also to urge, stimulate, or prompt someone into taking action.",The supervisor had to prod the contractors repeatedly to ensure the construction project finished on time.,/prɒd/,C1,poke | nudge | jab | spur,discourage | deter | dissuade,መጎንተል | መውጋት | ማነሳሳት | መጎትጎት
proliferate,verb,"To increase, reproduce, or spread rapidly and extensively in numbers or amount.",Cafés and technology start-ups began to proliferate throughout the city's renovated warehouse district.,/prəˈlɪfəreɪt/,C1,multiply | burgeon | mushroom | expand,dwindle | decrease | diminish | decline,መብዛት | መራባት | በከፍተኛ ፍጥነት መስፋፋት
prominence,noun,"The state of being widely recognized, eminent, distinguished, or easily conspicuous.",She gained national prominence after publishing an influential book on global climate solutions.,/ˈprɒmɪnəns/,C1,fame | distinction | prestige | eminence,obscurity | insignificance | anonymity,ዝና | ታዋቂነት | ጎልቶ መታየት | የበላይነት
propaganda,noun,Biased or misleading information disseminated deliberately by an organization or government to promote a specific political cause or viewpoint.,Wartime propaganda was used to sway public opinion and bolster recruitment for the army.,/ˌprɒpəˈɡændə/,C1,disinformation | indoctrination | publicity | brainwashing,truth | facts | objectivity,ፕሮፓጋንዳ | ቅስቀሳ | የሀሰት ወሬ ማሰራጨት
propagate,verb,"To breed or produce new specimens of a plant or animal; also to spread, disseminate, or publicize beliefs, ideas, or doctrines widely.",Botanists propagate rare orchid varieties under strictly controlled laboratory conditions.,/ˈprɒpəɡeɪt/,C1,reproduce | breed | disseminate | spread,suppress | extinguish | eradicate,ማራባት | ማባዛት | ማስፋፋት | ማሰራጨት
proponent,noun,"A person who puts forward, defends, or strongly argues in favor of an idea, policy, or course of action.","He is a leading proponent of educational reform, advocating for free textbooks for all primary students.",/prəˈpəʊnənt/,C1,advocate | supporter | champion | exponent,opponent | adversary | critic | detractor,ደጋፊ | ተሟጋች | አራማጅ
protagonist,noun,"The central or primary character in a story, play, novel, or film; also an active leader or champion of a cause.","Throughout the novel, the protagonist struggles to overcome poverty and fulfill her dream of becoming a doctor.",/prəˈtæɡənɪst/,C1,main character | lead | hero | champion,antagonist | adversary | opponent,ዋና ገጸ-ባህሪ | ዋና ተዋናይ | መሪ
provisional,adj,"Arranged, existing, or accepted only for the present time, with the expectation of being confirmed, modified, or replaced later.","Following the ceasefire, a provisional government was established until democratic elections could take place.",/prəˈvɪʒənl/,C1,temporary | interim | tentative | transitional,permanent | definitive | final | settled,ጊዜያዊ | ያልተረጋገጠ | ተለዋጭ
prune,verb,"To trim or cut away dead, overgrown, or unwanted branches from a tree or shrub; also to reduce or cut back something unnecessary.",The gardener showed the apprentice how to prune rose bushes to encourage healthier blossoms in the summer.,/pruːn/,B2,trim | clip | snip | cut back,expand | lengthen | enlarge,መከርከም | ማሳጠር | ቆርጦ መቀነስ
psychic,adj,"Relating to supernatural abilities or phenomena that operate outside known scientific laws, such as telepathy or future prediction; also relating to the mind.",She claimed to experience psychic visions that alerted her to danger before it occurred.,/ˈsaɪkɪk/,C1,supernatural | clairvoyant | paranormal | extrasensory,physical | material | ordinary,መንፈሳዊ | ረቂቅ | ምትሃታዊ | ሳይኪክ
punctuate,verb,"To add standard punctuation marks to written text; also to interrupt or occur periodically throughout an event, speech, or process.",The speaker's passionate presentation was punctuated by loud cheers from the supportive crowd.,/ˈpʌŋktʃueɪt/,C1,intersperse | interrupt | break up | accentuate,continue | sustain | prolong,የስርዓተ-ነጥብ ማበጀት | ስርዓተ-ነጥብ መጠቀም | ማቋረጥ | ጣልቃ መግባት
punk,noun,"A subculture and fast, aggressive style of rock music originating in the 1970s; also a follower of this style, or an unruly, defiant young person.",The energetic rhythm of British punk music influenced generations of alternative rock bands.,/pʌŋk/,B2,punk rock | rebel | delinquent | nonconformist,conformist | traditionalist,ፓንክ (የሙዚቃና የባህል አይነት) | አመጸኛ ወጣት | ባለጌ
puppet,noun,A doll or artificial figure of a person or animal manipulated by hand or strings; also a person or leader controlled entirely by another power.,Critics accused the newly appointed prime minister of being a puppet of powerful corporate interests.,/ˈpʌpɪt/,B2,marionette | figurehead | pawn | instrument,leader | ruler | sovereign,አሻንጉሊት | ጥገኛ ገዥ | የተላላኪ አስተዳደር
purge,verb,"To rid an organization, country, or system of undesirable people, thoughts, or materials; also to cleanse oneself of unwanted feelings.",The regime purged political dissidents from the civil service and replaced them with party loyalists.,/pɜːdʒ/,C1,cleanse | expel | eradicate | eliminate,retain | admit | recruit | reinstate,ማጽዳት | ማስወገድ | ማባረር | መደምሰስ
purify,verb,"To make something pure and clean by removing impurities, contaminants, or pollutants.",A multi-stage filtration system is installed to purify river water before it reaches households.,/ˈpjʊərɪfaɪ/,B2,cleanse | decontaminate | filter | sanitize,contaminate | pollute | defile | taint,ማጣራት | ማጽዳት | ንጹህ ማድረግ
purport,verb,"To claim, assert, or appear to be or do something, especially when there is doubt about the truth of the assertion.",The leaked email purports to show that executives knew about the safety flaw months before the recall.,/pəˈpɔːt/,C1,claim | profess | allege | pretend,disclaim | deny | refute,ይዘት ያለው መስሎ መታየት | ማስመሰል | ማስተጋባት | ይገባኛል ማለት
pyjamas,noun,"A set of loose-fitting clothes consisting of trousers and a top, worn specifically for sleeping in bed.","Before going to sleep, he washed his face and changed into warm flannel pyjamas.",/pəˈdʒɑːməz/,B1,sleepwear | nightwear | pajamas | nightclothes,,ፒጃማ | የመኝታ ልብስ
quartet,noun,A group of four musicians or singers performing together; also a musical composition arranged for four instruments or voices.,The string quartet received a standing ovation after their masterly performance at the concert hall.,/kwɔːˈtet/,B2,foursome | tetrad | ensemble of four,solo | duet | trio,አራትዮሽ | የአራት ተጫዋቾች ቡድን | አራት ሰው ያቀፈ ቡድን
queue,noun,"A line or sequence of people or vehicles waiting their turn to be served, enter, or move forward.",Commuters waited patiently in a long bus queue during the evening rush hour.,/kjuː/,B2,line | row | file | procession,,ሰልፍ | ረድፍ | ተራ
quilt,noun,"A thick bed covering made by stitching two layers of fabric with a soft, warm filling sandwiched in between.",She tucked herself under the warm handmade quilt as temperatures dropped below freezing outside.,/kwɪlt/,B2,bedspread | duvet | comforter | blanket,,የጥጥ ብርድ ልብስ | ኩዊልት | ወፍራም አልጋ ልብስ
quiver,verb,"To shake or tremble slightly with rapid movements, typically caused by fear, cold, or intense excitement.",His hands began to quiver with nervous excitement as he opened the envelope containing his exam results.,/ˈkwɪvə/,C1,tremble | shiver | shudder | vibrate,stay still | steady,መንቀጥቀጥ | መንቀጥቀጥ መያዝ | መርገብገብ
quiz,noun,"A short, informal test of knowledge, or an entertaining competition in which participants answer questions.","Every Friday morning, our history teacher gives a short quiz covering the weekly reading assignments.",/kwɪz/,B1,test | examination | trivia | questionnaire,,አጭር ፈተና | ጥያቄ እና መልስ | ምዘና
racket,noun,"A piece of sports equipment with an oval frame and strung mesh used for hitting balls in tennis, squash, or badminton; also a loud disturbing noise or an illicit enterprise.",She practiced her backhand swings with a new graphite tennis racket every afternoon.,/ˈrækɪt/,B2,racquet | paddle | uproar | din,silence | quiet | stillness,ራኬት (የቴኒስ መምቻ) | ጩኸት | ህገ-ወጥ ድርጊት
radiance,noun,"A warm, glowing, brilliant light; also an expression of visible joy, health, or radiant beauty.",Her face beamed with sheer radiance as she accepted the prestigious literary prize.,/ˈreɪdiəns/,C1,brilliance | glow | luminosity | brightness,darkness | gloom | dullness,ብርሃን | አንጸባራቂነት | ድምቀት | ሞገስ
radius,noun,"A straight line extending from the center of a circle or sphere to its circumference, or a circular area surrounding a central point within a given distance.",Several grocery stores and cafés are located within a one-mile radius of the residential complex.,/ˈreɪdiəs/,B2,range | reach | span | distance,diameter | circumference,ሬዲየስ | ራዲየስ | ግማሽ ዲያሜትር | ዙሪያ
raft,noun,"A flat floating structure made of logs, planks, or inflatable material, used for transport across water or recreational floating.",The survival team lashed wooden logs together to build a sturdy raft to cross the wide river.,/rɑːft/,B2,float | dinghy | flatboat | pontoon,,ጀልባ መሰል መንሳፈፊያ | ራፍት | ታንኳ
ragged,adj,"Torn, frayed, worn into tatters, or having an uneven, jagged, or rough surface or finish.","After hiking through dense brambles, his trousers were torn and looked completely ragged.",/ˈræɡɪd/,B2,tattered | frayed | torn | shaggy,neat | smooth | pristine | tidy,የተበጫጨቀ | ያረጀ | ቡትቶ | ያልተስተካከለ
ramble,verb,"To walk for pleasure without a definite destination in the countryside; also to talk or write in a disjointed, wandering manner at length.","During our vacation in the countryside, we loved to ramble along quiet country footpaths and streams.",/ˈræmbl/,C1,wander | stroll | roam | maunder,rush | linger | stay,መዘዋወር | መዞር | ያለ አላማ መጓዝ | ወሬ ማብዛት
rash,noun,"A temporary outbreak of red, itchy spots or patches on the skin resulting from irritation, allergy, or disease.",Touching poison ivy caused an intensely itchy red rash to spread across his forearms.,/ræʃ/,B2,skin eruption | hives | outbreak | eruption,,ሽፍታ | አለርጂክ ሽፍታ | የቆዳ ሽፍታ
rave,verb,To talk or write about someone or something with intense enthusiasm and admiration; also to speak wildly or incoherently.,Critics continue to rave about the actor's emotionally captivating performance in the newly released drama.,/reɪv/,C1,praise | acclaim | enthuse | applaud,criticize | condemn | disparage | censure,ማድነቅ | በከፍተኛ ሁኔታ ማመስገን | ማጓራት | ማበድ
razor,noun,"A sharp-edged instrument or appliance equipped with one or more cutting blades, used for shaving hair from the face or body.",He replaced the dull blade on his razor before beginning to shave his beard.,/ˈreɪzə/,B2,shaver | safety razor | blade | electric razor,,ምላጭ | ሬዘር | መላጫ
reap,verb,"To cut and collect a grain crop, or to obtain a benefit or consequence as a result of one's own efforts.",Farmers worked from dawn until dusk to reap the wheat before the autumn rains arrived.,/riːp/,B2,harvest | gather | garner | obtain,sow | plant,ማጨድ | መሰብሰብ | ማግኘት
rebound,verb,"To bounce back after striking a hard surface, or to recover in value, strength, or condition after a decline.",The national economy began to rebound following two consecutive years of deep recession.,/rɪˈbaʊnd/,B2,bounce back | recover | rally | ricochet,decline | deteriorate | crash,ተመልሶ መወንጨፍ | ማገገም | ማንሰራራት
recede,verb,To move back or farther away from a previous position; to gradually diminish or decrease in intensity.,The floodwaters began to recede slowly after the heavy torrential downpours stopped.,/rɪˈsiːd/,C1,retreat | withdraw | subside | ebb,advance | approach | surge,ወደ ኋላ ማፈግፈግ | መቀነስ | ማሽቆልቆል
receptive,adj,"Willing to consider or accept new suggestions, ideas, or influences.",The management committee was receptive to the creative proposals presented by the junior team.,/rɪˈsɛptɪv/,C1,open-minded | amenable | responsive | welcoming,unreceptive | resistant | hostile,ለመቀበል ፈቃደኛ | አዳማጭ | ክፍት አእምሮ ያለው
receptor,noun,"A specialized sensory nerve ending or cell that responds to physical or chemical stimuli such as light, sound, or heat.",Chemoreceptors on the tongue detect dissolved molecules and transmit taste signals to the brain.,/rɪˈsɛptər/,C2,sensor | nerve ending | receiver,,ተቀባይ ሕዋስ | ህዋሳዊ ተቀባይ
recess,noun,"A temporary break or suspension of work in formal proceedings such as parliament, court, or school.",Parliament went into summer recess following a tense late-night debate on the budget.,/rɪˈsɛs/,B2,break | intermission | adjournment | hiatus,continuation | session,የእረፍት ጊዜ | እረፍት | የግብር ዕረፍት | ጉድጓዳ ቦታ
reciprocal,adj,"Given, felt, or done in return; mutually binding or corresponding between two individuals or parties.",The neighboring countries signed a reciprocal trade agreement granting visa-free travel for citizens.,/rɪˈsɪprəkl/,C1,mutual | complementary | shared | bilateral,unilateral | one-sided,የጋራ | እርስ በርስ የሚደረግ | ተመጣጣኝ
redeem,verb,"To compensate for faults or past failures, or to exchange a coupon, voucher, or token for goods or cash.",He hoped that years of devoted charitable service would redeem his reputation.,/rɪˈdiːm/,B2,compensate | reclaim | atone for | vindicate,ruin | forfeit | abandon,መቤዠት | ማካካስ | መልሶ መውሰድ | ስህተትን ማረም
redemption,noun,"The act of saving or being saved from sin, error, or destruction; the recovery of something pledged or forfeited.",The dramatic novel portrays the troubled protagonist's long journey toward redemption.,/rɪˈdɛmpʃn/,C1,salvation | deliverance | atonement | reclamation,damnation | condemnation | forfeiture,መዳን | ቤዛነት | ስርየት | መካካስ
reed,noun,"A tall, slender grass-like wetland plant, or a thin strip of material that vibrates to produce sound in woodwind instruments.",Water birds constructed safe nests concealed within the thick reeds along the riverbank.,/riːd/,B2,cane | rush | stalk | wetland plant,,ሸንበቆ | ቄጤማ
reflex,noun,"An automatic, involuntary, and rapid physical reaction to an external stimulus.",A quick reflex helped the goalkeeper parry the penalty kick away from the goal.,/ˈriːflɛks/,B2,reaction | impulse | instinct | automatic response,deliberate action | conscious choice,ያለፍላጎት የሚደረግ ፈጣን ምላሽ | ግብረመልስ | ቅፅበታዊ ምላሽ
refrain,verb,"To stop or withhold oneself from doing, saying, or participating in something.",Passengers are kindly requested to refrain from using mobile phones during takeoff.,/rɪˈfreɪn/,C1,abstain | desist | forbear | withhold,indulge | partake | persist,መታቀብ | መከልከል | መተው
refund,noun,"A repayment of money, typically provided to a dissatisfied customer or after an overpayment.",The retail store issued a full refund when the purchased appliance malfunctioned immediately.,/ˈriːfʌnd/,B1,reimbursement | rebate | repayment | return,charge | fine | payment,የገንዘብ ተመላሽ | ተመላሽ ገንዘብ
refurbish,verb,"To renovate, redecorate, or overhaul something to restore it to good condition or a new look.",The municipal council allocated funds to refurbish the crumbling public library.,/ˌriːˈfɜːrbɪʃ/,C1,renovate | restore | revamp | recondition,dilapidate | neglect | demolish,ማደስ | ማደስና ማሻሻል | ማሳመር
regenerate,verb,"To regrow, renew, or revitalize something that has been lost, damaged, or decayed.",Certain species of lizards can regenerate their tails if they are caught by predators.,/rɪˈdʒɛnəreɪt/,C1,revitalize | renew | regrow | restore,degenerate | decay | deteriorate,ማደስ | እንደገና ማፍራት | ማነቃቃት | ማገገም
registry,noun,"An official repository or office where records, lists, and certificates are systematically kept.",The newlyweds registered their civil marriage certificate at the district registry.,/ˈrɛdʒɪstri/,B2,archive | register | repository | record office,,መዝገብ ቤት | የምዝገባ ቢሮ | የመዝገብ ክፍል
reimburse,verb,To pay back an amount of money that someone has spent or lost on behalf of an organization.,The university promised to reimburse researchers for travel and lodging expenses.,/ˌriːɪmˈbɜːrs/,C1,repay | refund | compensate | indemnify,charge | bill | fine,መካስ | መልሶ መክፈል | ማካካስ
reinstate,verb,"To restore a person or thing to a previous position, title, employment, or condition.",The tribunal ordered the company to reinstate the unfairly dismissed union leader.,/ˌriːɪnˈsteɪt/,C1,restore | re-establish | reappoint | return,dismiss | oust | depose,ወደ ነበረበት መመለስ | እንደገና መሾም | ወደ ስራ መመለስ
reiterate,verb,"To state or express something again, often several times, to emphasize its importance or clarity.","The health minister reiterated that vaccines remain safe, tested, and highly effective.",/riˈɪtəreɪt/,C1,repeat | restate | emphasize | recapitulate,retract | rescind | withdraw,ደጋግሞ መናገር | ደጋግሞ መግለጽ | ማረጋገጥ
relegate,verb,"To assign an inferior rank, position, or division to someone or something.",Finishing at the bottom of the league will relegate the football team to the lower division.,/ˈrɛlɪɡeɪt/,C1,demote | downgrade | lower | banish,promote | elevate | upgrade,ደረጃ ዝቅ ማድረግ | ማውረድ | ማግለል
relic,noun,"An object, tradition, or system surviving from a past era, especially one prized for historical or religious significance.",The ancient monastery preserved a revered religious relic dating back to the fourth century.,/ˈrɛlɪk/,C1,artifact | remnant | antique | keepsake,novelty | modern invention,የጥንት ቅርስ | ታሪካዊ ቅርስ | ቅሪት
relinquish,verb,"To voluntarily surrender, abandon, or let go of a right, possession, or position of authority.","Under intense diplomatic pressure, the military junta agreed to relinquish control to a civilian cabinet.",/rɪˈlɪŋkwɪʃ/,C1,surrender | renounce | cede | forgo,retain | keep | claim,መልቀቅ | መተው | አሳልፎ መስጠት
remnant,noun,"A small surviving or remaining portion, trace, or fragment of something that was previously larger.",Archaeologists unearthed the remnants of ancient city walls beneath the modern foundation.,/ˈrɛmnənt/,C1,residue | remainder | leftover | fragment,whole | bulk | entirety,ቅሪት | ተራፊ | ትራፊ | የተረፈ ነገር
renounce,verb,"To formally or publicly declare that one gives up a claim, belief, allegiance, or habit.",The prince chose to renounce his right of succession in order to marry a commoner.,/rɪˈnaʊns/,C1,relinquish | repudiate | disown | abandon,claim | embrace | uphold,መካድ | መተው | መካድና መተው
repeal,verb,"To revoke, annul, or officially withdraw an existing law, statute, or parliamentary act.",Parliament voted by a narrow majority to repeal the archaic censorship law.,/rɪˈpiːl/,C1,revoke | annul | rescind | abolish,enact | establish | pass,መሻር | ማስቀረት | ማፍረስ
repel,verb,"To drive back or ward off an attacking enemy, or to cause feelings of deep disgust or aversion.",The fortress defenders successfully managed to repel multiple assaults throughout the night.,/rɪˈpɛl/,C1,drive away | repulse | ward off | fend off,attract | welcome | draw,መመከት | ማባረር | መግፋት | ማሸሽ
repertoire,noun,"The complete set of musical pieces, theatrical works, or skills that a performer or group can perform.",The orchestra expanded its classical repertoire to include contemporary film scores.,/ˈrɛpərtwɑːr/,C1,collection | stock | catalog | range,,የችሎታ ክምችት | የትዕይንት ስብስቦች | የሙዚቃ/ድራማ ዝግጅት ዝርዝር
resilience,noun,"The ability to recover quickly from difficult conditions, adversity, illness, or physical strain.",The affected community displayed remarkable resilience while reconstructing their homes after the typhoon.,/rɪˈzɪliəns/,C1,toughness | endurance | elasticity | fortitude,fragility | vulnerability | weakness,የመቋቋም አቅም | ጽናት | በፍጥነት የማገገም ብቃት
resonance,noun,"The quality of sound being deep, full, and reverberating, or the power of an idea to evoke an emotional response.",The emotional resonance of the veteran's speech moved many members of the audience to tears.,/ˈrɛzənəns/,C1,reverberation | echo | depth | significance,shallowness | faintness,ማስተጋባት | የድምፅ ማስተጋባት | ጥልቅ ስሜት ቀስቃሽነት
respirator,noun,"A protective mask worn over the mouth and nose to prevent inhalation of harmful fumes, or a mechanical device aiding ventilation.",Industrial workers must wear an approved respirator when spraying volatile chemicals.,/ˈrɛspəreɪtər/,B2,breathing mask | ventilator | breathing apparatus,,የመተንፈሻ መሣሪያ | የትንፋሽ ማስክ | ሰው ሠራሽ መተንፈሻ
retard,verb,"To delay, slow down, or impede the normal development, progress, or occurrence of something.",A severe lack of vital nutrients can significantly retard the physical growth of children.,/rɪˈtɑːrd/,C2,delay | impede | hinder | decelerate,accelerate | advance | facilitate,ማዘግየት | ማደናቀፍ | ማጓተት
retort,verb,"To respond quickly and sharply to a remark, accusation, or insult with a witty or defensive answer.",He retorted quickly before storming out of the contentious meeting.,/rɪˈtɔːrt/,C1,reply | rejoin | counter | answer back,agree | concede | assent,ፈጣን ምላሽ መስጠት | ማስተባበል | በአጭሩ መልስ መስጠት
revel,verb,"To take great pleasure, delight, or enjoyment in an experience; to participate in lively celebrations.",Fans poured into the city square to revel in their team's sensational cup victory.,/ˈrɛvl/,C1,delight | celebrate | bask | relish,grieve | mourn | lament,ደስ መሰኘት | መደሰት | በደስታ መፈንደቅ | ማክበር
reverend,noun,"A member of the Christian clergy, often used formally as an ecclesiastical title or form of address.",The local reverend conducted the wedding ceremony and delivered an encouraging blessing.,/ˈrɛvərənd/,B2,clergyman | minister | pastor | priest,layman | layperson,ቄስ | ቄስ/አገልጋይ | መጋቢ
revert,verb,"To return to a former habit, practice, state, condition, or topic of discussion.","Following the unexpected server reboot, the application software reverted to its default configuration.",/rɪˈvɜːrt/,C1,return | regress | relapse | backslide,progress | advance | develop,መመለስ | ወደ ቀድሞ ሁኔታው መመለስ | ማፈግፈግ
rhyme,noun,"A repetition of similar sounding syllables, especially at the ends of corresponding lines in poetry or lyrics.",The nursery teacher taught the toddlers a simple bedtime rhyme about the stars.,/raɪm/,B1,verse | poem | poetic cadence | assonance,,ቤት መምታት | ስንኝ | የመጨረሻ ቃል ዜማ
riddle,noun,"A mystifying, puzzling question or statement phrased as a conundrum to test ingenuity.",The children spent the afternoon trying to solve clever riddles from the storybook.,/ˈrɪdl/,B2,puzzle | enigma | conundrum | mystery,solution | explanation | answer,እንቆቅልሽ | ጥያቄ
robin,noun,"A small woodland songbird characterized by a reddish-orange chest, brownish feathers, and an upright posture.",A European robin landed on the garden spade to search the freshly turned soil for worms.,/ˈrɒbɪn/,B2,redbreast | songbird,,ቀይ ደረት ወፍ | ሮቢን ወፍ
rogue,noun,"A dishonest, untrustworthy, or unprincipled person; also an animal or entity behaving unpredictably outside normal bounds.",Detectives discovered that a rogue officer had leaked confidential surveillance files to the press.,/roʊɡ/,C1,scoundrel | rascal | villain | fraud,paragon | saint | law-abider,አጭበርባሪ | ባለጌ | ዘራፊ | አስመሳይ
rouge,noun,A cosmetic powder or creamy paste applied to the cheeks to give them a reddish or warm color.,She delicately swept a touch of red rouge across her cheeks before the photography session.,/ruːʒ/,C2,blush | blusher | cosmetic,,የጉንጭ ቀለም | ጉንጭ መቀቢያ | ሩዥ
rouse,verb,"To awaken someone from deep sleep, or to stir someone to active emotion, excitement, or rebellion.",The general gave an impassioned speech to rouse the exhausted soldiers for the final offensive.,/raʊz/,C1,awaken | stir | incite | provoke,calm | soothe | pacify,ማንቃት | ማስነሳት | ማነሳሳት | ማነቃቃት
rubble,noun,"Rough, broken fragments of masonry, stone, or brick from collapsed or demolished structures.",Search and rescue squads sifted carefully through piles of concrete rubble following the tremor.,/ˈrʌbl/,B2,debris | wreckage | ruins | fragments,,ፍርስራሽ | ፍራሽ ድንጋይ | የፈረሰ ግድግዳ ስብርባሪ
rugby,noun,A contact sport played with an oval ball between two teams of fifteen or thirteen players using hands and feet.,He represented his university team in the national rugby championship each spring.,/ˈrʌɡbi/,B1,rugby football | rugger,,ራግቢ | የራግቢ ጨዋታ
rugged,adj,"Having an uneven, rocky, or jagged surface; tough, durable, and capable of withstanding rough conditions.",The four-wheel-drive vehicle handled the rugged mountain trails with remarkable ease.,/ˈrʌɡɪd/,B2,rough | rocky | jagged | durable,smooth | flat | delicate,አባጣ ጎባጣ | ሻካራ | ጠንካራ | ሸካራ
rustle,verb,"To make a soft, light, rapid sound like that of dry leaves, paper, or silk brushing together.",Dry autumn leaves rustled gently in the afternoon breeze across the orchard.,/ˈrʌsl/,B2,crackle | whisper | swish | murmur,,ሽውሽው ማለት | የቅጠል ማፏጨት | ዝርክርክ ድምፅ ማሰማት
sacrament,noun,A sacred religious rite or ordinance regarded as an outward and visible sign of spiritual divine grace.,"In Christian theology, baptism is recognized as an essential initial sacrament of faith.",/ˈsækrəmənt/,C1,rite | ritual | ordinance | holy mystery,sacrilege | profanity,ምስጢረ ቤተክርስቲያን | ቅዱስ ቁርባን | ሃይማኖታዊ ስነ-ስርዓት
sag,verb,"To sink, droop, or bend downwards in the middle under heavy weight, pressure, or fatigue.",The wooden beams began to sag dangerously under the immense weight of the winter snow.,/sæɡ/,C1,droop | sink | bend | decline,straighten | rise | soar,መጎበጥ | ዝቅ ማለት | መስመጥ | ማዘቅዘቅ
saga,noun,"A long, complex narrative story chronicling heroic exploits, notable historical events, or multi-generational family affairs.",The Icelandic saga recounts the heroic adventures of Norse voyagers across northern seas.,/ˈsɑːɡə/,C1,epic | chronicle | narrative | legend,,ረጅም ትረካ | ታሪክ | ጀብደኛ ታሪክ
sage,noun,A profoundly wise person known for sound judgment and profound experience; also an aromatic gray-green culinary herb.,Young philosophers frequently traveled to the distant monastery to consult the revered sage.,/seɪdʒ/,C1,wise person | philosopher | guru | savant,fool | simpleton | ignoramus,ጠቢብ | ሊቅ | አዋቂ
salient,adj,"Most noticeable, prominent, or conspicuous; standing out conspicuously from its surroundings.",The consultant outlined the salient features and potential risks of the business proposal.,/ˈseɪliənt/,C1,prominent | noticeable | conspicuous | pivotal,obscure | inconspicuous | insignificant,ጉልህ | ዋነኛ | በግልጽ የሚታይ | ዋና
saloon,noun,"A public bar, tavern, or lounge where alcoholic beverages are served, or a large public room on a passenger ship.",The travelers stepped into the warm saloon to order drinks after a long journey across the countryside.,/səˈluːn/,B2,bar | tavern | pub | lounge,,መጠጥ ቤት | አዳራሽ
salvage,verb,"To rescue or recover property, cargo, or materials from potential loss or destruction, such as from a shipwreck or fire.",Divers managed to salvage several valuable artifacts from the sunken eighteenth-century ship.,/ˈsælvɪdʒ/,B2,rescue | recover | retrieve | save,abandon | forfeit | lose,መታደግ | ማዳን | ማትረፍ
satin,noun,"A smooth, lustrous fabric with a glossy surface on one side and a dull back, typically woven from silk or synthetic fibers.",Her elegant evening gown was made of deep emerald satin that caught the light beautifully.,/ˈsætɪn/,B2,silk | glossy fabric | sateen,,የሐር ጨርቅ | ሳቲን
satire,noun,"The use of irony, humor, exaggeration, or ridicule to expose and criticize human folly, vice, or political shortcomings.",The popular comedy show relied on political satire to highlight government corruption and incompetence.,/ˈsætaɪər/,B2,parody | lampoon | ridicule | mockery,praise | tribute | flattery,ስላቅ | ምጸት | አሽሙር
savour,verb,"To taste, enjoy, or relish an experience, food, or aroma slowly and with great appreciation.","He closed his eyes to savour the rich, creamy texture and distinct aroma of the artisanal cheese.",/ˈseɪvər/,C1,relish | enjoy | appreciate | delight in,dislike | abhor,ማጣጣም | መደሰት | ማድነቅ
scalp,noun,"The layer of skin covering the human cranium, typically bearing the hair of the head.",Massaging the scalp gently stimulates blood circulation and helps relieve tension headaches.,/skælp/,B2,cranium skin | head skin,,የራስ ቆዳ
scant,adj,"Barely sufficient in amount, quantity, or degree; limited or meager.",The prosecution had to proceed with scant physical evidence linking the suspect to the crime scene.,/skænt/,C1,meager | scarce | limited | insufficient,abundant | plentiful | ample,አነስተኛ | ጥቂት | እምብዛም ያልሆነ
scarlet,adj,"Of a brilliant, vivid red color, sometimes with a slight orange tint.",The queen wore a magnificent scarlet robe trimmed with white fur during the official ceremony.,/ˈskɑːrlət/,B2,crimson | bright red | vermilion | ruby,,ደማቅ ቀይ | ጽጌሬዳዊ ቀይ
schizophrenic,adj,"Relating to, affected by, or characteristic of schizophrenia, a severe mental illness marked by delusions and altered perception of reality.",The medical clinic specializes in providing long-term psychiatric care and medication for schizophrenic patients.,/ˌskɪtsəˈfrɛnɪk/,C2,psychotic | delusional | mentally disordered,sane | lucid | coherent,የስኪዞፍሬኒያ በሽታ ያለበት | አእምሮው የተረበሸ
scissors,noun,A cutting instrument consisting of two pivoted blades that slide against each other when handles are closed.,She picked up a sharp pair of scissors to cut the wrapping paper into neat rectangles.,/ˈsɪzərz/,B1,shears | clippers | cutters,,መቀስ
scorn,noun,"A feeling and expression of contempt, disdain, or belief that someone or something is entirely worthless.",The ambitious proposal was met with scorn and outright laughter by senior executives.,/skɔːrn/,B2,contempt | disdain | derision | mockery,respect | admiration | esteem,ንቀት | ማናቀስ | ፌዝ
scowl,verb,"To contract the brow in an angry, displeased, or sullen manner.",The librarian scowled at the noisy group of students until they lowered their voices.,/skaʊl/,B2,frown | glare | glower | grimace,smile | grin | beam,መኮሳተር | ፊት ማጨፍገግ | ማጉረምረም
screech,verb,"To emit a harsh, shrill, high-pitched cry or sound.",The delivery van's brakes began to screech loudly as it came to an abrupt stop before the crosswalk.,/skriːtʃ/,B2,shriek | scream | squawk | squeal,whisper | murmur,ማንቧረቅ | መጮህ | ማጓራት
scribble,verb,"To write or draw something in a hurried, careless, or messy manner.",She hurried to scribble down the professor's email address in the margin of her notebook.,/ˈskrɪbəl/,B2,scrawl | jot | doodle | jot down,,መጫርጣር | በችኮላ መጻፍ
scroll,noun,"A roll of parchment, papyrus, or paper, often with writing or ornamental painting inscribed upon it.",Archaeologists unrolled the ancient papyrus scroll with extreme care to prevent the brittle fibers from tearing.,/skroʊl/,B2,roll | parchment | manuscript | document,,ጥቅልል ብራና | ጥቅል ወረቀት
secrecy,noun,"The state of being kept hidden or secret, or the practice of maintaining confidentiality.",The government insisted on complete secrecy regarding the covert diplomatic negotiations underway.,/ˈsiːkrəsi/,B2,confidentiality | concealment | privacy | stealth,openness | transparency | publicity,ምስጢራዊነት | ድብቅነት
secrete,verb,"To produce and discharge a chemical substance, typically by a gland or cell within a living organism.",The endocrine glands secrete essential hormones directly into the bloodstream to regulate metabolism.,/sɪˈkriːt/,C1,produce | discharge | emit | exude,absorb | ingest,ማመንጨት | ማፍሰስ
seep,verb,To pass or leak slowly and gradually through tiny pores or crevices.,Ground moisture began to seep through the basement walls following days of torrential rainfall.,/siːp/,C1,ooze | trickle | leak | percolate,gush | pour | flood,መንጠባጠብ | መስረግ | መዝለቅ
seizure,noun,"The forcible taking of property or persons by legal authority, or a sudden surge of electrical activity in the brain causing physical convulsions.",The border authorities announced a massive seizure of counterfeit currency and smuggled contraband.,/ˈsiːʒər/,B2,confiscation | capture | fit | convulsion,release | surrender | restitution,መውረስ | መያዝ | የሚጥል በሽታ መነሳት
sensory,adj,Pertaining to the senses or the biological transmission of physical sensations to the nervous system.,The newborn clinic conducts comprehensive sensory tests to evaluate infant hearing and vision development.,/ˈsɛnsəri/,B2,sensorial | perceptual | receptive | tactile,,የስሜት ሕዋሳት | የስሜት
sensual,adj,"Relating to or gratifying physical, bodily desires and senses, especially relating to sexual gratification.","The dimly lit restaurant provided a sensual atmosphere with smooth jazz, candlelight, and delectable dishes.",/ˈsɛnʃuəl/,C1,carnal | physical | voluptuous | passionate,spiritual | ascetic | intellectual,ሥጋዊ | የስሜት እርካታን የሚሰጥ
serene,adj,"Untroubled, tranquil, calm, and free from turmoil or agitation.","Looking out over the calm, serene lake at daybreak brought her a profound sense of inner peace.",/səˈriːn/,B2,tranquil | calm | peaceful | placid,agitated | turbulent | stormy | anxious,ፀጥ ያለ | ሰላማዊ | እርጋታ የተሞላበት
sewer,noun,An underground network of conduits and pipes designed to carry off wastewater and refuse.,City engineers were deployed to clear an obstruction in the underground sewer before wastewater backed up.,/ˈsuːər/,B2,drain | cesspool | conduit | gutter,,የፍሳሽ ማስወገጃ | የቆሻሻ መውረጃ ቦይ
shear,verb,"To cut the wool or hair off an animal or person, or to cut something using a sharp bladed tool.",Farmhands gather every spring to shear the heavy wool coats from hundreds of sheep.,/ʃɪər/,B2,clip | trim | shave | fleece,,መሸለት | መከርከም | መቁረጥ
sherry,noun,"A fortified wine of Spanish origin, amber or dark in color, typically consumed as an aperitif or dessert wine.","Before dinner was served, the gracious hostess offered each guest a crystal glass of dry sherry.",/ˈʃɛri/,C1,fortified wine | aperitif,,ሼሪ (የወይን ጠጅ ዓይነት)
shimmer,verb,"To shine with a subdued, soft, flickering, or wavering light.",The turquoise waters of the lagoon seemed to shimmer brightly under the midday tropical sun.,/ˈʃɪmər/,B2,glisten | glimmer | twinkle | sparkle,,ብልጭልጭ ማለት | ማንጸባረቅ
shortcoming,noun,"A flaw, fault, or deficiency in someone's character, ability, or a system's functionality.","Despite a few minor shortcomings, the new organizational policy vastly improved employee morale.",/ˈʃɔːrtkʌmɪŋ/,B2,flaw | defect | weakness | inadequacy,strength | asset | virtue,ጉድለት | ድክመት | እክል
shovel,noun,"A hand tool with a broad, flat or scooped blade attached to a long handle, used for digging or lifting loose materials.",He cleared the heavy winter snow from the walkways using a sturdy metal shovel.,/ˈʃʌvəl/,B1,spade | scoop | trowel,,አካፋ
shrewd,adj,"Having or showing keen mental discernment, astute judgment, and practical insight.","Thanks to her shrewd business acumen, the startup negotiated favorable terms with international suppliers.",/ʃruːd/,B2,astute | sharp | clever | insightful,naive | foolish | obtuse,ብልህ | አርቆ አሳቢ | አስተዋይ
shriek,verb,"To utter a piercing, high-pitched scream or shout, especially in sudden fear, pain, or excitement.",She shrieked loudly when she walked into the darkened shed and saw a bat flying toward her.,/ʃriːk/,B2,scream | screech | squeal | yell,whisper | murmur,ማንቧረቅ | መጮህ | አምርሮ መጮህ
shroud,noun,"A cloth used to wrap a dead body for burial, or something that covers or conceals something else from view.","A heavy shroud of gray mist descended over the valley, completely obscuring the mountain peaks.",/ʃraʊd/,C1,covering | veil | blanket | cloak,,ከፈን | መሸፈኛ | መጋረጃ
shutter,noun,"A hinged panel or screen fitted to a window, closed to protect against weather, provide security, or block light.",They firmly secured each exterior shutter across the windows before the hurricane reached the coastline.,/ˈʃʌtər/,B2,blind | screen | shade | louvre,,የመስኮት መዝጊያ | ሻተር
sic,adv,Placed in brackets within quoted text to indicate that an error or unusual usage reproduces the original source exactly.,"The letter read, 'The comitee [sic] has decided to postpone the vote until next Monday.'",/sɪk/,C2,thus | verbatim | as written,,እንደተጻፈው (በዋናው ጽሑፍ እንዳለው)
sideline,noun,"A secondary activity or line of business pursued alongside one's regular occupation, or the boundary line of a sports pitch.","While working as a schoolteacher, he earned extra income through a weekend sideline in furniture repair.",/ˈsaɪdlaɪn/,B2,side business | side gig | secondary occupation | hobby,primary job | main occupation,ተጓዳኝ ሥራ | ተጨማሪ ሥራ | የሜዳ ዳርቻ መስመር
sift,verb,"To pass a fine powder or material through a sieve to remove lumps, or to examine information or evidence in thorough detail.",Investigators had to sift through hundreds of witness statements to reconstruct what actually happened.,/sɪft/,B2,sieve | filter | strain | examine,,መንፋት | ማጣራት | ማበጠር
silhouette,noun,"The dark outline or shape of a person or object seen against a lighter, brighter background.",We could see the distinct silhouette of a lone hawk perched high upon the barren tree branch.,/ˌsɪluˈɛt/,B2,outline | shadow | profile | contour,,ጥላ ምስል | ቅርጽ | ገጽታ
sinister,adj,"Suggesting or threatening evil, danger, malice, or harm.","A sinister figure stepped out from the shadowy alley, causing the nervous pedestrian to quicken her pace.",/ˈsɪnɪstər/,B2,menacing | threatening | ominous | foreboding,innocent | benign | auspicious | benevolent,ክፉ | አስፈሪ | አደገኛ | ክፉ አሳቢ
siren,noun,"A device that generates a loud, prolonged warning signal, typically used by emergency services or in factories.",Residents rushed to find shelter upon hearing the emergency warning siren announce an approaching tornado.,/ˈsaɪrən/,B2,alarm | horn | hooter | warning signal,,ማስጠንቀቂያ ደወል | ጥሩምባ | ሳይረን
skim,verb,"To remove a floating substance from the surface of a liquid, or to read through a written text rapidly to grasp main ideas.",The student skimmed the introductory chapter before attending the lecture to get an overview of the subject.,/skɪm/,B2,scan | browse | glance over | cream off,scrutinize | pore over,ላይ ላዩን ማንበብ | ከላይ ማንሳት | ማጣራት
skinny,adj,"Very thin or lean, especially to the point of appearing underweight or frail.","As a growing adolescent boy, he was tall and skinny, always outgrowing his pants.",/ˈskɪni/,B1,thin | slender | lean | scrawny,fat | plump | chubby | obese,ቀጭን | ሰስ ያለ | ከሲታ
slay,verb,"To kill violently, intentionally, or in a mythological battle; or informally, to amuse or impress someone greatly.","In classical mythology, Perseus was sent on a deadly quest to slay the monstrous Gorgon Medusa.",/sleɪ/,B2,kill | murder | slaughter | execute,spare | revive | save,መግደል | ማረድ | ማጥፋት
sleek,adj,"Having a smooth, glossy surface or a streamlined, elegant, and stylish shape.",The modern luxury yacht featured sleek lines and polished teak decks that turned heads in the harbor.,/sliːk/,B2,smooth | glossy | streamlined | polished,rough | coarse | dull | scruffy,ለስላሳ | የሚያንጸባርቅ | የተስተካከለ
sling,noun,"A flexible supportive bandage looped around the neck to immobilize an injured arm, or a strap device used for throwing projectiles.",The doctor placed his fractured arm in a supportive sling and advised him to rest for four weeks.,/slɪŋ/,B2,bandage | strap | support | sling-shot,,ወንጭፍ | የእጅ አንጠልጣይ ማሰሪያ
slipper,noun,"A light, comfortable, and soft slip-on shoe designed primarily for indoor wear.",He took off his muddy boots at the front entrance and slipped his feet into soft fleece slippers.,/ˈslɪpər/,B1,house shoe | mule | moccasin | slip-on,,የቤት ጫማ | ፓንቶፍል
slippery,adj,"Smooth, wet, or polished so as to cause slipping or to be difficult to hold or stand upon.",Walk carefully across the wooden bridge because the damp planks become extremely slippery in the rain.,/ˈslɪpəri/,B1,slick | greasy | slithery | icy,rough | dry | coarse | tractional,የሚያንሸራትት | ሙልጭልጭ ያለ
slit,noun,"A long, straight, narrow cut or opening in a surface or material.",He peered through a tiny slit in the wooden fence to see what was causing the commotion outside.,/slɪt/,B2,opening | cut | incision | tear,,ስንጥቅ | ቀዳዳ | ቅዳጅ
slop,noun,"Spilled liquid, wet mud, or unappetizing watery semi-solid food, especially that fed to livestock.",The farm worker carried a large bucket of kitchen slop out to feed the pigs in the pen.,/slɑːp/,C1,sludge | muck | slush | swill,,የፈሳሽ ቆሻሻ | ጭቃ | አተላ
slug,noun,"A slow-crawling terrestrial gastropod mollusk lacking an external shell, or a heavy piece of metal such as a bullet.","Moisture attracted dozens of hungry slugs to the vegetable garden overnight, damaging the cabbage leaves.",/slʌɡ/,B2,gastropod | snail-like creature | bullet,,ቀንድ አውጣ መሰል ትል (ያለ ቅርፊት) | ጥይት
slum,noun,"An overcrowded, squalid, and impoverished urban area characterized by dilapidated housing and poor sanitation.",City planners are working with international donors to bring clean drinking water to residents in the slum.,/slʌm/,B1,shantytown | ghetto | squalor | informal settlement,wealthy district | affluent neighborhood,የድሆች መንደር | ጎስቋላ ሰፈር
sly,adj,"Having or exhibiting a cunning, deceitful, or scheming character, often acting secretly or stealthily.","The sly fox crept quietly along the perimeter of the farm fence, waiting for the guard dog to fall asleep.",/slaɪ/,B2,cunning | crafty | devious | wily,honest | straightforward | candid | ingenuous,ተንኮለኛ | ብልጣብልጥ | ሸንጋይ
snag,noun,"An unexpected problem, impediment, or catch; or a sharp or jagged projection that catches on something.",The negotiations were proceeding smoothly until they hit a major legal snag regarding intellectual property rights.,/snæɡ/,C1,obstacle | hitch | impediment | drawback,advantage | aid | assistance,ያልተጠበቀ እንቅፋት | ዕንቅፋት | መሰናክል
snarl,verb,"To make an aggressive growling sound while baring the teeth; or to speak in a sharp, bad-tempered tone.",The stray dog backed into a corner and began to snarl aggressively at the approaching animal control officers.,/snɑːrl/,C1,growl | snap | bark | grimace,smile | purr,ጥርሱን አግጦ ማጓራት | ማጉረምረም | በቁጣ መናገር
snipe,verb,"To shoot at someone from a hidden position; or to make covert, petty, and spiteful criticisms.",Disgruntled party members continued to snipe at the newly elected committee chairman throughout the conference.,/snaɪp/,C1,criticize | take potshots | carp | attack,praise | compliment | commend,ከድብቅ ቦታ መተኮስ | በስውር መንቀፍ | ጥቃት መሰንዘር
snort,verb,"To make a sudden, loud sound by forcing breath violently through the nose, frequently expressing disdain or amusement.",He snorted with laughter when his colleague suggested working through the weekend without pay.,/snɔːrt/,B2,scoff | huff | sneer | chuckle,,በአፍንጫ መንፋት | ማፈናጠር | በንቀት መሳቅ
soda,noun,"A sweet carbonated soft drink, or carbonated effervescent water used on its own or as a mixer.",She quenched her thirst with an ice-cold can of lemon soda after running five miles.,/ˈsoʊdə/,B1,soft drink | carbonated beverage | pop | fizzy drink,,ለስላሳ መጠጥ | ሶዳ
solicit,verb,"To ask someone earnestly, urgently, or formally for something, such as money, advice, or assistance.",Volunteers went door to door across the neighborhood to solicit charitable contributions for the relief fund.,/səˈlɪsɪt/,C1,request | seek | petition | implore,refuse | grant | reject,መለመን | መጠየቅ | ማግባባት | እርዳታ መሻት
solvent,adj,Possessing enough financial resources and assets to pay all debts and meet required financial obligations.,The restructuring plan ensured that the regional airline remained solvent throughout the travel slump.,/ˈsɑːlvənt/,C1,financially sound | creditworthy | viable | stable,insolvent | bankrupt | broke,ዕዳን መክፈል የሚችል | የገንዘብ አቅም ያለው
sophistication,noun,"The quality of having refined taste, cosmopolitan experience, or advanced intellectual or technological complexity.",The sophistication of the latest cybersecurity algorithms allows them to detect subtle network anomalies in real time.,/səˌfɪstɪˈkeɪʃn/,C1,refinement | elegance | complexity | cultivation,simplicity | naivety | crudeness,ረቂቅነት | ስልጡንነት | ውስብስብነት | ልህቀት
souvenir,noun,"An object kept or purchased as a reminder of a place visited, an occasion, or a notable event.",He brought home a handcrafted ceramic mug as a souvenir of his travels across the countryside.,/ˌsuːvəˈnɪər/,B2,memento | keepsake | token | reminder,,የመታሰቢያ ዕቃ | ማስታወሻ
sparse,adj,"Thinly dispersed, thinly scattered, or existing in small quantities or numbers.",Population distribution in the remote northern desert is remarkably sparse due to harsh weather conditions.,/spɑːrs/,C1,scant | scattered | meager | sporadic,dense | abundant | plentiful | thick,ስስ | ጥቂት | እዚህና እዚያ የተበተነ
spectre,noun,"A haunting ghost or phantom; or an unpleasant, dangerous prospect that causes widespread fear or anxiety.",The spectre of persistent inflation continued to trouble economic planners and central bankers throughout the year.,/ˈspɛktər/,C1,phantom | ghost | apparition | menace,reality | actuality,መንፈስ | አስፈሪ ጥላ | ስጋት
sperm,noun,The mature reproductive cell of a male animal that unites with an ovum to fertilize an egg; or semen.,The specialized fertility laboratory examined the viability and motility of the sperm sample under a microscope.,/spɜːrm/,B2,spermatozoon | semen | seed,,የወንድ ዘር | የዘር ፈሳሽ
splinter,noun,"A small, thin, sharp piece of wood, glass, bone, or other hard material broken off from a larger body.",She winced when a tiny wooden splinter lodged deeply under her fingernail while handling unpolished timber.,/ˈsplɪntər/,B2,sliver | shard | fragment | chip,,ስባሪ | ሸንተረር | ቅርፊት
sponge,noun,"A piece of light, absorbent, porous material used for cleaning, bathing, or absorbing liquids.",He used a moist soapy sponge to wipe away the oil smudges left on the car windshield.,/spʌndʒ/,B1,absorber | swab | foam pad,,ሰፍነግ | ስፖንጅ
spreadsheet,noun,An interactive computer software application or digital grid of rows and columns used for organizing and calculating data.,The accountant entered the quarterly sales figures into a financial spreadsheet to analyze profit trends.,/ˈsprɛdʃiːt/,B2,worksheet | table | ledger | data sheet,,የስሌት ሰንጠረዥ | ስፕሬድሺት
squadron,noun,"An operational military unit consisting of a number of military aircraft, naval vessels, or armored fighting vehicles.",A fighter squadron took off from the aircraft carrier deck at dawn to patrol the disputed maritime airspace.,/ˈskwɑːdrən/,C1,unit | flotilla | battalion | formation,,የአውሮፕላን ወይም የመርከብ ጦር ቡድን | ወታደራዊ ክፍል
squeak,verb,"To emit a short, high-pitched shrill cry or noise, often caused by mechanical friction or fright.",The rusty hinges on the heavy cellar door began to squeak loudly whenever anyone opened it.,/skwiːk/,B2,peep | chirp | creak | squeal,,ማጭጨት | ቀጭን ድምፅ ማሰማት | መጮኽ
squint,verb,"To look at something with eyes partially closed, typically to sharpen focus or reduce the glare of strong light.",He had to squint in the glaring midday sunlight to decipher the faint street sign across the boulevard.,/skwɪnt/,B2,peer | blink | peek | screw up one's eyes,,አይነ-ጭፍግግ ብሎ ማየት | አይንን አጣብቦ ማየት
squirrel,noun,"An agile, tree-dwelling rodent characterized by a long bushy tail and a diet primarily consisting of nuts and seeds.",A red squirrel leaped skillfully between the pine branches to hide nuts for the oncoming winter.,/ˈskwɜːrəl/,B1,tree rodent | sciurid,,ቄሮምቢ | ሽኮኮ
staple,noun,"A basic or principal item, feature, or element of commerce, diet, or production.","Teff, barley, and wheat serve as the essential agricultural staple for millions of rural farming families.",/ˈsteɪpəl/,B2,mainstay | essential | principal | basic,luxury | nonessential,ዋና ምግብ | መሠረታዊ ፍጆታ | ዋና አካል
stature,noun,"A person's natural standing height; or the level of high respect, prominence, and reputation achieved by someone.","Because of her decades of diplomatic service, she enjoyed immense stature on the global international stage.",/ˈstætʃər/,C1,reputation | prestige | standing | prominence,insignificance | obscurity | lowliness,ቁመት | ዝና | ክብር | ማዕረግ
steroid,noun,"Any of a class of biologically active organic compounds, including synthetic hormones taken to promote muscle growth or reduce inflammation.",The physician prescribed a short course of an oral steroid to alleviate the severe allergic reaction.,/ˈstɛrɔɪd/,B2,corticosteroid | hormone | anabolic agent,,ስቴሮይድ | የሆርሞን መድኃኒት | የጡንቻ ማጎልበቻ
stew,noun,"A hearty dish of meat, poultry, or vegetables cooked slowly together in liquid inside a covered pot.","The tantalizing aroma of simmering beef and root vegetable stew filled the warm, cozy kitchen.",/stuː/,B1,casserole | ragout | chowder | hotpot,,ወጥ | የተቀቀለ ምግብ
stifle,verb,"To suppress, smother, or restrain an action, sound, or feeling; or to impair respiration and cause suffocation.",Strict state censorship was deliberately implemented to stifle political dissent and independent journalism.,/ˈstaɪfəl/,C1,suppress | smother | repress | quash,encourage | stimulate | foster | release,ማፈን | ማጨናገፍ | ማዳከም | ማፈግፈግ
stipulate,verb,"To specify a condition, requirement, or clause as part of a formal contract, legal agreement, or treaty.",The lease contract stipulates that tenants must not sublet the premises without the landlord's prior written consent.,/ˈstɪpjʊleɪt/,C1,specify | require | prescribe | demand,waive | overlook | permit,መደንገግ | ግዴታ መጣል | በውል መወሰን
stoop,verb,To bend the head and torso forward and down; or to degrade oneself by descending to dishonorable or unfair behavior.,She refused to stoop to personal insults when defending her scientific thesis against aggressive critics.,/stuːp/,B2,bend | crouch | condescend | lower oneself,straighten | rise | elevate,ማጎንበስ | ማቀርቀር | ራሱን ዝቅ ማድረግ
stout,adj,"Somewhat fat, heavily built, and solidly proportioned; or demonstrating strong, steadfast courage and determination.",The ancient castle was defended by stout stone ramparts that withstood months of bombardment.,/staʊt/,B2,stocky | sturdy | robust | solid,frail | slender | flimsy | weak,ወፍራም | ደንዳና | ብርቱ | ጠንካራ
strait,noun,"A narrow maritime passage of water connecting two larger seas, oceans, or bodies of water.",The strategically vital strait serves as one of the busiest maritime shipping lanes in international commerce.,/streɪt/,B2,channel | sound | waterway | narrows,,የባሕር ሰላጤ | የውኃ መተላለፊያ
stranded,adj,"Left stuck in a distant or isolated location without the means to move, travel, or return home.",Dozens of stranded commuters sheltered in the train terminal when the violent blizzard halted all rail transport.,/ˈstrændɪd/,B2,marooned | isolated | abandoned | helpless,rescued | mobile | transit,የተሰናከለ | መውጫ ያጣ | ረዳት የሌለው
strangle,verb,"To kill or injure by squeezing or compressing the windpipe, preventing breathing; or to suppress the growth of something.",Excessive bureaucratic regulations threaten to strangle small innovative enterprises before they can turn a profit.,/ˈstræŋɡəl/,B2,choke | throttle | asphyxiate | suppress,liberate | unleash | free,ማነቅ | አንቆ መግደል | ማፈን
streamline,verb,"To modify a system, organization, or process to make it simpler, more efficient, and faster.",The hospital implemented digital check-in kiosks to streamline the patient registration process.,/ˈstriːmlaɪn/,C1,simplify | optimize | reorganize | modernize,complicate | encumber | obstruct,ቀልጣፋ ማድረግ | ማቅለል | ማስተካከል
stringent,adj,"Extremely strict, rigorous, and demanding tight compliance with set rules, standards, or fiscal conditions.",Pharmaceutical manufacturers must follow stringent safety inspections before releasing any medication to the public.,/ˈstrɪndʒənt/,C1,strict | rigorous | demanding | tight,lenient | lax | flexible,ጠበቅ ያለ | ጥብቅ | ጠንካራ
sturdy,adj,"Strong, soundly constructed, and capable of withstanding rough handling, physical stress, or harsh conditions.",Hikers in mountainous terrain need sturdy boots that provide good traction and solid ankle support.,/ˈstɜːrdi/,B2,robust | durable | solid | resilient,flimsy | fragile | weak,ጠንካራ | ደንዳና | የማይበላሽ
subdivide,verb,"To divide an area, entity, or piece of land into smaller constituent parts or sections.",The real estate firm plans to subdivide the historic estate into fifteen separate residential lots.,/ˌsʌbdɪˈvaɪd/,C1,partition | split | fragment | parcel,unite | consolidate | combine,መከፋፈል | ወደ ትናንሽ ክፍሎች መከፋፈል
subdue,verb,"To overcome, conquer, or bring under control through force, discipline, or quiet persuasion.",Riot police deployed water cannons to subdue the violent demonstrators and restore public order.,/səbˈduː/,C1,overpower | quell | suppress | conquer,provoke | incite | agitate,ማንበርከክ | መግራት | ማረጋጋት | ድል ማድረግ
submerge,verb,"To push, sink, or plunge completely under the surface of water or another liquid; or to engulf.",The flash floodwaters rose so rapidly that they completely submerged vehicles parked along the riverbank.,/səbˈmɜːrdʒ/,B2,immerse | plunge | sink | inundate,surface | emerge | float,ማጥለቅለቅ | በውኃ ውስጥ መክተት | መስመጥ
subside,verb,"To become less intense, severe, or loud; or for water or land to recede and sink to a lower level.","After the gale-force winds began to subside, villagers ventured outside to inspect damage to their roofs.",/səbˈsaɪd/,C1,abate | recede | diminish | lessen,intensify | escalate | surge | rise,መቀነስ | መብረድ | መርገብ | ወደ ታች መስመጥ
subsist,verb,"To maintain existence or survive, especially on minimal or barely adequate food and basic necessities.","During the long winter months, mountain herders subsist predominantly on preserved cheese and dried meat.",/səbˈsɪst/,C1,survive | live | endure | manage,perish | starve | succumb,በጥቂቱ መኖር | መቆየት | መተዳደር
subvert,verb,"To undermine the power, authority, or stability of an established system, institution, or belief system.",Corrupt officials sought to subvert the judicial process by bribing key witnesses and destroying records.,/səbˈvɜːrt/,C1,undermine | overturn | sabotage | destabilize,uphold | support | strengthen,መገልበጥ | ማፍረስ | ስር ነቀል ጉዳት ማድረስ
succumb,verb,"To surrender or yield under overwhelming pressure, illness, temptation, or force.","Weakened by weeks of high fever, the patient tragically succumbed to the virulent respiratory infection.",/səˈkʌm/,C1,yield | surrender | capitulate | collapse,resist | withstand | survive,ተሸንፎ መውደቅ | መሸነፍ | በበሽታ መሞት
suffice,verb,"To be adequate, satisfactory, or enough to meet a specified requirement, condition, or need.",A brief summary of your work history will suffice for the preliminary stage of the application.,/səˈfaɪs/,B2,serve | satisfy | do | be adequate,fall short | fail | lack,መብቃት | በቂ መሆን | ማርካት
surpass,verb,"To be greater, higher, or better than another in quality, degree, or achievement; to exceed.",The young athlete's stunning performance managed to surpass the world record set a decade earlier.,/sərˈpæs/,C1,exceed | outdo | eclipse | transcend,fall behind | trail | lag,መብለጥ | መሻማት | የላቀ መሆን
surreal,adj,"Marked by the intense irrational reality of a dream; bizarre, hallucinatory, or disorienting.",Strolling through the ancient underground catacombs by candlelight was an utterly surreal experience.,/səˈriːəl/,C1,bizarre | dreamlike | fantastical | strange,realistic | ordinary | conventional | normal,ህልም መሰል | ያልተለመደ | እጅግ አስገራሚ
swarm,noun,"A large, dense, moving mass of flying insects, bees, or other creatures, or a disorderly crowd of people.",A huge swarm of bees gathered near the hollow trunk of the old apple tree in the garden.,/swɔːrm/,B2,throng | flock | horde | mob,,መንጋ | ተምች | የነፍሳት መንጋ
swoop,verb,"To descend rapidly and gracefully through the air in a sudden, sweeping curve, especially to seize prey.",The hawk began to swoop down from its lofty perch to snatch a mouse running across the open field.,/swuːp/,B2,dive | pounce | descend | plummet,soar | ascend | climb,ተወንጭፎ መውረድ | ድንገት ማጥቃት | መንደርደር
syllable,noun,A unit of spoken language consisting of a single uninterrupted vowel sound with or without surrounding consonants.,The kindergarten teacher encouraged the children to clap their hands once for every syllable they spoke.,/ˈsɪləbəl/,B1,sound unit | phonological unit,,ክፍለ-ቃል | ቃላዊ ድምፅ
syndicate,noun,An association of persons or organizations formed to conduct a specific commercial enterprise or promote a common interest.,An international banking syndicate assembled the multi-billion-dollar loan required for the infrastructure project.,/ˈsɪndɪkət/,C1,consortium | alliance | cartel | coalition,,የንግድ ጥምረት | የጋራ ማህበር | ሲንዲኬት
synonym,noun,A word or expression that has the same or nearly the same meaning as another word in the same language.,The student consulted a thesaurus to find an appropriate synonym to avoid repeating the same adjective.,/ˈsɪnənɪm/,B2,equivalent | counterpart | metonym,antonym,ተመሳሳይ ቃል | ተለዋጭ ቃል
syrup,noun,"A thick, viscous, sweet liquid prepared by dissolving concentrated sugar in water, often flavored or medicated.",The pediatrician prescribed a sweet cough syrup to soothe the child's irritated throat.,/ˈsɪrəp/,B1,treacle | molasses | nectar,,ሽሮፕ | ጣፋጭ ፈሳሽ | ማር መሰል ፈሳሽ
tab,noun,"A small projecting flap, strip, or marker used for grasping, opening, or identification; or an unpaid commercial bill or account.",The user kept several research articles open in separate browser tabs for quick cross-referencing.,/tæb/,B2,tag | flap | marker | label,,መለያ ምልክት | መክፈቻ | ትርዒት | የሒሳብ ሰሌዳ
taboo,noun,"A social, religious, or cultural prohibition or restriction placed on a particular practice, topic, or behavior.","In many societies, discussing personal financial matters openly remains a cultural taboo.",/təˈbuː/,B2,prohibition | ban | interdiction | restriction,permission | acceptance | sanction,እርም | ጽያፍ | ክልክል ነገር | የተከለከለ ልማድ
tally,noun,"A running count, record, or calculated total of points, scores, votes, or items.",The election committee kept an accurate tally of all the ballots cast throughout the day.,/ˈtæli/,B2,count | record | score | total,,ቆጠራ | ድምር | የቁጥር መዝገብ | የነጥብ ድምር
tanker,noun,"A large ship, truck, or aircraft designed to transport large quantities of liquids or gases in bulk, especially petroleum.",The massive oil tanker sailed carefully through the narrow strait to deliver crude oil to the refinery.,/ˈtæŋkər/,B2,tank ship | oiler | freight tanker | fuel carrier,,የነዳጅ መርከብ | ቦቴ መኪና | ፈሳሽ ጫኝ መኪና | ታንከር
tart,adj,"Having a sharp, pleasantly sour, or acidic taste; or characterized by a sharp, cutting tone or manner.",The freshly squeezed lemon juice gave the salad dressing a delightful tart flavor.,/tɑːrt/,C1,sour | tangy | acidic | sharp,sweet | mellow | bland,ኮምጣጣ | መራራ | ቆጥቋጭ
tattoo,noun,A permanent design or mark made on the body by inserting indelible pigment into the skin with needles.,She decided to get a small floral tattoo etched on her wrist to commemorate the occasion.,/tæˈtuː/,B1,body art | skin marking | ink,,ንቅሳት | ንቅሳት ማስነሳት
taunt,verb,"To provoke, mock, or tease someone with insulting, sarcastic, or contemptuous remarks.",Rival fans began to taunt the visiting team whenever they made an error on the field.,/tɔːnt/,C1,mock | jeer | ridicule | provoke,praise | compliment | flatter,ማፌዝ | መሳለቅ | ማበሳጨት | ማላገጥ
tavern,noun,"An establishment licensed to sell alcoholic beverages and food to the public, traditionally also offering lodging to travelers.",The weary travelers stopped at the village tavern to enjoy a hearty meal and a warm fire.,/ˈtævərn/,B2,pub | inn | alehouse | bar,,መጠጥ ቤት | ግሮሰሪ | ማረፊያ ቤት
terminology,noun,"The specialized words, phrases, or terms used in a particular science, art, profession, or subject.",Medical students must become fluent in complex anatomical terminology during their preclinical training.,/ˌtɜːrməˈnɑːlədʒi/,C1,nomenclature | jargon | vocabulary | phraseology,,የሙያ ቃላት | ቃላተ-መጠይቅ | የቃላት አገባብ | ቴክኒካዊ ቃላት
theologian,noun,"A scholar or person who is an expert in the study of religious faith, doctrine, practice, and the nature of the divine.",The prominent theologian delivered an insightful lecture on Christian ethics in the modern world.,/ˌθiːəˈloʊdʒən/,C1,religious scholar | divine | church scholar,,የነገረ-መለኮት ምሁር | የሃይማኖት ሊቅ
thorn,noun,"A stiff, sharp-pointed woody projection on the stem or branch of a plant, or figuratively a source of irritation.",He pricked his finger on a sharp thorn while pruning the rose bushes in the garden.,/θɔːrn/,B2,prickle | spike | spine | barb,,እሾህ | ኮረንቾ | እንቅፋት
thrash,verb,"To strike or beat repeatedly and violently, or to move or stir about wildly and restlessly; to defeat decisively.",The frustrated swimmer thrashed about in the water as he struggled against the powerful current.,/θræʃ/,C1,beat | flog | batter | flail,,መደብደብ | መግረፍ | መንፈራገጥ | ድል መንሳት
throb,verb,"To beat, pulsate, or vibrate with a strong regular rhythm, or to ache with a pulsating pain.",Her head began to throb with intense pain after staring at the computer screen for eight straight hours.,/θrɑːb/,C1,pulsate | pound | palpitate | ache,,መምታት | መርገብገብ | መውጋት | መቁሰልቁሰል
thwart,verb,"To prevent someone from accomplishing something, or to frustrate and defeat a plan, effort, or ambition.",Vigilant security forces managed to thwart a dangerous attempt to breach the border fence.,/θwɔːrt/,C1,foil | frustrate | impede | obstruct,facilitate | assist | aid | encourage,ማክሸፍ | ማሰናከል | ማደናቀፍ | ከንቱ ማድረግ
tickle,verb,"To touch or stroke a sensitive part of the body lightly so as to provoke laughter, twitching, or tingling sensations.","The mother playfully tickled the baby's toes, making the child giggle with joy.",/ˈtɪkəl/,B2,titillate | stroke | itch,,ማኮርኮር | መኮርኮር | ማሳከክ
tier,noun,"One of a series of rows or layers placed one above another, or a rank in an organized hierarchy.",The grand stadium features three tiers of seating that accommodate more than fifty thousand spectators.,/tɪər/,B2,level | rank | layer | echelon,,ደረጃ | እርከን | ክፍል | ተርታ
topple,verb,"To become unsteady and fall down, or to cause an established government, leader, or structure to collapse.",Violent gale-force winds threatened to topple large trees and power lines across the coastal city.,/ˈtɑːpəl/,C1,overturn | overthrow | collapse | bring down,erect | stabilize | restore,መገልበጥ | መጣል | መውደቅ | ከሥልጣን ማውረድ
torque,noun,A twisting or rotational force that tends to produce rotation or torsion around an axis.,"The electric truck produces instantaneous torque, allowing it to pull heavy trailers effortlessly.",/tɔːrk/,C1,rotational force | twisting force | torsion,,የመጠምዘዝ ኃይል | ቶርክ | ዙሪያዊ ኃይል
tout,verb,"To praise energetically, publicize, or promote someone or something as being extraordinarily good or valuable.",Industry analysts touted the new pharmaceutical treatment as a historic breakthrough in oncology.,/taʊt/,C1,praise | promote | trumpet | herald,disparage | criticize | decry | denounce,ማወደስ | ማስተዋወቅ | ማሞገስ | አክብሮ ማውራት
toxin,noun,"A poisonous substance produced within the cells of living organisms, or a harmful poison that induces disease.",Certain species of poisonous mushrooms release a lethal toxin that can cause rapid liver failure.,/ˈtɑːksɪn/,C1,poison | venom | contaminant | toxicant,antidote | antitoxin,መርዝ | መርዛማ ንጥረ ነገር | መርዛም ኬሚካል
trafficked,verb,"Dealt or traded illicitly in contraband goods, or illegally transported individuals for forced labor or exploitation; past tense and past participle of traffic.",The international syndicate trafficked counterfeit goods and protected wildlife through covert sea routes.,/ˈtræfɪkt/,C1,smuggled | traded illicitly | dealt illegally | peddled,,በህገወጥ መንገድ አዘዋወረ | ህገወጥ ንግድ አካሄደ | አሻገረ
transcribe,verb,"To produce a written or printed copy of spoken words, audio recordings, or handwritten notes.",The stenographer had to transcribe every witness statement accurately during the high-profile court case.,/trænˈskraɪb/,C1,record | write down | note down | reproduce,,መገልበጥ | በጽሑፍ ማስተላለፍ | መቅዳት | ድምጽን ወደ ጽሑፍ መቀየር
transient,adj,"Lasting only for a brief period of time; fleeting, impermanent, or staying only briefly in one place.","Her temporary disappointment was transient, soon replaced by optimism when the new opportunity emerged.",/ˈtrænziənt/,C1,temporary | fleeting | ephemeral | momentary,permanent | enduring | perpetual | lasting,ጊዜያዊ | ኃላፊ | ጠፊ | አላፊ አግዳሚ
trash,noun,"Discarded waste material, garbage, or refuse; or items and cultural work regarded as cheap and worthless.",Volunteers collected plastic bags and other trash scattered along the community hiking trail.,/træʃ/,B1,garbage | rubbish | waste | refuse,,ቆሻሻ | ውዳቂ | ጥራጊ
traverse,verb,"To travel across, over, or through an extensive area, region, or physical barrier.",The courageous mountaineers set out to traverse the treacherous glacial ridge before sunset.,/trəˈvɜːrs/,C1,cross | pass through | journey across | navigate,,ማቋረጥ | መሻገር | ማለፍ | መዘዋወር
treachery,noun,"A deceitful violation of faith or trust, or an act of betrayal against one's country or companions.",The rebellious officer was charged with treason and treachery after collaborating secretly with foreign enemies.,/ˈtrɛtʃəri/,C1,betrayal | perfidy | disloyalty | treason,loyalty | fidelity | allegiance | faithfulness,ከዳተኝነት | ክህደት | ተንኮል | አታላይነት
trek,noun,"A long, arduous, and challenging journey, especially one undertaken on foot across difficult terrain.",The adventurous travelers completed an exhausting two-week trek across the high mountain passes.,/trɛk/,B2,hike | expedition | arduous journey | march,,አድካሚ ጉዞ | የእግር ጉዞ | ረጅም ጉዞ
tribune,noun,"An official chosen to champion the rights of ordinary people, or a passionate defender of the public interest.","Throughout his political career, he acted as a fearless tribune for underprivileged rural communities.",/ˈtrɪbjuːn/,C2,champion | defender | advocate | protector,,የሕዝብ ተሟጋች | ተከላካይ | መሪ | ባለሥልጣን
trinity,noun,"A group consisting of three persons, things, or principles, especially the Christian doctrine of God as Father, Son, and Holy Spirit.",The theological symposium explored early church doctrine concerning the nature of the Holy Trinity.,/ˈtrɪnəti/,C1,triad | trio | triumvirate | threesome,,ሥላሴ | ቅድስት ሥላሴ | የሦስትዮሽ አንድነት
trolley,noun,"A wheeled basket or cart pushed by hand to transport goods or luggage, or an electric streetcar running on rails.",She loaded all her heavy bags onto an airport trolley before heading to the customs checkpoint.,/ˈtrɑːli/,B1,cart | handcart | luggage cart | streetcar,,የትሮሊ ጋሪ | ጋሪ | የሻንጣ መግፊያ
trump,verb,"To surpass, override, or outdo an opponent or competing interest by exercising superior power or quality.","In times of national crisis, considerations of public safety often trump economic concerns.",/trʌmp/,C1,outdo | surpass | supersede | override,succumb | yield | lose to,መብለጥ | ማሸነፍ | መርታት | ማስከበር
tsar,noun,"An emperor or sovereign ruler of imperial Russia, or an official assigned ultimate administrative authority over a specific public issue.",Peter the Great was an influential Russian tsar who modernized the empire and built St. Petersburg.,/zɑːr/,C1,czar | emperor | monarch | sovereign,,ፃር | ንጉሠ ነገሥት | ገዢ
tuberculosis,noun,"An infectious disease caused by Mycobacterium tuberculosis, primarily affecting the lungs and characterized by cough and fever.",Public health agencies distributed essential antibiotics to contain the spread of pulmonary tuberculosis.,/tuːˌbɜːrkjəˈloʊsɪs/,B2,TB | consumption | phthisis,,የሳንባ ነቀርሳ | ቲቢ
tuition,noun,"The fee charged for teaching or instructional services at a private school, college, or university.",She applied for an academic scholarship to help cover the rising cost of college tuition.,/tuːˈɪʃən/,B1,instruction | schooling | teaching | education fee,,የትምህርት ክፍያ | የማስተማር አገልግሎት | ትምህርት
tuna,noun,"A large, warm-blooded predatory saltwater fish of the mackerel family, prized globally as a commercial food fish.",Fresh yellowfin tuna was sliced into delicate sashimi and served at the seafood restaurant.,/ˈtuːnə/,B1,tunny | albacore | bluefin,,ቱና | የቱና ዓሣ
turbine,noun,"A machine that converts the kinetic energy of a moving fluid, steam, or gas into continuous mechanical energy via rotating blades.",Huge wind turbines installed on the windy hillside generate renewable electricity for thousands of homes.,/ˈtɜːrbaɪn/,B2,generator | motor | rotor | engine,,ተርባይን | የኃይል አመንጪ መንኰራኵር
turmoil,noun,"A state of great commotion, confusion, uncertainty, or violent social and emotional disturbance.",The sudden currency collapse threw the financial markets and banking sector into complete turmoil.,/ˈtɜːrmɔɪl/,C1,chaos | confusion | upheaval | disorder,calm | peace | tranquility | order,ሁከት | ብጥብጥ | መታወክ | ምስቅልቅል
twilight,noun,"The soft diffused light from the sky between sunset and full night, or an evening period preceding darkness.",The silhouette of the mountain range stood out sharply against the vibrant colors of the twilight sky.,/ˈtwaɪlaɪt/,B2,dusk | nightfall | sunset | gloaming,dawn | daybreak | sunrise,ጭላንጭል | ጀንበር ስትጠልቅ ያለው ብርሃን | ሠርከ ምሽት | ምሽት
twine,noun,Strong thread or light cord made of two or more thinner strands twisted tightly together.,The farmer tied the bundles of freshly cut hay with thick lengths of biodegradable twine.,/twaɪn/,C1,string | cord | yarn | thread,,ገመድ | ስስ ገመድ | ክር
twofold,adj,"Having two parts, aspects, or elements, or twice as great in size, number, or quantity.",The strategy has a twofold purpose: lowering production costs and improving product durability.,/ˈtuːfoʊld/,C1,dual | double | binary | twice over,single,ድርብ | ሁለት እጥፍ | ባለ ሁለት ክፍል
typewrite,verb,"To produce written documents, letters, or text by operating a manual or electric typewriter.","Decades ago, legal clerks had to typewrite every official court brief on specialized heavy parchment.",/ˈtaɪpraɪt/,C2,type | key in | keystroke | print,,በጽሕፈት መኪና መጻፍ | መተየብ
ultraviolet,adj,Relating to or denoting electromagnetic radiation having a wavelength shorter than visible violet light but longer than X-rays.,Specialized sunglasses block harmful ultraviolet rays from damaging delicate retinal tissue.,/ˌʌltrəˈvaɪələt/,B2,UV | actinic,,አልትራቫዮሌት | ከአልትራቫዮሌት ጨረር ጋር የተያያዘ
umpire,noun,"An official appointed to supervise the play and enforce rules in sports competitions, such as cricket, tennis, or baseball.",The baseline umpire signaled that the tennis ball had landed well outside the boundary court.,/ˈʌmpaɪər/,B2,referee | arbitrator | adjudicator | judge,,ዳኛ | የግጥሚያ ዳኛ | አስታራቂ
underpin,verb,"To support, substantiate, or strengthen a theory, argument, or structure by providing a solid foundation.",Rigorous empirical research must underpin any new public policy implemented by the department.,/ˌʌndərˈpɪn/,C1,support | bolster | reinforce | substantiate,undermine | weaken | subvert,መደገፍ | ማጠናከር | መሰረት መጣል | ማጽናት
understate,verb,"To represent or describe something as smaller, less severe, or of less consequence than it really is.",The minister attempted to understate the economic impact of the sudden trade embargo.,/ˌʌndərˈsteɪt/,C1,downplay | minimize | play down | soft-pedal,overstate | exaggerate | amplify | magnify,አሳንሶ መግለጽ | ማቃለል | አሳንሶ ማየት
underway,adj,Having commenced and currently progressing or happening; or in motion through the water.,Preparations for the annual cultural festival are already underway across all ten administrative districts.,/ˌʌndərˈweɪ/,B2,ongoing | in progress | proceeding | advancing,halted | stopped | terminated | suspended,በሂደት ላይ ያለ | የተጀመረ | በመካሄድ ላይ ያለ
underwrite,verb,"To accept financial responsibility for commercial risk under an insurance contract, or to guarantee financial support for an undertaking.",A syndicate of major investment banks agreed to underwrite the corporation's initial public offering.,/ˌʌndərˈraɪt/,C1,guarantee | insure | sponsor | finance,renege | default | repudiate,ዋስትና መስጠት | መድን መስጠት | የገንዘብ ድጋፍ ማድረግ
unilateral,adj,"Undertaken, performed by, or affecting only one party, nation, or group without the agreement of others.",The president's unilateral decision to impose new import tariffs sparked strong diplomatic objections.,/ˌjuːnɪˈlætərəl/,C1,one-sided | independent | autonomous | unreciprocated,bilateral | multilateral | mutual | reciprocal,አንድ ወገን | የአንድ ወገን ብቻ | ከአንድ ወገን የተወሰነ
unison,noun,"Coincidence in pitch of two or more musical tones, or simultaneous collective action and complete agreement.","The congregation recited the ancient prayer in unison, their voices filling the sacred hall.",/ˈjuːnɪsən/,C1,harmony | accord | agreement | consensus,discord | discordance | dissension,አንድነት | በአንድ ድምፅ | ህብረት | ስምምነት
unravel,verb,"To separate or disentangle woven threads, or to solve, clarify, or explain a mystery or complex situation.",Forensic accountants worked tirelessly to unravel the company's tangled web of offshore transactions.,/ʌnˈrævəl/,C1,untangle | disentangle | resolve | decipher,entangle | complicate | tangle,መፍታት | ማጋለጥ | መበተን | ምስጢር ማውጣት
unrest,noun,"A state of political or social disturbance, dissatisfaction, and agitation involving protests or civil disorder.",Economic hardship and fuel shortages sparked widespread social unrest across several metropolitan regions.,/ʌnˈrɛst/,C1,turmoil | agitation | rebellion | discontent,peace | calm | order | serenity,መረበሽ | ብጥብጥ | አለመረጋጋት | ሁከት
unsettle,verb,"To make someone feel anxious, uneasy, or confused; to disrupt the normal state or stability of something.",The sudden change in leadership served to unsettle the employees throughout the company.,/ʌnˈsɛtl/,C1,disconcert | disquiet | disturb | unnerve,calm | soothe | reassure | settle,ማወክ | ማረጋጋት ማጣት | ማሸበር | መረበሽ
upheaval,noun,"A violent or sudden change, disruption, or turmoil that causes great confusion or distress.",The sudden economic crisis caused widespread political and social upheaval across the nation.,/ʌpˈhiːvəl/,C1,turmoil | disruption | convulsion | disorder,stability | peace | tranquility,መናወጥ | ሁከት | ትርምስ | ብጥብጥ
uprising,noun,"An act of popular rebellion against an authority, ruling government, or occupying force.",Citizens took to the streets in a massive uprising against the tyrannical regime.,/ˈʌpˌraɪzɪŋ/,B2,rebellion | revolt | insurrection | mutiny,submission | obedience | suppression,ማመፅ | አመፅ | ውጊያ | ተቃውሞ
uranium,noun,"A heavy, silvery-white, dense radioactive metallic chemical element with atomic number 92, used as fuel in nuclear reactors and weapons.",Enriched uranium is used as fuel in commercial nuclear power plants to produce electricity.,/jʊˈreɪniəm/,B2,radioactive element | heavy metal,,ዩራኒየም
vacancy,noun,"An unoccupied position, job, room, or space available for use.",The company advertised a vacancy in their marketing department for a senior graphic designer.,/ˈveɪkənsi/,B1,opening | job opening | emptiness | void,occupancy | fullness,ክፍት የሥራ ቦታ | ክፍት ቦታ | ባዶ ቦታ
vaccinate,verb,To administer a vaccine to a person or animal to produce immunity against an infectious disease.,Health workers visited rural clinics to vaccinate children against polio and measles.,/ˈvæksɪneɪt/,B1,immunize | inoculate | jab | inject,,መከተብ | ክትባት መስጠት
vagina,noun,The muscular canal extending from the external female genitalia to the cervix of the uterus in female mammals.,"The medical textbook illustrated the anatomy of the female reproductive system, including the vagina.",/vəˈdʒaɪnə/,B2,birth canal,,የሴት ብልት | እምስ
vain,adj,"Having or showing an excessively high opinion of one's appearance, abilities, or worth; also, producing no result or useless.",He made a vain attempt to rescue his luggage from the sinking boat before giving up.,/veɪn/,B2,conceited | egotistical | futile | fruitless,humble | modest | fruitful | productive,ትዕቢተኛ | ከንቱ | ከንቱ የሆነ
vandal,noun,A person who deliberately damages or destroys public or private property.,The park benches and statues were defaced overnight by an unknown vandal.,/ˈvændəl/,B2,defacer | destroyer | saboteur | hooligan,preserver | protector | builder,አውዳሚ | አጥፊ | ንብረት አውዳሚ
vanity,noun,"Excessive pride in or admiration of one's own appearance, achievements, or importance; also, the quality of being worthless or futile.",His obsession with mirror selfies was driven entirely by personal vanity.,/ˈvænɪti/,B2,conceit | narcissism | arrogance | pride,modesty | humility,ትምክህት | ከንቱ ውዳሴ | ከንቱነት | ኩራት
vapour,noun,"A substance in the form of gas or tiny droplets suspended in the air, especially one condensed from a liquid.",Dense water vapour rose from the surface of the hot thermal spring.,/ˈveɪpər/,B2,steam | mist | haze | fumes,,እንፋሎት | ጢስ | ጉም
vault,noun,"A secure room or compartment designed for the storage and safekeeping of valuables, or an arched masonry structure forming a ceiling or roof.",The bank guards locked the gold bars inside an underground steel vault.,/vɔːlt/,B2,safe | depository | strongroom | crypt,,የገንዘብ ማስቀመጫ ክፍል | ካዝና | ቅስት
vector,noun,"A quantity having direction as well as magnitude, or an organism that transmits a disease or parasite from one host to another.",Mosquitoes act as the primary vector for transmitting malaria in tropical regions.,/ˈvɛktər/,C1,carrier | transmitter | conduit,,ቬክተር | በሽታ አስተላላፊ | አቅጣጫ አመልካች
vibrant,adj,"Full of energy, enthusiasm, and life; or bright, striking, and vivid in color.","The festival filled the city streets with vibrant music, dancing, and colorful banners.",/ˈvaɪbrənt/,B2,lively | energetic | vivid | dynamic,dull | lifeless | drab | sluggish,ህያው | ደማቅ | የደመቀ | ተንቀሳቃሽ
vicinity,noun,The area near or surrounding a particular place; closeness in space or proximity.,There are several good restaurants and cafes in the immediate vicinity of the hotel.,/vɪˈsɪnɪti/,B2,surroundings | proximity | neighborhood | locality,distance | remoteness,አካባቢ | አቅራቢያ | ዙሪያ
villain,noun,"A wicked or evil character in a story, play, or film, or a person guilty of criminal or malicious actions.","The comic book superhero spent decades fighting against his arch nemesis, the villain.",/ˈvɪlən/,B1,antagonist | rogue | scoundrel | malefactor,hero | protagonist | benefactor,ክፉ ገፀ ባህሪ | ወንጀለኛ | ጨካኝ ሰው | ተንኮለኛ
vitality,noun,"The state of being strong, active, energetic, and full of life.",Regular physical exercise and healthy nutrition help maintain youthful vitality well into old age.,/vaɪˈtæləti/,C1,vigor | energy | liveliness | stamina,lethargy | exhaustion | sluggishness | languor,ህያውነት | ብርታት | ጉልበት | ንቃት
vomit,verb,To eject matter from the stomach involuntarily through the mouth.,The contaminated food caused several wedding guests to vomit during the night.,/ˈvɒmɪt/,B1,throw up | puke | regurgitate | retch,,ማስመለስ | ማስታወክ
wade,verb,"To walk through water, mud, or another liquid that impedes normal movement.",The hikers had to wade across the shallow river because the bridge had washed away.,/weɪd/,B2,paddle | trudge | splash | slog,,ውሃ ረግጦ መሻገር | ጭቃ ውስጥ መራመድ
waive,verb,"To refrain from claiming or insisting upon a right, claim, or rule voluntarily.",The university agreed to waive the application fee for low-income international students.,/weɪv/,C1,relinquish | surrender | forgo | renounce,claim | enforce | demand | assert,መተው | ይቅር ማለት | መተዉን ማወጅ | አለመቀበል
walnut,noun,"An edible wrinkly kernel enclosed in a hard rounded shell, produced by trees of the genus Juglans.",She chopped fresh walnut kernels and sprinkled them over the green salad.,/ˈwɔːlnʌt/,B2,nut | tree nut,,ዋልናት | ዋልነት | የለውዝ ዓይነት
wane,verb,"To decrease gradually in size, extent, or degree; to dwindle or decline.",Public enthusiasm for the new policy began to wane as taxes continued to rise.,/weɪn/,C1,diminish | decline | dwindle | subside,wax | grow | increase | surge,መቀነስ | ማሽቆልቆል | ማነስ | መክሳት
warden,noun,"A person responsible for the supervision, care, or enforcement of regulations in a prison, park, or other institution.",The prison warden inspected the correctional facility to ensure high security standards were maintained.,/ˈwɔːrdn/,B2,superintendent | keeper | guardian | overseer,,ጠባቂ | ኃላፊ | የበላይ ተቆጣጣሪ | የወህኒ ቤት ኃላፊ
warp,verb,"To bend, twist, or curve out of shape as a result of heat, dampness, or strain; to distort or bias.",Excess moisture caused the untreated wooden boards on the deck to warp.,/wɔːrp/,C1,distort | twist | deform | bend,straighten | align,መጠምዘዝ | መጣመም | ማዛባት | መጎበጥ
warranty,noun,A written guarantee from a manufacturer promising to repair or replace an article if it proves defective within a specified period.,The new laptop comes with a two-year manufacturer warranty covering hardware defects.,/ˈwɔːrənti/,B1,guarantee | assurance | covenant | pledge,,ዋስትና | የዋስትና ሰነድ | ዋስትና መስጫ
wasp,noun,"A winged stinging insect with a slender body and narrow waist, related to bees and ants.","A yellow wasp buzzed aggressively around our picnic table, attracted by the sweet lemonade.",/wɒsp/,B1,hornet | stinging insect,,ተርብ
waver,verb,"To shake with a quivering motion, or to become unsteady, indecisive, or hesitant between different choices.",His voice did not waver once as he courageously stood before the judges to speak the truth.,/ˈweɪvər/,C1,hesitate | vacillate | falter | fluctuate,persevere | resolve | remain firm,ማመንታት | መወላወል | መንቀጥቀጥ | መናወጥ
whine,verb,"To make a high-pitched, prolonged, complaining cry or sound; to complain in an annoying, petulant manner.",The spoiled child began to whine when his parents refused to buy him another toy.,/waɪn/,B2,whimper | complain | grumble | moan,praise | rejoice,ማጉረምረም | ማልቀስ | ማላዘን
whirl,verb,To turn or cause to turn around rapidly in circles; to spin or rotate quickly.,Wind caused autumn leaves to whirl around the courtyard in dizzying spirals.,/wɜːrl/,B2,spin | twirl | rotate | revolve,stand still | freeze,መሽከርከር | ማሽከርከር | መዞር
whore,noun,A derogatory or offensive term for a prostitute; a person who engages in sexual intercourse for payment.,"The novel portrayed the harsh, marginalized realities endured by a street whore in nineteenth-century London.",/hɔːr/,C2,prostitute | harlot | call girl | sex worker,,ሸርሙጣ | ሴተኛ አዳሪ
wield,verb,"To hold and use a weapon, tool, or instrument skillfully; also, to exercise power, influence, or authority.",The prime minister wielded immense authority within the ruling parliamentary coalition.,/wiːld/,C1,exercise | exert | brandish | handle,,መያዝ | መጠቀም | ስልጣን መጠቀም | ማወናጨፍ
wig,noun,"An artificial head of hair worn by a person to conceal baldness, as part of a costume, or in theatrical performances.",The actor wore an ornate white wig for his role as an eighteenth-century judge.,/wɪɡ/,B1,hairpiece | toupee | periwig,,ሰው ሰራሽ ፀጉር | ዊግ
willow,noun,"A tree or shrub of the genus Salix with narrow leaves and flexible branches, typically growing near water.",The graceful branches of the weeping willow dipped gently into the calm pond.,/ˈwɪloʊ/,B2,willow tree | weeping willow,,ዊሎው ዛፍ | የዊሎው ዛፍ
wince,verb,"To give a slight involuntary grimace or shrinking movement of the body out of pain, distress, or embarrassment.",He could not help but wince in pain when the doctor cleaned his scraped knee.,/wɪns/,C1,flinch | cower | grimace | recoil,smile | beam,ከህመም የተነሳ ፊትን ማጨፍገግ | መሸሽ | መንዘር
wither,verb,"To become dry and shriveled; to fade, decay, or lose vitality or freshness.","Without adequate rainfall, the vibrant flowers in the garden began to wither and die.",/ˈwɪðər/,B2,shrivel | wilt | droop | dry up,thrive | bloom | flourish,መድረቅ | መክሰም | መርገፍ | መጠውለግ
withstand,verb,"To remain undamaged or unaffected by; to resist or hold out successfully against pressure, attack, or hardship.",The reinforced concrete building was engineered to withstand severe earthquake tremors.,/wɪðˈstænd/,B2,resist | endure | bear | tolerate,succumb | yield | surrender,መቋቋም | መበርታት | መከላከል
wobble,verb,"To move unsteadily from side to side; to shake or teeter in a shaky, unstable manner.",The antique dining chair started to wobble after one of its legs became loose.,/ˈwɒbl/,B2,teeter | sway | totter | stagger,stabilize | steady,መንገዳገድ | መወዛወዝ | መንቀጥቀጥ | መዋልለል
woe,noun,"Great sorrow, grief, distress, or misfortune.","The war brought immense heartbreak, poverty, and woe upon thousands of innocent families.",/woʊ/,C1,sorrow | misery | distress | affliction,joy | happiness | bliss,መከራ | ሀዘን | ጭንቀት | ስቃይ
woo,verb,"To seek the affection, love, or marriage of someone; or to try to gain the support, favor, or business of someone.",Both political parties launched campaigns to woo undecided voters before the general election.,/wuː/,C1,court | pursue | charm | entice,repel | rebuff | alienate,ማግባባት | ፍቅር መጠየቅ | መደለል | ይሁንታን መሻት
wrench,verb,"To pull, twist, or strain something suddenly and violently away from its position; or to injure a joint by sudden twisting.","The thief tried to wrench the purse violently out of her hands, but she held on tight.",/rɛntʃ/,B2,yank | twist | wrest | jerk,,መጠምዘዝ | በኃይል መንጠቅ | ማወላለቅ
wretch,noun,"An unfortunate, unhappy, or pitiable person; or a despicable, contemptible person.","The freezing, homeless wretch huddled in the doorway seeking warmth against the winter wind.",/rɛtʃ/,C1,poor soul | outcast | rascal | rogue,,ምስኪን | ምስኪን ሰው | ጉስቁልና ላይ የወደቀ ሰው | ከንቱ ሰው
wry,adj,"Using or expressing dry, especially mocking, humor; or twisted into an expression of disgust, disappointment, or amusement.",He gave a wry smile upon realizing he had locked his car keys inside the vehicle.,/raɪ/,C1,ironic | sarcastic | sardonic | dry,straightforward | sincere | humorless,ተሳላቂ | አሽሙረኛ | የተጣመመ
yank,verb,"To pull, jerk, or snatch something with a sudden, forceful, sharp movement.",He had to yank the stubborn drawer repeatedly before it finally came open.,/jæŋk/,B2,jerk | pull | tug | wrench,push | shove,መንጠቅ | መጎተት | በኃይል መሳብ
yarn,noun,"Spun thread used for knitting, weaving, or sewing; or an informal, long, entertaining story or tall tale.",The old sailor gathered the neighborhood children and spun an adventurous yarn about pirates.,/jɑːrn/,B2,thread | spun wool | tale | story,,የፈተለ ክር | ክር | ተረት | ወሬ
yawn,verb,"To involuntarily open one's mouth wide and inhale deeply due to tiredness, fatigue, or boredom.","Tired after a sleepless night studying, the student could not help but yawn throughout the morning lecture.",/jɔːn/,B1,gape | open wide,,ማዛጋት
yearn,verb,"To have an intense, heartfelt feeling of longing, craving, or desire for something or someone.",Immigrants living abroad often yearn deeply for the familiar sights and sounds of their homeland.,/jɜːrn/,B2,long | crave | pine | hanker,loathe | despise | recoil,መጓጓት | መናፈቅ | መመኘት | መጓጎት
yeast,noun,A microscopic single-celled fungus used in baking and brewing to produce carbon dioxide and alcohol through fermentation.,Bakers add yeast and warm water to flour to make the bread dough rise properly.,/jiːst/,B2,leaven | ferment | barm,,እርሾ
yen,noun,The basic monetary unit of Japan; or an informal strong craving or desire for something.,She exchanged her euros for Japanese yen before departing on her trip to Tokyo.,/jɛn/,B2,Japanese currency | craving | yearning | urge,,የን | የጃፓን ገንዘብ | ከፍተኛ ፍላጎት
zeal,noun,"Great energy, passion, or enthusiasm in pursuit of a cause, goal, or objective.",The young volunteers pursued environmental conservation projects with relentless zeal.,/ziːl/,C1,passion | fervor | ardor | enthusiasm,apathy | indifference | lethargy,ቅንዓት | ታላቅ ጉጉት | ስሜት | ትጋት
zoom,verb,To move or travel very quickly with a humming or roaring sound; or to change smoothly from a long shot to a close-up with a camera lens.,Fast sports cars zoomed past the cheering spectators along the race track.,/zuːm/,B2,speed | rush | whiz | dart,crawl | creep | dawdle,መንደርደር | በፍጥነት መሮጥ | ማጉላት
